# Blender 5.1.2
# www.blender.org
o Alex
v -0.400000 1.200000 0.200000
v 0.400000 1.200000 0.200000
v -0.400000 1.200000 -0.200000
v 0.400000 1.200000 -0.200000
v -0.400000 2.400000 0.200000
v 0.400000 2.400000 0.200000
v -0.400000 2.400000 -0.200000
v 0.400000 2.400000 -0.200000
v -0.425001 1.175001 0.225000
v 0.425001 1.175001 0.225000
v -0.425001 1.175001 -0.225000
v 0.425001 1.175001 -0.225000
v -0.425001 2.425001 0.225000
v 0.425001 2.425001 0.225000
v -0.425001 2.425001 -0.225000
v 0.425001 2.425001 -0.225000
v -0.700000 1.200000 0.200000
v -0.400000 1.200000 0.200000
v -0.700000 1.200000 -0.200000
v -0.400000 1.200000 -0.200000
v -0.700000 2.400000 0.200000
v -0.400000 2.400000 0.200000
v -0.700000 2.400000 -0.200000
v -0.400000 2.400000 -0.200000
v -0.721278 1.178725 0.221277
v -0.378724 1.178725 0.221277
v -0.721278 1.178725 -0.221277
v -0.378724 1.178725 -0.221276
v -0.721278 2.421279 0.221277
v -0.378724 2.421279 0.221277
v -0.721278 2.421279 -0.221276
v -0.378724 2.421279 -0.221276
v 0.400000 1.200000 0.200000
v 0.700000 1.200000 0.200000
v 0.400000 1.200000 -0.200000
v 0.700000 1.200000 -0.200000
v 0.400000 2.400000 0.200000
v 0.700000 2.400000 0.200000
v 0.400000 2.400000 -0.200000
v 0.700000 2.400000 -0.200000
v 0.378725 1.178725 0.221277
v 0.721278 1.178725 0.221277
v 0.378725 1.178725 -0.221276
v 0.721278 1.178725 -0.221276
v 0.378725 2.421278 0.221277
v 0.721278 2.421278 0.221277
v 0.378725 2.421278 -0.221276
v 0.721278 2.421278 -0.221276
v 0.000000 0.000000 0.200000
v 0.400000 0.000000 0.200000
v 0.000000 0.000000 -0.200000
v 0.400000 0.000000 -0.200000
v 0.400000 1.200000 0.200000
v 0.000000 1.200000 -0.200000
v -0.025000 -0.025000 0.225000
v 0.425001 -0.025000 0.225000
v -0.025000 -0.025000 -0.225000
v 0.425001 -0.025000 -0.225000
v -0.025000 1.225000 0.225000
v 0.425001 1.225000 0.225000
v -0.025000 1.225000 -0.225000
v 0.425001 1.225000 -0.225000
v -0.400000 0.000000 0.200000
v 0.000000 0.000000 0.200000
v -0.400000 0.000000 -0.200000
v 0.000000 0.000000 -0.200000
v -0.400000 1.200000 0.200000
v 0.000000 1.200000 0.200000
v -0.400000 1.200000 -0.200000
v 0.000000 1.200000 -0.200000
v -0.425000 -0.025000 0.225000
v 0.025001 -0.025000 0.225000
v -0.425000 -0.025000 -0.225000
v 0.025001 -0.025000 -0.225000
v -0.425000 1.225000 0.225000
v 0.025001 1.225000 0.225000
v -0.425000 1.225000 -0.225000
v 0.025001 1.225000 -0.225000
v -0.400000 2.400000 0.400000
v 0.400000 2.400000 0.400000
v -0.400000 2.400000 -0.400000
v 0.400000 2.400000 -0.400000
v -0.400000 3.200000 0.400000
v 0.400000 3.200000 0.400000
v -0.400000 3.200000 -0.400000
v 0.400000 3.200000 -0.400000
v -0.425000 2.375000 0.425000
v 0.425001 2.375000 0.425000
v -0.425000 2.375000 -0.425000
v 0.425001 2.375000 -0.425000
v -0.425000 3.225001 0.425000
v 0.425001 3.225001 0.425000
v -0.425000 3.225001 -0.425000
v 0.425001 3.225001 -0.425000
v 0.700000 1.300000 0.200000
v 0.700000 1.400000 0.200000
v 0.700000 1.500000 0.200000
v 0.700000 1.600000 0.200000
v 0.700000 1.700000 0.200000
v 0.700000 1.800000 0.200000
v 0.700000 1.900000 0.200000
v 0.700000 2.000000 0.200000
v 0.700000 2.100000 0.200000
v 0.700000 2.200000 0.200000
v 0.700000 2.300000 0.200000
v 0.400000 2.300000 0.200000
v 0.400000 2.200000 0.200000
v 0.400000 2.100000 0.200000
v 0.400000 2.000000 0.200000
v 0.400000 1.900000 0.200000
v 0.400000 1.800000 0.200000
v 0.400000 1.700000 0.200000
v 0.400000 1.600000 0.200000
v 0.400000 1.500000 0.200000
v 0.400000 1.400000 0.200000
v 0.400000 1.300000 0.200000
v 0.700000 1.300000 -0.200000
v 0.700000 1.400000 -0.200000
v 0.700000 1.500000 -0.200000
v 0.700000 1.600000 -0.200000
v 0.700000 1.700000 -0.200000
v 0.700000 1.800000 -0.200000
v 0.700000 1.900000 -0.200000
v 0.700000 2.000000 -0.200000
v 0.700000 2.100000 -0.200000
v 0.700000 2.200000 -0.200000
v 0.700000 2.300000 -0.200000
v 0.400000 1.300000 -0.200000
v 0.400000 1.400000 -0.200000
v 0.400000 1.500000 -0.200000
v 0.400000 1.600000 -0.200000
v 0.400000 1.700000 -0.200000
v 0.400000 1.800000 -0.200000
v 0.400000 1.900000 -0.200000
v 0.400000 2.000000 -0.200000
v 0.400000 2.100000 -0.200000
v 0.400000 2.200000 -0.200000
v 0.400000 2.300000 -0.200000
v 0.500000 1.200000 -0.200000
v 0.600000 1.200000 -0.200000
v 0.600000 1.200000 0.200000
v 0.500000 1.200000 0.200000
v 0.500000 2.400000 0.200000
v 0.600000 2.400000 0.200000
v 0.600000 2.400000 -0.200000
v 0.500000 2.400000 -0.200000
v 0.500000 1.300000 -0.200000
v 0.600000 1.300000 -0.200000
v 0.500000 1.400000 -0.200000
v 0.600000 1.400000 -0.200000
v 0.500000 1.500000 -0.200000
v 0.600000 1.500000 -0.200000
v 0.500000 1.600000 -0.200000
v 0.600000 1.600000 -0.200000
v 0.500000 1.700000 -0.200000
v 0.600000 1.700000 -0.200000
v 0.500000 1.800000 -0.200000
v 0.600000 1.800000 -0.200000
v 0.500000 1.900000 -0.200000
v 0.600000 1.900000 -0.200000
v 0.500000 2.000000 -0.200000
v 0.600000 2.000000 -0.200000
v 0.500000 2.100000 -0.200000
v 0.600000 2.100000 -0.200000
v 0.500000 2.200000 -0.200000
v 0.600000 2.200000 -0.200000
v 0.500000 2.300000 -0.200000
v 0.600000 2.300000 -0.200000
v 0.600000 1.300000 0.200000
v 0.500000 1.300000 0.200000
v 0.600000 1.400000 0.200000
v 0.500000 1.400000 0.200000
v 0.600000 1.500000 0.200000
v 0.500000 1.500000 0.200000
v 0.600000 1.600000 0.200000
v 0.500000 1.600000 0.200000
v 0.600000 1.700000 0.200000
v 0.500000 1.700000 0.200000
v 0.600000 1.800000 0.200000
v 0.500000 1.800000 0.200000
v 0.600000 1.900000 0.200000
v 0.500000 1.900000 0.200000
v 0.600000 2.000000 0.200000
v 0.500000 2.000000 0.200000
v 0.600000 2.100000 0.200000
v 0.500000 2.100000 0.200000
v 0.600000 2.200000 0.200000
v 0.500000 2.200000 0.200000
v 0.600000 2.300000 0.200000
v 0.500000 2.300000 0.200000
v 0.400000 1.200000 0.100000
v 0.400000 1.200000 0.000000
v 0.400000 1.200000 -0.100000
v 0.700000 1.200000 -0.100000
v 0.700000 1.200000 0.000000
v 0.700000 1.200000 0.100000
v 0.700000 2.400000 0.100000
v 0.700000 2.400000 0.000000
v 0.700000 2.400000 -0.100000
v 0.400000 2.400000 -0.100000
v 0.400000 2.400000 0.000000
v 0.400000 2.400000 0.100000
v 0.400000 1.300000 0.100000
v 0.400000 1.300000 0.000000
v 0.400000 1.300000 -0.100000
v 0.400000 1.400000 0.100000
v 0.400000 1.400000 0.000000
v 0.400000 1.400000 -0.100000
v 0.400000 1.500000 0.100000
v 0.400000 1.500000 0.000000
v 0.400000 1.500000 -0.100000
v 0.400000 1.600000 0.100000
v 0.400000 1.600000 0.000000
v 0.400000 1.600000 -0.100000
v 0.400000 1.700000 0.100000
v 0.400000 1.700000 0.000000
v 0.400000 1.700000 -0.100000
v 0.400000 1.800000 0.100000
v 0.400000 1.800000 0.000000
v 0.400000 1.800000 -0.100000
v 0.400000 1.900000 0.100000
v 0.400000 1.900000 0.000000
v 0.400000 1.900000 -0.100000
v 0.400000 2.000000 0.100000
v 0.400000 2.000000 0.000000
v 0.400000 2.000000 -0.100000
v 0.400000 2.100000 0.100000
v 0.400000 2.100000 0.000000
v 0.400000 2.100000 -0.100000
v 0.400000 2.200000 0.100000
v 0.400000 2.200000 0.000000
v 0.400000 2.200000 -0.100000
v 0.400000 2.300000 0.100000
v 0.400000 2.300000 0.000000
v 0.400000 2.300000 -0.100000
v 0.700000 1.300000 -0.100000
v 0.700000 1.300000 0.000000
v 0.700000 1.300000 0.100000
v 0.700000 1.400000 -0.100000
v 0.700000 1.400000 0.000000
v 0.700000 1.400000 0.100000
v 0.700000 1.500000 -0.100000
v 0.700000 1.500000 0.000000
v 0.700000 1.500000 0.100000
v 0.700000 1.600000 -0.100000
v 0.700000 1.600000 0.000000
v 0.700000 1.600000 0.100000
v 0.700000 1.700000 -0.100000
v 0.700000 1.700000 0.000000
v 0.700000 1.700000 0.100000
v 0.700000 1.800000 -0.100000
v 0.700000 1.800000 0.000000
v 0.700000 1.800000 0.100000
v 0.700000 1.900000 -0.100000
v 0.700000 1.900000 0.000000
v 0.700000 1.900000 0.100000
v 0.700000 2.000000 -0.100000
v 0.700000 2.000000 0.000000
v 0.700000 2.000000 0.100000
v 0.700000 2.100000 -0.100000
v 0.700000 2.100000 0.000000
v 0.700000 2.100000 0.100000
v 0.700000 2.200000 -0.100000
v 0.700000 2.200000 0.000000
v 0.700000 2.200000 0.100000
v 0.700000 2.300000 -0.100000
v 0.700000 2.300000 0.000000
v 0.700000 2.300000 0.100000
v 0.500000 2.400000 0.100000
v 0.500000 2.400000 0.000000
v 0.500000 2.400000 -0.100000
v 0.600000 2.400000 0.100000
v 0.600000 2.400000 0.000000
v 0.600000 2.400000 -0.100000
v 0.500000 1.200000 -0.100000
v 0.500000 1.200000 0.000000
v 0.500000 1.200000 0.100000
v 0.600000 1.200000 -0.100000
v 0.600000 1.200000 0.000000
v 0.600000 1.200000 0.100000
v 0.492909 1.178725 -0.221276
v 0.607094 1.178725 -0.221276
v 0.607094 1.178725 0.221277
v 0.492909 1.178725 0.221277
v 0.492909 2.421278 0.221277
v 0.607094 2.421278 0.221277
v 0.607094 2.421278 -0.221276
v 0.492909 2.421278 -0.221276
v 0.378725 1.178725 0.110639
v 0.378725 1.178725 0.000000
v 0.378725 1.178725 -0.110638
v 0.721278 1.178725 -0.110638
v 0.721278 1.178725 0.000000
v 0.721278 1.178725 0.110639
v 0.721278 2.421278 0.110639
v 0.721278 2.421278 0.000000
v 0.721278 2.421278 -0.110638
v 0.378725 2.421278 -0.110638
v 0.378725 2.421278 0.000000
v 0.378725 2.421278 0.110639
v 0.492909 2.421278 0.110639
v 0.492909 2.421278 0.000000
v 0.492909 2.421278 -0.110638
v 0.607094 2.421278 0.110639
v 0.607094 2.421278 0.000000
v 0.607094 2.421278 -0.110638
v 0.492909 1.178725 -0.110638
v 0.492909 1.178725 0.000000
v 0.492909 1.178725 0.110639
v 0.607094 1.178725 -0.110638
v 0.607094 1.178725 0.000000
v 0.607094 1.178725 0.110639
v 0.721278 1.282271 0.221277
v 0.721278 1.385817 0.221277
v 0.721278 1.489363 0.221277
v 0.721278 1.592909 0.221277
v 0.721278 1.696455 0.221277
v 0.721278 1.800001 0.221277
v 0.721278 1.903547 0.221277
v 0.721278 2.007093 0.221277
v 0.721278 2.110640 0.221277
v 0.721278 2.214185 0.221277
v 0.721278 2.317732 0.221277
v 0.378725 2.317731 0.221277
v 0.378725 2.214185 0.221277
v 0.378725 2.110640 0.221277
v 0.378725 2.007093 0.221277
v 0.378725 1.903547 0.221277
v 0.378725 1.800001 0.221277
v 0.378725 1.696455 0.221277
v 0.378725 1.592909 0.221277
v 0.378725 1.489363 0.221277
v 0.378725 1.385817 0.221277
v 0.378725 1.282271 0.221277
v 0.721278 1.282271 -0.221276
v 0.721278 1.385817 -0.221276
v 0.721278 1.489363 -0.221276
v 0.721278 1.592909 -0.221276
v 0.721278 1.696455 -0.221276
v 0.721278 1.800001 -0.221276
v 0.721278 1.903547 -0.221276
v 0.721278 2.007093 -0.221276
v 0.721278 2.110640 -0.221276
v 0.721278 2.214185 -0.221276
v 0.721278 2.317732 -0.221276
v 0.378725 1.282271 -0.221276
v 0.378725 1.385817 -0.221276
v 0.378725 1.489363 -0.221276
v 0.378725 1.592909 -0.221276
v 0.378725 1.696455 -0.221276
v 0.378725 1.800001 -0.221276
v 0.378725 1.903547 -0.221276
v 0.378725 2.007093 -0.221276
v 0.378725 2.110640 -0.221276
v 0.378725 2.214185 -0.221276
v 0.378725 2.317732 -0.221276
v 0.607094 1.282271 -0.221276
v 0.607094 1.385817 -0.221276
v 0.607094 1.489363 -0.221276
v 0.607094 1.592909 -0.221276
v 0.607094 1.696455 -0.221276
v 0.607094 1.800001 -0.221276
v 0.607094 1.903547 -0.221276
v 0.607094 2.007093 -0.221276
v 0.607094 2.110640 -0.221276
v 0.607094 2.214185 -0.221276
v 0.607094 2.317732 -0.221276
v 0.492909 1.282271 -0.221276
v 0.492909 1.385817 -0.221276
v 0.492909 1.489363 -0.221276
v 0.492909 1.592909 -0.221276
v 0.492909 1.696455 -0.221276
v 0.492909 1.800001 -0.221276
v 0.492909 1.903547 -0.221276
v 0.492909 2.007093 -0.221276
v 0.492909 2.110640 -0.221276
v 0.492909 2.214185 -0.221276
v 0.492909 2.317732 -0.221276
v 0.492909 1.282271 0.221277
v 0.492909 1.385817 0.221277
v 0.492909 1.489363 0.221277
v 0.492909 1.592909 0.221277
v 0.492909 1.696455 0.221277
v 0.492909 1.800001 0.221277
v 0.492909 1.903547 0.221277
v 0.492909 2.007093 0.221277
v 0.492909 2.110640 0.221277
v 0.492909 2.214185 0.221277
v 0.492909 2.317732 0.221277
v 0.607094 1.282271 0.221277
v 0.607094 1.385817 0.221277
v 0.607094 1.489363 0.221277
v 0.607094 1.592909 0.221277
v 0.607094 1.696455 0.221277
v 0.607094 1.800001 0.221277
v 0.607094 1.903547 0.221277
v 0.607094 2.007093 0.221277
v 0.607094 2.110640 0.221277
v 0.607094 2.214185 0.221277
v 0.607094 2.317732 0.221277
v 0.378725 1.282271 -0.110638
v 0.378725 1.385817 -0.110638
v 0.378725 1.489363 -0.110638
v 0.378725 1.592909 -0.110638
v 0.378725 1.696455 -0.110638
v 0.378725 1.800001 -0.110638
v 0.378725 1.903547 -0.110638
v 0.378725 2.007093 -0.110638
v 0.378725 2.110640 -0.110638
v 0.378725 2.214185 -0.110638
v 0.378725 2.317732 -0.110638
v 0.378725 1.282271 0.000000
v 0.378725 1.385817 0.000000
v 0.378725 1.489363 0.000000
v 0.378725 1.592909 0.000000
v 0.378725 1.696455 0.000000
v 0.378725 1.800001 0.000000
v 0.378725 1.903547 0.000000
v 0.378725 2.007093 0.000000
v 0.378725 2.110640 0.000000
v 0.378725 2.214185 0.000000
v 0.378725 2.317732 0.000000
v 0.378725 1.282271 0.110639
v 0.378725 1.385817 0.110639
v 0.378725 1.489363 0.110639
v 0.378725 1.592909 0.110639
v 0.378725 1.696455 0.110639
v 0.378725 1.800001 0.110639
v 0.378725 1.903547 0.110639
v 0.378725 2.007093 0.110639
v 0.378725 2.110640 0.110639
v 0.378725 2.214185 0.110639
v 0.378725 2.317732 0.110639
v 0.721278 1.282271 0.110639
v 0.721278 1.385817 0.110639
v 0.721278 1.489363 0.110639
v 0.721278 1.592909 0.110639
v 0.721278 1.696455 0.110639
v 0.721278 1.800001 0.110639
v 0.721278 1.903547 0.110639
v 0.721278 2.007093 0.110639
v 0.721278 2.110640 0.110639
v 0.721278 2.214185 0.110639
v 0.721278 2.317732 0.110639
v 0.721278 1.282271 0.000000
v 0.721278 1.385817 0.000000
v 0.721278 1.489363 0.000000
v 0.721278 1.592909 0.000000
v 0.721278 1.696455 0.000000
v 0.721278 1.800001 0.000000
v 0.721278 1.903547 0.000000
v 0.721278 2.007093 0.000000
v 0.721278 2.110640 0.000000
v 0.721278 2.214185 0.000000
v 0.721278 2.317732 0.000000
v 0.721278 1.282271 -0.110638
v 0.721278 1.385817 -0.110638
v 0.721278 1.489363 -0.110638
v 0.721278 1.592909 -0.110638
v 0.721278 1.696455 -0.110638
v 0.721278 1.800001 -0.110638
v 0.721278 1.903547 -0.110638
v 0.721278 2.007093 -0.110638
v 0.721278 2.110640 -0.110638
v 0.721278 2.214185 -0.110638
v 0.721278 2.317732 -0.110638
v -0.378724 1.282271 0.221277
v -0.378724 1.385817 0.221277
v -0.378724 1.489363 0.221277
v -0.378724 1.592909 0.221277
v -0.378724 1.696455 0.221277
v -0.378724 1.800002 0.221277
v -0.378724 1.903548 0.221277
v -0.378724 2.007094 0.221277
v -0.378724 2.110640 0.221277
v -0.378724 2.214186 0.221277
v -0.378724 2.317733 0.221277
v -0.721278 2.317733 0.221277
v -0.721278 2.214186 0.221277
v -0.721278 2.110640 0.221277
v -0.721278 2.007094 0.221277
v -0.721278 1.903548 0.221277
v -0.721278 1.800002 0.221277
v -0.721278 1.696455 0.221277
v -0.721278 1.592909 0.221277
v -0.721278 1.489363 0.221277
v -0.721278 1.385817 0.221277
v -0.721278 1.282271 0.221277
v -0.378724 1.282271 -0.221276
v -0.378724 1.385817 -0.221276
v -0.378724 1.489363 -0.221276
v -0.378724 1.592909 -0.221276
v -0.378724 1.696455 -0.221276
v -0.378724 1.800002 -0.221276
v -0.378724 1.903548 -0.221276
v -0.378724 2.007094 -0.221276
v -0.378724 2.110640 -0.221276
v -0.378724 2.214186 -0.221276
v -0.378724 2.317733 -0.221276
v -0.721278 1.282271 -0.221277
v -0.721278 1.385817 -0.221276
v -0.721278 1.489363 -0.221276
v -0.721278 1.592909 -0.221276
v -0.721278 1.696455 -0.221276
v -0.721278 1.800002 -0.221276
v -0.721278 1.903548 -0.221276
v -0.721278 2.007094 -0.221276
v -0.721278 2.110640 -0.221276
v -0.721278 2.214186 -0.221276
v -0.721278 2.317733 -0.221276
v -0.400000 1.300000 0.200000
v -0.400000 1.400000 0.200000
v -0.400000 1.500000 0.200000
v -0.400000 1.600000 0.200000
v -0.400000 1.700000 0.200000
v -0.400000 1.800000 0.200000
v -0.400000 1.900000 0.200000
v -0.400000 2.000000 0.200000
v -0.400000 2.100000 0.200000
v -0.400000 2.200000 0.200000
v -0.400000 2.300000 0.200000
v -0.700000 2.300000 0.200000
v -0.700000 2.200000 0.200000
v -0.700000 2.100000 0.200000
v -0.700000 2.000000 0.200000
v -0.700000 1.900000 0.200000
v -0.700000 1.800000 0.200000
v -0.700000 1.700000 0.200000
v -0.700000 1.600000 0.200000
v -0.700000 1.500000 0.200000
v -0.700000 1.400000 0.200000
v -0.700000 1.300000 0.200000
v -0.400000 1.300000 -0.200000
v -0.400000 1.400000 -0.200000
v -0.400000 1.500000 -0.200000
v -0.400000 1.600000 -0.200000
v -0.400000 1.700000 -0.200000
v -0.400000 1.800000 -0.200000
v -0.400000 1.900000 -0.200000
v -0.400000 2.000000 -0.200000
v -0.400000 2.100000 -0.200000
v -0.400000 2.200000 -0.200000
v -0.400000 2.300000 -0.200000
v -0.700000 1.300000 -0.200000
v -0.700000 1.400000 -0.200000
v -0.700000 1.500000 -0.200000
v -0.700000 1.600000 -0.200000
v -0.700000 1.700000 -0.200000
v -0.700000 1.800000 -0.200000
v -0.700000 1.900000 -0.200000
v -0.700000 2.000000 -0.200000
v -0.700000 2.100000 -0.200000
v -0.700000 2.200000 -0.200000
v -0.700000 2.300000 -0.200000
v -0.600000 1.200000 -0.200000
v -0.500000 1.200000 -0.200000
v -0.500000 1.200000 0.200000
v -0.600000 1.200000 0.200000
v -0.600000 2.400000 0.200000
v -0.500000 2.400000 0.200000
v -0.500000 2.400000 -0.200000
v -0.600000 2.400000 -0.200000
v -0.600000 1.300000 -0.200000
v -0.500000 1.300000 -0.200000
v -0.600000 1.400000 -0.200000
v -0.500000 1.400000 -0.200000
v -0.600000 1.500000 -0.200000
v -0.500000 1.500000 -0.200000
v -0.600000 1.600000 -0.200000
v -0.500000 1.600000 -0.200000
v -0.600000 1.700000 -0.200000
v -0.500000 1.700000 -0.200000
v -0.600000 1.800000 -0.200000
v -0.500000 1.800000 -0.200000
v -0.600000 1.900000 -0.200000
v -0.500000 1.900000 -0.200000
v -0.600000 2.000000 -0.200000
v -0.500000 2.000000 -0.200000
v -0.600000 2.100000 -0.200000
v -0.500000 2.100000 -0.200000
v -0.600000 2.200000 -0.200000
v -0.500000 2.200000 -0.200000
v -0.600000 2.300000 -0.200000
v -0.500000 2.300000 -0.200000
v -0.500000 1.300000 0.200000
v -0.600000 1.300000 0.200000
v -0.500000 1.400000 0.200000
v -0.600000 1.400000 0.200000
v -0.500000 1.500000 0.200000
v -0.600000 1.500000 0.200000
v -0.500000 1.600000 0.200000
v -0.600000 1.600000 0.200000
v -0.500000 1.700000 0.200000
v -0.600000 1.700000 0.200000
v -0.500000 1.800000 0.200000
v -0.600000 1.800000 0.200000
v -0.500000 1.900000 0.200000
v -0.600000 1.900000 0.200000
v -0.500000 2.000000 0.200000
v -0.600000 2.000000 0.200000
v -0.500000 2.100000 0.200000
v -0.600000 2.100000 0.200000
v -0.500000 2.200000 0.200000
v -0.600000 2.200000 0.200000
v -0.500000 2.300000 0.200000
v -0.600000 2.300000 0.200000
v -0.607093 1.178725 -0.221277
v -0.492909 1.178725 -0.221276
v -0.492909 1.178725 0.221277
v -0.607093 1.178725 0.221277
v -0.607093 2.421279 0.221277
v -0.492909 2.421279 0.221277
v -0.492909 2.421279 -0.221276
v -0.607093 2.421279 -0.221276
v -0.607093 1.282271 -0.221276
v -0.492909 1.282271 -0.221276
v -0.607093 1.385817 -0.221276
v -0.492909 1.385817 -0.221276
v -0.607093 1.489363 -0.221276
v -0.492909 1.489363 -0.221276
v -0.607093 1.592909 -0.221276
v -0.492909 1.592909 -0.221276
v -0.607093 1.696455 -0.221276
v -0.492909 1.696455 -0.221276
v -0.607093 1.800002 -0.221276
v -0.492909 1.800002 -0.221276
v -0.607093 1.903548 -0.221276
v -0.492909 1.903548 -0.221276
v -0.607093 2.007094 -0.221276
v -0.492909 2.007094 -0.221276
v -0.607093 2.110640 -0.221276
v -0.492909 2.110640 -0.221276
v -0.607093 2.214186 -0.221276
v -0.492909 2.214186 -0.221276
v -0.607093 2.317733 -0.221276
v -0.492909 2.317733 -0.221276
v -0.492909 1.282271 0.221277
v -0.607093 1.282271 0.221277
v -0.492909 1.385817 0.221277
v -0.607093 1.385817 0.221277
v -0.492909 1.489363 0.221277
v -0.607093 1.489363 0.221277
v -0.492909 1.592909 0.221277
v -0.607093 1.592909 0.221277
v -0.492909 1.696455 0.221277
v -0.607093 1.696455 0.221277
v -0.492909 1.800002 0.221277
v -0.607093 1.800002 0.221277
v -0.492909 1.903548 0.221277
v -0.607093 1.903548 0.221277
v -0.492909 2.007094 0.221277
v -0.607093 2.007094 0.221277
v -0.492909 2.110640 0.221277
v -0.607093 2.110640 0.221277
v -0.492909 2.214186 0.221277
v -0.607093 2.214186 0.221277
v -0.492909 2.317733 0.221277
v -0.607093 2.317733 0.221277
v -0.700000 1.200000 0.100000
v -0.700000 1.200000 0.000000
v -0.700000 1.200000 -0.100000
v -0.400000 1.200000 -0.100000
v -0.400000 1.200000 0.000000
v -0.400000 1.200000 0.100000
v -0.400000 2.400000 0.100000
v -0.400000 2.400000 0.000000
v -0.400000 2.400000 -0.100000
v -0.700000 2.400000 -0.100000
v -0.700000 2.400000 0.000000
v -0.700000 2.400000 0.100000
v -0.700000 1.300000 0.100000
v -0.700000 1.300000 0.000000
v -0.700000 1.300000 -0.100000
v -0.700000 1.400000 0.100000
v -0.700000 1.400000 0.000000
v -0.700000 1.400000 -0.100000
v -0.700000 1.500000 0.100000
v -0.700000 1.500000 0.000000
v -0.700000 1.500000 -0.100000
v -0.700000 1.600000 0.100000
v -0.700000 1.600000 0.000000
v -0.700000 1.600000 -0.100000
v -0.700000 1.700000 0.100000
v -0.700000 1.700000 0.000000
v -0.700000 1.700000 -0.100000
v -0.700000 1.800000 0.100000
v -0.700000 1.800000 0.000000
v -0.700000 1.800000 -0.100000
v -0.700000 1.900000 0.100000
v -0.700000 1.900000 0.000000
v -0.700000 1.900000 -0.100000
v -0.700000 2.000000 0.100000
v -0.700000 2.000000 0.000000
v -0.700000 2.000000 -0.100000
v -0.700000 2.100000 0.100000
v -0.700000 2.100000 0.000000
v -0.700000 2.100000 -0.100000
v -0.700000 2.200000 0.100000
v -0.700000 2.200000 0.000000
v -0.700000 2.200000 -0.100000
v -0.700000 2.300000 0.100000
v -0.700000 2.300000 0.000000
v -0.700000 2.300000 -0.100000
v -0.400000 1.300000 -0.100000
v -0.400000 1.300000 0.000000
v -0.400000 1.300000 0.100000
v -0.400000 1.400000 -0.100000
v -0.400000 1.400000 0.000000
v -0.400000 1.400000 0.100000
v -0.400000 1.500000 -0.100000
v -0.400000 1.500000 0.000000
v -0.400000 1.500000 0.100000
v -0.400000 1.600000 -0.100000
v -0.400000 1.600000 0.000000
v -0.400000 1.600000 0.100000
v -0.400000 1.700000 -0.100000
v -0.400000 1.700000 0.000000
v -0.400000 1.700000 0.100000
v -0.400000 1.800000 -0.100000
v -0.400000 1.800000 0.000000
v -0.400000 1.800000 0.100000
v -0.400000 1.900000 -0.100000
v -0.400000 1.900000 0.000000
v -0.400000 1.900000 0.100000
v -0.400000 2.000000 -0.100000
v -0.400000 2.000000 0.000000
v -0.400000 2.000000 0.100000
v -0.400000 2.100000 -0.100000
v -0.400000 2.100000 0.000000
v -0.400000 2.100000 0.100000
v -0.400000 2.200000 -0.100000
v -0.400000 2.200000 0.000000
v -0.400000 2.200000 0.100000
v -0.400000 2.300000 -0.100000
v -0.400000 2.300000 0.000000
v -0.400000 2.300000 0.100000
v -0.600000 2.400000 0.100000
v -0.600000 2.400000 0.000000
v -0.600000 2.400000 -0.100000
v -0.500000 2.400000 0.100000
v -0.500000 2.400000 0.000000
v -0.500000 2.400000 -0.100000
v -0.600000 1.200000 -0.100000
v -0.600000 1.200000 0.000000
v -0.600000 1.200000 0.100000
v -0.500000 1.200000 -0.100000
v -0.500000 1.200000 0.000000
v -0.500000 1.200000 0.100000
v -0.721278 1.178725 0.110639
v -0.721278 1.178725 0.000000
v -0.721278 1.178725 -0.110638
v -0.378724 1.178725 -0.110638
v -0.378724 1.178725 0.000000
v -0.378724 1.178725 0.110639
v -0.378724 2.421279 0.110639
v -0.378724 2.421279 0.000000
v -0.378724 2.421279 -0.110638
v -0.721278 2.421279 -0.110638
v -0.721278 2.421279 0.000000
v -0.721278 2.421279 0.110639
v -0.721278 1.282271 0.110639
v -0.721278 1.282271 0.000000
v -0.721278 1.282271 -0.110638
v -0.721278 1.385817 0.110639
v -0.721278 1.385817 0.000000
v -0.721278 1.385817 -0.110638
v -0.721278 1.489363 0.110639
v -0.721278 1.489363 0.000000
v -0.721278 1.489363 -0.110638
v -0.721278 1.592909 0.110639
v -0.721278 1.592909 0.000000
v -0.721278 1.592909 -0.110638
v -0.721278 1.696455 0.110639
v -0.721278 1.696455 0.000000
v -0.721278 1.696455 -0.110638
v -0.721278 1.800002 0.110639
v -0.721278 1.800002 0.000000
v -0.721278 1.800002 -0.110638
v -0.721278 1.903548 0.110639
v -0.721278 1.903548 0.000000
v -0.721278 1.903548 -0.110638
v -0.721278 2.007094 0.110639
v -0.721278 2.007094 0.000000
v -0.721278 2.007094 -0.110638
v -0.721278 2.110640 0.110639
v -0.721278 2.110640 0.000000
v -0.721278 2.110640 -0.110638
v -0.721278 2.214186 0.110639
v -0.721278 2.214186 0.000000
v -0.721278 2.214186 -0.110638
v -0.721278 2.317733 0.110639
v -0.721278 2.317733 0.000000
v -0.721278 2.317733 -0.110638
v -0.378724 1.282271 -0.110638
v -0.378724 1.282271 0.000000
v -0.378724 1.282271 0.110639
v -0.378724 1.385817 -0.110638
v -0.378724 1.385817 0.000000
v -0.378724 1.385817 0.110639
v -0.378724 1.489363 -0.110638
v -0.378724 1.489363 0.000000
v -0.378724 1.489363 0.110639
v -0.378724 1.592909 -0.110638
v -0.378724 1.592909 0.000000
v -0.378724 1.592909 0.110639
v -0.378724 1.696455 -0.110638
v -0.378724 1.696455 0.000000
v -0.378724 1.696455 0.110639
v -0.378724 1.800002 -0.110638
v -0.378724 1.800002 0.000000
v -0.378724 1.800002 0.110639
v -0.378724 1.903548 -0.110638
v -0.378724 1.903548 0.000000
v -0.378724 1.903548 0.110639
v -0.378724 2.007094 -0.110638
v -0.378724 2.007094 0.000000
v -0.378724 2.007094 0.110639
v -0.378724 2.110640 -0.110638
v -0.378724 2.110640 0.000000
v -0.378724 2.110640 0.110639
v -0.378724 2.214186 -0.110638
v -0.378724 2.214186 0.000000
v -0.378724 2.214186 0.110639
v -0.378724 2.317733 -0.110638
v -0.378724 2.317733 0.000000
v -0.378724 2.317733 0.110639
v -0.607093 2.421279 0.110639
v -0.607093 2.421279 0.000000
v -0.607093 2.421279 -0.110638
v -0.492909 2.421279 0.110639
v -0.492909 2.421279 0.000000
v -0.492909 2.421279 -0.110638
v -0.607093 1.178725 -0.110638
v -0.607093 1.178725 0.000000
v -0.607093 1.178725 0.110639
v -0.492909 1.178725 -0.110638
v -0.492909 1.178725 0.000000
v -0.492909 1.178725 0.110639
v -0.300000 1.200000 -0.200000
v -0.200000 1.200000 -0.200000
v -0.100000 1.200000 -0.200000
v 0.000000 1.200000 -0.200000
v 0.100000 1.200000 -0.200000
v 0.200000 1.200000 -0.200000
v 0.300000 1.200000 -0.200000
v 0.300000 1.200000 0.200000
v 0.200000 1.200000 0.200000
v 0.100000 1.200000 0.200000
v 0.000000 1.200000 0.200000
v -0.100000 1.200000 0.200000
v -0.200000 1.200000 0.200000
v -0.300000 1.200000 0.200000
v -0.300000 2.400000 0.200000
v -0.200000 2.400000 0.200000
v -0.100000 2.400000 0.200000
v 0.000000 2.400000 0.200000
v 0.100000 2.400000 0.200000
v 0.200000 2.400000 0.200000
v 0.300000 2.400000 0.200000
v 0.300000 2.400000 -0.200000
v 0.200000 2.400000 -0.200000
v 0.100000 2.400000 -0.200000
v 0.000000 2.400000 -0.200000
v -0.100000 2.400000 -0.200000
v -0.200000 2.400000 -0.200000
v -0.300000 2.400000 -0.200000
v 0.400000 1.300000 0.200000
v 0.400000 1.400000 0.200000
v 0.400000 1.500000 0.200000
v 0.400000 1.600000 0.200000
v 0.400000 1.700000 0.200000
v 0.400000 1.800000 0.200000
v 0.400000 1.900000 0.200000
v 0.400000 2.000000 0.200000
v 0.400000 2.100000 0.200000
v 0.400000 2.200000 0.200000
v 0.400000 2.300000 0.200000
v -0.400000 2.300000 0.200000
v -0.400000 2.200000 0.200000
v -0.400000 2.100000 0.200000
v -0.400000 2.000000 0.200000
v -0.400000 1.900000 0.200000
v -0.400000 1.800000 0.200000
v -0.400000 1.700000 0.200000
v -0.400000 1.600000 0.200000
v -0.400000 1.500000 0.200000
v -0.400000 1.400000 0.200000
v -0.400000 1.300000 0.200000
v 0.400000 1.300000 -0.200000
v 0.400000 1.400000 -0.200000
v 0.400000 1.500000 -0.200000
v 0.400000 1.600000 -0.200000
v 0.400000 1.700000 -0.200000
v 0.400000 1.800000 -0.200000
v 0.400000 1.900000 -0.200000
v 0.400000 2.000000 -0.200000
v 0.400000 2.100000 -0.200000
v 0.400000 2.200000 -0.200000
v 0.400000 2.300000 -0.200000
v -0.400000 1.300000 -0.200000
v -0.400000 1.400000 -0.200000
v -0.400000 1.500000 -0.200000
v -0.400000 1.600000 -0.200000
v -0.400000 1.700000 -0.200000
v -0.400000 1.800000 -0.200000
v -0.400000 1.900000 -0.200000
v -0.400000 2.000000 -0.200000
v -0.400000 2.100000 -0.200000
v -0.400000 2.200000 -0.200000
v -0.400000 2.300000 -0.200000
v 0.300000 1.300000 -0.200000
v 0.300000 1.400000 -0.200000
v 0.300000 1.500000 -0.200000
v 0.300000 1.600000 -0.200000
v 0.300000 1.700000 -0.200000
v 0.300000 1.800000 -0.200000
v 0.300000 1.900000 -0.200000
v 0.300000 2.000000 -0.200000
v 0.300000 2.100000 -0.200000
v 0.300000 2.200000 -0.200000
v 0.300000 2.300000 -0.200000
v 0.200000 1.300000 -0.200000
v 0.200000 1.400000 -0.200000
v 0.200000 1.500000 -0.200000
v 0.200000 1.600000 -0.200000
v 0.200000 1.700000 -0.200000
v 0.200000 1.800000 -0.200000
v 0.200000 1.900000 -0.200000
v 0.200000 2.000000 -0.200000
v 0.200000 2.100000 -0.200000
v 0.200000 2.200000 -0.200000
v 0.200000 2.300000 -0.200000
v 0.100000 1.300000 -0.200000
v 0.100000 1.400000 -0.200000
v 0.100000 1.500000 -0.200000
v 0.100000 1.600000 -0.200000
v 0.100000 1.700000 -0.200000
v 0.100000 1.800000 -0.200000
v 0.100000 1.900000 -0.200000
v 0.100000 2.000000 -0.200000
v 0.100000 2.100000 -0.200000
v 0.100000 2.200000 -0.200000
v 0.100000 2.300000 -0.200000
v 0.000000 1.300000 -0.200000
v 0.000000 1.400000 -0.200000
v 0.000000 1.500000 -0.200000
v 0.000000 1.600000 -0.200000
v 0.000000 1.700000 -0.200000
v 0.000000 1.800000 -0.200000
v 0.000000 1.900000 -0.200000
v 0.000000 2.000000 -0.200000
v 0.000000 2.100000 -0.200000
v 0.000000 2.200000 -0.200000
v 0.000000 2.300000 -0.200000
v -0.100000 1.300000 -0.200000
v -0.100000 1.400000 -0.200000
v -0.100000 1.500000 -0.200000
v -0.100000 1.600000 -0.200000
v -0.100000 1.700000 -0.200000
v -0.100000 1.800000 -0.200000
v -0.100000 1.900000 -0.200000
v -0.100000 2.000000 -0.200000
v -0.100000 2.100000 -0.200000
v -0.100000 2.200000 -0.200000
v -0.100000 2.300000 -0.200000
v -0.200000 1.300000 -0.200000
v -0.200000 1.400000 -0.200000
v -0.200000 1.500000 -0.200000
v -0.200000 1.600000 -0.200000
v -0.200000 1.700000 -0.200000
v -0.200000 1.800000 -0.200000
v -0.200000 1.900000 -0.200000
v -0.200000 2.000000 -0.200000
v -0.200000 2.100000 -0.200000
v -0.200000 2.200000 -0.200000
v -0.200000 2.300000 -0.200000
v -0.300000 1.300000 -0.200000
v -0.300000 1.400000 -0.200000
v -0.300000 1.500000 -0.200000
v -0.300000 1.600000 -0.200000
v -0.300000 1.700000 -0.200000
v -0.300000 1.800000 -0.200000
v -0.300000 1.900000 -0.200000
v -0.300000 2.000000 -0.200000
v -0.300000 2.100000 -0.200000
v -0.300000 2.200000 -0.200000
v -0.300000 2.300000 -0.200000
v -0.300000 1.300000 0.200000
v -0.300000 1.400000 0.200000
v -0.300000 1.500000 0.200000
v -0.300000 1.600000 0.200000
v -0.300000 1.700000 0.200000
v -0.300000 1.800000 0.200000
v -0.300000 1.900000 0.200000
v -0.300000 2.000000 0.200000
v -0.300000 2.100000 0.200000
v -0.300000 2.200000 0.200000
v -0.300000 2.300000 0.200000
v -0.200000 1.300000 0.200000
v -0.200000 1.400000 0.200000
v -0.200000 1.500000 0.200000
v -0.200000 1.600000 0.200000
v -0.200000 1.700000 0.200000
v -0.200000 1.800000 0.200000
v -0.200000 1.900000 0.200000
v -0.200000 2.000000 0.200000
v -0.200000 2.100000 0.200000
v -0.200000 2.200000 0.200000
v -0.200000 2.300000 0.200000
v -0.100000 1.300000 0.200000
v -0.100000 1.400000 0.200000
v -0.100000 1.500000 0.200000
v -0.100000 1.600000 0.200000
v -0.100000 1.700000 0.200000
v -0.100000 1.800000 0.200000
v -0.100000 1.900000 0.200000
v -0.100000 2.000000 0.200000
v -0.100000 2.100000 0.200000
v -0.100000 2.200000 0.200000
v -0.100000 2.300000 0.200000
v 0.000000 1.300000 0.200000
v 0.000000 1.400000 0.200000
v 0.000000 1.500000 0.200000
v 0.000000 1.600000 0.200000
v 0.000000 1.700000 0.200000
v 0.000000 1.800000 0.200000
v 0.000000 1.900000 0.200000
v 0.000000 2.000000 0.200000
v 0.000000 2.100000 0.200000
v 0.000000 2.200000 0.200000
v 0.000000 2.300000 0.200000
v 0.100000 1.300000 0.200000
v 0.100000 1.400000 0.200000
v 0.100000 1.500000 0.200000
v 0.100000 1.600000 0.200000
v 0.100000 1.700000 0.200000
v 0.100000 1.800000 0.200000
v 0.100000 1.900000 0.200000
v 0.100000 2.000000 0.200000
v 0.100000 2.100000 0.200000
v 0.100000 2.200000 0.200000
v 0.100000 2.300000 0.200000
v 0.200000 1.300000 0.200000
v 0.200000 1.400000 0.200000
v 0.200000 1.500000 0.200000
v 0.200000 1.600000 0.200000
v 0.200000 1.700000 0.200000
v 0.200000 1.800000 0.200000
v 0.200000 1.900000 0.200000
v 0.200000 2.000000 0.200000
v 0.200000 2.100000 0.200000
v 0.200000 2.200000 0.200000
v 0.200000 2.300000 0.200000
v 0.300000 1.300000 0.200000
v 0.300000 1.400000 0.200000
v 0.300000 1.500000 0.200000
v 0.300000 1.600000 0.200000
v 0.300000 1.700000 0.200000
v 0.300000 1.800000 0.200000
v 0.300000 1.900000 0.200000
v 0.300000 2.000000 0.200000
v 0.300000 2.100000 0.200000
v 0.300000 2.200000 0.200000
v 0.300000 2.300000 0.200000
v -0.400000 1.200000 0.100000
v -0.400000 1.200000 0.000000
v -0.400000 1.200000 -0.100000
v 0.400000 1.200000 -0.100000
v 0.400000 1.200000 0.000000
v 0.400000 1.200000 0.100000
v 0.400000 2.400000 0.100000
v 0.400000 2.400000 0.000000
v 0.400000 2.400000 -0.100000
v -0.400000 2.400000 -0.100000
v -0.400000 2.400000 0.000000
v -0.400000 2.400000 0.100000
v -0.300000 2.400000 0.100000
v -0.300000 2.400000 0.000000
v -0.300000 2.400000 -0.100000
v -0.200000 2.400000 0.100000
v -0.200000 2.400000 0.000000
v -0.200000 2.400000 -0.100000
v -0.100000 2.400000 0.100000
v -0.100000 2.400000 0.000000
v -0.100000 2.400000 -0.100000
v 0.000000 2.400000 0.100000
v 0.000000 2.400000 0.000000
v 0.000000 2.400000 -0.100000
v 0.100000 2.400000 0.100000
v 0.100000 2.400000 0.000000
v 0.100000 2.400000 -0.100000
v 0.200000 2.400000 0.100000
v 0.200000 2.400000 0.000000
v 0.200000 2.400000 -0.100000
v 0.300000 2.400000 0.100000
v 0.300000 2.400000 0.000000
v 0.300000 2.400000 -0.100000
v -0.300000 1.200000 -0.100000
v -0.300000 1.200000 0.000000
v -0.300000 1.200000 0.100000
v -0.200000 1.200000 -0.100000
v -0.200000 1.200000 0.000000
v -0.200000 1.200000 0.100000
v -0.100000 1.200000 -0.100000
v -0.100000 1.200000 0.000000
v -0.100000 1.200000 0.100000
v 0.000000 1.200000 -0.100000
v 0.000000 1.200000 0.000000
v 0.000000 1.200000 0.100000
v 0.100000 1.200000 -0.100000
v 0.100000 1.200000 0.000000
v 0.100000 1.200000 0.100000
v 0.200000 1.200000 -0.100000
v 0.200000 1.200000 0.000000
v 0.200000 1.200000 0.100000
v 0.300000 1.200000 -0.100000
v 0.300000 1.200000 0.000000
v 0.300000 1.200000 0.100000
v -0.400000 1.300000 0.100000
v -0.400000 1.300000 0.000000
v -0.400000 1.300000 -0.100000
v -0.400000 1.400000 0.100000
v -0.400000 1.400000 0.000000
v -0.400000 1.400000 -0.100000
v -0.400000 1.500000 0.100000
v -0.400000 1.500000 0.000000
v -0.400000 1.500000 -0.100000
v -0.400000 1.600000 0.100000
v -0.400000 1.600000 0.000000
v -0.400000 1.600000 -0.100000
v -0.400000 1.700000 0.100000
v -0.400000 1.700000 0.000000
v -0.400000 1.700000 -0.100000
v -0.400000 1.800000 0.100000
v -0.400000 1.800000 0.000000
v -0.400000 1.800000 -0.100000
v -0.400000 1.900000 0.100000
v -0.400000 1.900000 0.000000
v -0.400000 1.900000 -0.100000
v -0.400000 2.000000 0.100000
v -0.400000 2.000000 0.000000
v -0.400000 2.000000 -0.100000
v -0.400000 2.100000 0.100000
v -0.400000 2.100000 0.000000
v -0.400000 2.100000 -0.100000
v -0.400000 2.200000 0.100000
v -0.400000 2.200000 0.000000
v -0.400000 2.200000 -0.100000
v -0.400000 2.300000 0.100000
v -0.400000 2.300000 0.000000
v -0.400000 2.300000 -0.100000
v 0.400000 1.300000 -0.100000
v 0.400000 1.300000 0.000000
v 0.400000 1.300000 0.100000
v 0.400000 1.400000 -0.100000
v 0.400000 1.400000 0.000000
v 0.400000 1.400000 0.100000
v 0.400000 1.500000 -0.100000
v 0.400000 1.500000 0.000000
v 0.400000 1.500000 0.100000
v 0.400000 1.600000 -0.100000
v 0.400000 1.600000 0.000000
v 0.400000 1.600000 0.100000
v 0.400000 1.700000 -0.100000
v 0.400000 1.700000 0.000000
v 0.400000 1.700000 0.100000
v 0.400000 1.800000 -0.100000
v 0.400000 1.800000 0.000000
v 0.400000 1.800000 0.100000
v 0.400000 1.900000 -0.100000
v 0.400000 1.900000 0.000000
v 0.400000 1.900000 0.100000
v 0.400000 2.000000 -0.100000
v 0.400000 2.000000 0.000000
v 0.400000 2.000000 0.100000
v 0.400000 2.100000 -0.100000
v 0.400000 2.100000 0.000000
v 0.400000 2.100000 0.100000
v 0.400000 2.200000 -0.100000
v 0.400000 2.200000 0.000000
v 0.400000 2.200000 0.100000
v 0.400000 2.300000 -0.100000
v 0.400000 2.300000 0.000000
v 0.400000 2.300000 0.100000
v 0.425001 1.279167 0.225000
v 0.425001 1.383334 0.225000
v 0.425001 1.487501 0.225000
v 0.425001 1.591668 0.225000
v 0.425001 1.695834 0.225000
v 0.425001 1.800001 0.225000
v 0.425001 1.904168 0.225000
v 0.425001 2.008334 0.225000
v 0.425001 2.112501 0.225000
v 0.425001 2.216667 0.225000
v 0.425001 2.320834 0.225000
v -0.425001 2.320834 0.225000
v -0.425001 2.216668 0.225000
v -0.425001 2.112501 0.225000
v -0.425001 2.008334 0.225000
v -0.425001 1.904168 0.225000
v -0.425001 1.800001 0.225000
v -0.425001 1.695835 0.225000
v -0.425001 1.591668 0.225000
v -0.425001 1.487501 0.225000
v -0.425001 1.383334 0.225000
v -0.425001 1.279167 0.225000
v 0.425001 1.279167 -0.225000
v 0.425001 1.383334 -0.225000
v 0.425001 1.487501 -0.225000
v 0.425001 1.591668 -0.225000
v 0.425001 1.695834 -0.225000
v 0.425001 1.800001 -0.225000
v 0.425001 1.904168 -0.225000
v 0.425001 2.008334 -0.225000
v 0.425001 2.112501 -0.225000
v 0.425001 2.216667 -0.225000
v 0.425001 2.320834 -0.225000
v -0.425001 1.279167 -0.225000
v -0.425001 1.383334 -0.225000
v -0.425001 1.487501 -0.225000
v -0.425001 1.591668 -0.225000
v -0.425001 1.695834 -0.225000
v -0.425001 1.800001 -0.225000
v -0.425001 1.904168 -0.225000
v -0.425001 2.008334 -0.225000
v -0.425001 2.112501 -0.225000
v -0.425001 2.216667 -0.225000
v -0.425001 2.320834 -0.225000
v -0.425001 1.175001 0.112500
v -0.425001 1.175001 0.000000
v -0.425001 1.175001 -0.112500
v 0.425001 1.175001 -0.112500
v 0.425001 1.175001 0.000000
v 0.425001 1.175001 0.112500
v 0.425001 2.425001 0.112500
v 0.425001 2.425001 0.000000
v 0.425001 2.425001 -0.112500
v -0.425001 2.425001 -0.112500
v -0.425001 2.425001 0.000000
v -0.425001 2.425001 0.112500
v -0.425001 1.279167 0.112500
v -0.425001 1.279167 0.000000
v -0.425001 1.279167 -0.112500
v -0.425001 1.383334 0.112500
v -0.425001 1.383334 0.000000
v -0.425001 1.383334 -0.112500
v -0.425001 1.487501 0.112500
v -0.425001 1.487501 0.000000
v -0.425001 1.487501 -0.112500
v -0.425001 1.591668 0.112500
v -0.425001 1.591668 0.000000
v -0.425001 1.591668 -0.112500
v -0.425001 1.695835 0.112500
v -0.425001 1.695834 0.000000
v -0.425001 1.695834 -0.112500
v -0.425001 1.800001 0.112500
v -0.425001 1.800001 0.000000
v -0.425001 1.800001 -0.112500
v -0.425001 1.904168 0.112500
v -0.425001 1.904168 0.000000
v -0.425001 1.904168 -0.112500
v -0.425001 2.008334 0.112500
v -0.425001 2.008334 0.000000
v -0.425001 2.008334 -0.112500
v -0.425001 2.112501 0.112500
v -0.425001 2.112501 0.000000
v -0.425001 2.112501 -0.112500
v -0.425001 2.216668 0.112500
v -0.425001 2.216668 0.000000
v -0.425001 2.216668 -0.112500
v -0.425001 2.320834 0.112500
v -0.425001 2.320834 0.000000
v -0.425001 2.320834 -0.112500
v 0.425001 1.279167 -0.112500
v 0.425001 1.279167 0.000000
v 0.425001 1.279167 0.112500
v 0.425001 1.383334 -0.112500
v 0.425001 1.383334 0.000000
v 0.425001 1.383334 0.112500
v 0.425001 1.487501 -0.112500
v 0.425001 1.487501 0.000000
v 0.425001 1.487501 0.112500
v 0.425001 1.591668 -0.112500
v 0.425001 1.591668 0.000000
v 0.425001 1.591668 0.112500
v 0.425001 1.695834 -0.112500
v 0.425001 1.695834 0.000000
v 0.425001 1.695834 0.112500
v 0.425001 1.800001 -0.112500
v 0.425001 1.800001 0.000000
v 0.425001 1.800001 0.112500
v 0.425001 1.904168 -0.112500
v 0.425001 1.904168 0.000000
v 0.425001 1.904168 0.112500
v 0.425001 2.008334 -0.112500
v 0.425001 2.008334 0.000000
v 0.425001 2.008334 0.112500
v 0.425001 2.112501 -0.112500
v 0.425001 2.112501 0.000000
v 0.425001 2.112501 0.112500
v 0.425001 2.216667 -0.112500
v 0.425001 2.216667 0.000000
v 0.425001 2.216667 0.112500
v 0.425001 2.320834 -0.112500
v 0.425001 2.320834 0.000000
v 0.425001 2.320834 0.112500
v -0.318750 1.175001 -0.225000
v -0.212500 1.175001 -0.225000
v -0.106250 1.175001 -0.225000
v 0.000000 1.175001 -0.225000
v 0.106251 1.175001 -0.225000
v 0.212501 1.175001 -0.225000
v 0.318751 1.175001 -0.225000
v 0.318751 1.175001 0.225000
v 0.212501 1.175001 0.225000
v 0.106251 1.175001 0.225000
v 0.000000 1.175001 0.225000
v -0.106250 1.175001 0.225000
v -0.212500 1.175001 0.225000
v -0.318750 1.175001 0.225000
v -0.318750 2.425001 0.225000
v -0.212500 2.425001 0.225000
v -0.106250 2.425001 0.225000
v 0.000000 2.425001 0.225000
v 0.106251 2.425001 0.225000
v 0.212501 2.425001 0.225000
v 0.318751 2.425001 0.225000
v 0.318751 2.425001 -0.225000
v 0.212501 2.425001 -0.225000
v 0.106251 2.425001 -0.225000
v 0.000000 2.425001 -0.225000
v -0.106250 2.425001 -0.225000
v -0.212500 2.425001 -0.225000
v -0.318750 2.425001 -0.225000
v -0.318750 1.279167 -0.225000
v -0.212500 1.279167 -0.225000
v -0.106250 1.279167 -0.225000
v 0.000000 1.279167 -0.225000
v 0.106251 1.279167 -0.225000
v 0.212501 1.279167 -0.225000
v 0.318751 1.279167 -0.225000
v -0.318750 1.383334 -0.225000
v -0.212500 1.383334 -0.225000
v -0.106250 1.383334 -0.225000
v 0.000000 1.383334 -0.225000
v 0.106251 1.383334 -0.225000
v 0.212501 1.383334 -0.225000
v 0.318751 1.383334 -0.225000
v -0.318750 1.487501 -0.225000
v -0.212500 1.487501 -0.225000
v -0.106250 1.487501 -0.225000
v 0.000000 1.487501 -0.225000
v 0.106251 1.487501 -0.225000
v 0.212501 1.487501 -0.225000
v 0.318751 1.487501 -0.225000
v -0.318750 1.591668 -0.225000
v -0.212500 1.591668 -0.225000
v -0.106250 1.591668 -0.225000
v 0.000000 1.591668 -0.225000
v 0.106251 1.591668 -0.225000
v 0.212501 1.591668 -0.225000
v 0.318751 1.591668 -0.225000
v -0.318750 1.695834 -0.225000
v -0.212500 1.695834 -0.225000
v -0.106250 1.695834 -0.225000
v 0.000000 1.695834 -0.225000
v 0.106251 1.695834 -0.225000
v 0.212501 1.695834 -0.225000
v 0.318751 1.695834 -0.225000
v -0.318750 1.800001 -0.225000
v -0.212500 1.800001 -0.225000
v -0.106250 1.800001 -0.225000
v 0.000000 1.800001 -0.225000
v 0.106251 1.800001 -0.225000
v 0.212501 1.800001 -0.225000
v 0.318751 1.800001 -0.225000
v -0.318750 1.904168 -0.225000
v -0.212500 1.904168 -0.225000
v -0.106250 1.904168 -0.225000
v 0.000000 1.904168 -0.225000
v 0.106251 1.904168 -0.225000
v 0.212501 1.904168 -0.225000
v 0.318751 1.904168 -0.225000
v -0.318750 2.008334 -0.225000
v -0.212500 2.008334 -0.225000
v -0.106250 2.008334 -0.225000
v 0.000000 2.008334 -0.225000
v 0.106251 2.008334 -0.225000
v 0.212501 2.008334 -0.225000
v 0.318751 2.008334 -0.225000
v -0.318750 2.112501 -0.225000
v -0.212500 2.112501 -0.225000
v -0.106250 2.112501 -0.225000
v 0.000000 2.112501 -0.225000
v 0.106251 2.112501 -0.225000
v 0.212501 2.112501 -0.225000
v 0.318751 2.112501 -0.225000
v -0.318750 2.216667 -0.225000
v -0.212500 2.216667 -0.225000
v -0.106250 2.216667 -0.225000
v 0.000000 2.216667 -0.225000
v 0.106251 2.216667 -0.225000
v 0.212501 2.216667 -0.225000
v 0.318751 2.216667 -0.225000
v -0.318750 2.320834 -0.225000
v -0.212500 2.320834 -0.225000
v -0.106250 2.320834 -0.225000
v 0.000000 2.320834 -0.225000
v 0.106251 2.320834 -0.225000
v 0.212501 2.320834 -0.225000
v 0.318751 2.320834 -0.225000
v 0.318751 1.279167 0.225000
v 0.212501 1.279167 0.225000
v 0.106251 1.279167 0.225000
v 0.000000 1.279167 0.225000
v -0.106250 1.279167 0.225000
v -0.212500 1.279167 0.225000
v -0.318750 1.279167 0.225000
v 0.318751 1.383334 0.225000
v 0.212501 1.383334 0.225000
v 0.106251 1.383334 0.225000
v 0.000000 1.383334 0.225000
v -0.106250 1.383334 0.225000
v -0.212500 1.383334 0.225000
v -0.318750 1.383334 0.225000
v 0.318751 1.487501 0.225000
v 0.212501 1.487501 0.225000
v 0.106251 1.487501 0.225000
v 0.000000 1.487501 0.225000
v -0.106250 1.487501 0.225000
v -0.212500 1.487501 0.225000
v -0.318750 1.487501 0.225000
v 0.318751 1.591668 0.225000
v 0.212501 1.591668 0.225000
v 0.106251 1.591668 0.225000
v 0.000000 1.591668 0.225000
v -0.106250 1.591668 0.225000
v -0.212500 1.591668 0.225000
v -0.318750 1.591668 0.225000
v 0.318751 1.695834 0.225000
v 0.212501 1.695834 0.225000
v 0.106251 1.695834 0.225000
v 0.000000 1.695834 0.225000
v -0.106250 1.695834 0.225000
v -0.212500 1.695834 0.225000
v -0.318750 1.695835 0.225000
v 0.318751 1.800001 0.225000
v 0.212501 1.800001 0.225000
v 0.106251 1.800001 0.225000
v 0.000000 1.800001 0.225000
v -0.106250 1.800001 0.225000
v -0.212500 1.800001 0.225000
v -0.318750 1.800001 0.225000
v 0.318751 1.904168 0.225000
v 0.212501 1.904168 0.225000
v 0.106251 1.904168 0.225000
v 0.000000 1.904168 0.225000
v -0.106250 1.904168 0.225000
v -0.212500 1.904168 0.225000
v -0.318750 1.904168 0.225000
v 0.318751 2.008334 0.225000
v 0.212501 2.008334 0.225000
v 0.106251 2.008334 0.225000
v 0.000000 2.008334 0.225000
v -0.106250 2.008334 0.225000
v -0.212500 2.008334 0.225000
v -0.318750 2.008334 0.225000
v 0.318751 2.112501 0.225000
v 0.212501 2.112501 0.225000
v 0.106251 2.112501 0.225000
v 0.000000 2.112501 0.225000
v -0.106250 2.112501 0.225000
v -0.212500 2.112501 0.225000
v -0.318750 2.112501 0.225000
v 0.318751 2.216667 0.225000
v 0.212501 2.216667 0.225000
v 0.106251 2.216667 0.225000
v 0.000000 2.216667 0.225000
v -0.106250 2.216667 0.225000
v -0.212500 2.216667 0.225000
v -0.318750 2.216668 0.225000
v 0.318751 2.320834 0.225000
v 0.212501 2.320834 0.225000
v 0.106251 2.320834 0.225000
v 0.000000 2.320834 0.225000
v -0.106250 2.320834 0.225000
v -0.212500 2.320834 0.225000
v -0.318750 2.320834 0.225000
v 0.318751 2.425001 0.112500
v 0.212501 2.425001 0.112500
v 0.106251 2.425001 0.112500
v 0.000000 2.425001 0.112500
v -0.106250 2.425001 0.112500
v -0.212500 2.425001 0.112500
v -0.318750 2.425001 0.112500
v 0.318751 2.425001 0.000000
v 0.212501 2.425001 0.000000
v 0.106251 2.425001 0.000000
v 0.000000 2.425001 0.000000
v -0.106250 2.425001 0.000000
v -0.212500 2.425001 0.000000
v -0.318750 2.425001 0.000000
v 0.318751 2.425001 -0.112500
v 0.212501 2.425001 -0.112500
v 0.106251 2.425001 -0.112500
v 0.000000 2.425001 -0.112500
v -0.106250 2.425001 -0.112500
v -0.212500 2.425001 -0.112500
v -0.318750 2.425001 -0.112500
v -0.318750 1.175001 0.112500
v -0.212500 1.175001 0.112500
v -0.106250 1.175001 0.112500
v 0.000000 1.175001 0.112500
v 0.106251 1.175001 0.112500
v 0.212501 1.175001 0.112500
v 0.318751 1.175001 0.112500
v -0.318750 1.175001 0.000000
v -0.212500 1.175001 0.000000
v -0.106250 1.175001 0.000000
v 0.000000 1.175001 0.000000
v 0.106251 1.175001 0.000000
v 0.212501 1.175001 0.000000
v 0.318751 1.175001 0.000000
v -0.318750 1.175001 -0.112500
v -0.212500 1.175001 -0.112500
v -0.106250 1.175001 -0.112500
v 0.000000 1.175001 -0.112500
v 0.106251 1.175001 -0.112500
v 0.212501 1.175001 -0.112500
v 0.318751 1.175001 -0.112500
v -0.400000 2.400000 0.300000
v -0.400000 2.400000 0.200000
v -0.400000 2.400000 0.100000
v -0.400000 2.400000 0.000000
v -0.400000 2.400000 -0.100000
v -0.400000 2.400000 -0.200000
v -0.400000 2.400000 -0.300000
v -0.300000 2.400000 -0.400000
v -0.200000 2.400000 -0.400000
v -0.100000 2.400000 -0.400000
v 0.000000 2.400000 -0.400000
v 0.100000 2.400000 -0.400000
v 0.200000 2.400000 -0.400000
v 0.300000 2.400000 -0.400000
v 0.400000 2.400000 -0.300000
v 0.400000 2.400000 -0.200000
v 0.400000 2.400000 -0.100000
v 0.400000 2.400000 0.000000
v 0.400000 2.400000 0.100000
v 0.400000 2.400000 0.200000
v 0.400000 2.400000 0.300000
v 0.300000 2.400000 0.400000
v 0.200000 2.400000 0.400000
v 0.100000 2.400000 0.400000
v 0.000000 2.400000 0.400000
v -0.100000 2.400000 0.400000
v -0.200000 2.400000 0.400000
v -0.300000 2.400000 0.400000
v -0.300000 3.200000 0.400000
v -0.200000 3.200000 0.400000
v -0.100000 3.200000 0.400000
v 0.000000 3.200000 0.400000
v 0.100000 3.200000 0.400000
v 0.200000 3.200000 0.400000
v 0.300000 3.200000 0.400000
v 0.400000 3.200000 0.300000
v 0.400000 3.200000 0.200000
v 0.400000 3.200000 0.100000
v 0.400000 3.200000 0.000000
v 0.400000 3.200000 -0.100000
v 0.400000 3.200000 -0.200000
v 0.400000 3.200000 -0.300000
v 0.300000 3.200000 -0.400000
v 0.200000 3.200000 -0.400000
v 0.100000 3.200000 -0.400000
v 0.000000 3.200000 -0.400000
v -0.100000 3.200000 -0.400000
v -0.200000 3.200000 -0.400000
v -0.300000 3.200000 -0.400000
v -0.400000 3.200000 -0.300000
v -0.400000 3.200000 -0.200000
v -0.400000 3.200000 -0.100000
v -0.400000 3.200000 0.000000
v -0.400000 3.200000 0.100000
v -0.400000 3.200000 0.200000
v -0.400000 3.200000 0.300000
v 0.400000 2.500000 0.400000
v 0.400000 2.600000 0.400000
v 0.400000 2.700000 0.400000
v 0.400000 2.800000 0.400000
v 0.400000 2.900000 0.400000
v 0.400000 3.000000 0.400000
v 0.400000 3.100000 0.400000
v -0.400000 3.100000 0.400000
v -0.400000 3.000000 0.400000
v -0.400000 2.900000 0.400000
v -0.400000 2.800000 0.400000
v -0.400000 2.700000 0.400000
v -0.400000 2.600000 0.400000
v -0.400000 2.500000 0.400000
v 0.400000 2.500000 -0.400000
v 0.400000 2.600000 -0.400000
v 0.400000 2.700000 -0.400000
v 0.400000 2.800000 -0.400000
v 0.400000 2.900000 -0.400000
v 0.400000 3.000000 -0.400000
v 0.400000 3.100000 -0.400000
v -0.400000 2.500000 -0.400000
v -0.400000 2.600000 -0.400000
v -0.400000 2.700000 -0.400000
v -0.400000 2.800000 -0.400000
v -0.400000 2.900000 -0.400000
v -0.400000 3.000000 -0.400000
v -0.400000 3.100000 -0.400000
v -0.400000 2.500000 -0.300000
v -0.400000 2.600000 -0.300000
v -0.400000 2.700000 -0.300000
v -0.400000 2.800000 -0.300000
v -0.400000 2.900000 -0.300000
v -0.400000 3.000000 -0.300000
v -0.400000 3.100000 -0.300000
v -0.400000 2.500000 -0.200000
v -0.400000 2.600000 -0.200000
v -0.400000 2.700000 -0.200000
v -0.400000 2.800000 -0.200000
v -0.400000 2.900000 -0.200000
v -0.400000 3.000000 -0.200000
v -0.400000 3.100000 -0.200000
v -0.400000 2.500000 -0.100000
v -0.400000 2.600000 -0.100000
v -0.400000 2.700000 -0.100000
v -0.400000 2.800000 -0.100000
v -0.400000 2.900000 -0.100000
v -0.400000 3.000000 -0.100000
v -0.400000 3.100000 -0.100000
v -0.400000 2.500000 0.000000
v -0.400000 2.600000 0.000000
v -0.400000 2.700000 0.000000
v -0.400000 2.800000 0.000000
v -0.400000 2.900000 0.000000
v -0.400000 3.000000 0.000000
v -0.400000 3.100000 0.000000
v -0.400000 2.500000 0.100000
v -0.400000 2.600000 0.100000
v -0.400000 2.700000 0.100000
v -0.400000 2.800000 0.100000
v -0.400000 2.900000 0.100000
v -0.400000 3.000000 0.100000
v -0.400000 3.100000 0.100000
v -0.400000 2.500000 0.200000
v -0.400000 2.600000 0.200000
v -0.400000 2.700000 0.200000
v -0.400000 2.800000 0.200000
v -0.400000 2.900000 0.200000
v -0.400000 3.000000 0.200000
v -0.400000 3.100000 0.200000
v -0.400000 2.500000 0.300000
v -0.400000 2.600000 0.300000
v -0.400000 2.700000 0.300000
v -0.400000 2.800000 0.300000
v -0.400000 2.900000 0.300000
v -0.400000 3.000000 0.300000
v -0.400000 3.100000 0.300000
v 0.300000 2.500000 -0.400000
v 0.300000 2.600000 -0.400000
v 0.300000 2.700000 -0.400000
v 0.300000 2.800000 -0.400000
v 0.300000 2.900000 -0.400000
v 0.300000 3.000000 -0.400000
v 0.300000 3.100000 -0.400000
v 0.200000 2.500000 -0.400000
v 0.200000 2.600000 -0.400000
v 0.200000 2.700000 -0.400000
v 0.200000 2.800000 -0.400000
v 0.200000 2.900000 -0.400000
v 0.200000 3.000000 -0.400000
v 0.200000 3.100000 -0.400000
v 0.100000 2.500000 -0.400000
v 0.100000 2.600000 -0.400000
v 0.100000 2.700000 -0.400000
v 0.100000 2.800000 -0.400000
v 0.100000 2.900000 -0.400000
v 0.100000 3.000000 -0.400000
v 0.100000 3.100000 -0.400000
v 0.000000 2.500000 -0.400000
v 0.000000 2.600000 -0.400000
v 0.000000 2.700000 -0.400000
v 0.000000 2.800000 -0.400000
v 0.000000 2.900000 -0.400000
v 0.000000 3.000000 -0.400000
v 0.000000 3.100000 -0.400000
v -0.100000 2.500000 -0.400000
v -0.100000 2.600000 -0.400000
v -0.100000 2.700000 -0.400000
v -0.100000 2.800000 -0.400000
v -0.100000 2.900000 -0.400000
v -0.100000 3.000000 -0.400000
v -0.100000 3.100000 -0.400000
v -0.200000 2.500000 -0.400000
v -0.200000 2.600000 -0.400000
v -0.200000 2.700000 -0.400000
v -0.200000 2.800000 -0.400000
v -0.200000 2.900000 -0.400000
v -0.200000 3.000000 -0.400000
v -0.200000 3.100000 -0.400000
v -0.300000 2.500000 -0.400000
v -0.300000 2.600000 -0.400000
v -0.300000 2.700000 -0.400000
v -0.300000 2.800000 -0.400000
v -0.300000 2.900000 -0.400000
v -0.300000 3.000000 -0.400000
v -0.300000 3.100000 -0.400000
v 0.400000 2.500000 0.300000
v 0.400000 2.600000 0.300000
v 0.400000 2.700000 0.300000
v 0.400000 2.800000 0.300000
v 0.400000 2.900000 0.300000
v 0.400000 3.000000 0.300000
v 0.400000 3.100000 0.300000
v 0.400000 2.500000 0.200000
v 0.400000 2.600000 0.200000
v 0.400000 2.700000 0.200000
v 0.400000 2.800000 0.200000
v 0.400000 2.900000 0.200000
v 0.400000 3.000000 0.200000
v 0.400000 3.100000 0.200000
v 0.400000 2.500000 0.100000
v 0.400000 2.600000 0.100000
v 0.400000 2.700000 0.100000
v 0.400000 2.800000 0.100000
v 0.400000 2.900000 0.100000
v 0.400000 3.000000 0.100000
v 0.400000 3.100000 0.100000
v 0.400000 2.500000 0.000000
v 0.400000 2.600000 0.000000
v 0.400000 2.700000 0.000000
v 0.400000 2.800000 0.000000
v 0.400000 2.900000 0.000000
v 0.400000 3.000000 0.000000
v 0.400000 3.100000 0.000000
v 0.400000 2.500000 -0.100000
v 0.400000 2.600000 -0.100000
v 0.400000 2.700000 -0.100000
v 0.400000 2.800000 -0.100000
v 0.400000 2.900000 -0.100000
v 0.400000 3.000000 -0.100000
v 0.400000 3.100000 -0.100000
v 0.400000 2.500000 -0.200000
v 0.400000 2.600000 -0.200000
v 0.400000 2.700000 -0.200000
v 0.400000 2.800000 -0.200000
v 0.400000 2.900000 -0.200000
v 0.400000 3.000000 -0.200000
v 0.400000 3.100000 -0.200000
v 0.400000 2.500000 -0.300000
v 0.400000 2.600000 -0.300000
v 0.400000 2.700000 -0.300000
v 0.400000 2.800000 -0.300000
v 0.400000 2.900000 -0.300000
v 0.400000 3.000000 -0.300000
v 0.400000 3.100000 -0.300000
v -0.300000 2.500000 0.400000
v -0.300000 2.600000 0.400000
v -0.300000 2.700000 0.400000
v -0.300000 2.800000 0.400000
v -0.300000 2.900000 0.400000
v -0.300000 3.000000 0.400000
v -0.300000 3.100000 0.400000
v -0.200000 2.500000 0.400000
v -0.200000 2.600000 0.400000
v -0.200000 2.700000 0.400000
v -0.200000 2.800000 0.400000
v -0.200000 2.900000 0.400000
v -0.200000 3.000000 0.400000
v -0.200000 3.100000 0.400000
v -0.100000 2.500000 0.400000
v -0.100000 2.600000 0.400000
v -0.100000 2.700000 0.400000
v -0.100000 2.800000 0.400000
v -0.100000 2.900000 0.400000
v -0.100000 3.000000 0.400000
v -0.100000 3.100000 0.400000
v 0.000000 2.500000 0.400000
v 0.000000 2.600000 0.400000
v 0.000000 2.700000 0.400000
v 0.000000 2.800000 0.400000
v 0.000000 2.900000 0.400000
v 0.000000 3.000000 0.400000
v 0.000000 3.100000 0.400000
v 0.100000 2.500000 0.400000
v 0.100000 2.600000 0.400000
v 0.100000 2.700000 0.400000
v 0.100000 2.800000 0.400000
v 0.100000 2.900000 0.400000
v 0.100000 3.000000 0.400000
v 0.100000 3.100000 0.400000
v 0.200000 2.500000 0.400000
v 0.200000 2.600000 0.400000
v 0.200000 2.700000 0.400000
v 0.200000 2.800000 0.400000
v 0.200000 2.900000 0.400000
v 0.200000 3.000000 0.400000
v 0.200000 3.100000 0.400000
v 0.300000 2.500000 0.400000
v 0.300000 2.600000 0.400000
v 0.300000 2.700000 0.400000
v 0.300000 2.800000 0.400000
v 0.300000 2.900000 0.400000
v 0.300000 3.000000 0.400000
v 0.300000 3.100000 0.400000
v -0.300000 3.200000 0.300000
v -0.300000 3.200000 0.200000
v -0.300000 3.200000 0.100000
v -0.300000 3.200000 0.000000
v -0.300000 3.200000 -0.100000
v -0.300000 3.200000 -0.200000
v -0.300000 3.200000 -0.300000
v -0.200000 3.200000 0.300000
v -0.200000 3.200000 0.200000
v -0.200000 3.200000 0.100000
v -0.200000 3.200000 0.000000
v -0.200000 3.200000 -0.100000
v -0.200000 3.200000 -0.200000
v -0.200000 3.200000 -0.300000
v -0.100000 3.200000 0.300000
v -0.100000 3.200000 0.200000
v -0.100000 3.200000 0.100000
v -0.100000 3.200000 0.000000
v -0.100000 3.200000 -0.100000
v -0.100000 3.200000 -0.200000
v -0.100000 3.200000 -0.300000
v 0.000000 3.200000 0.300000
v 0.000000 3.200000 0.200000
v 0.000000 3.200000 0.100000
v 0.000000 3.200000 0.000000
v 0.000000 3.200000 -0.100000
v 0.000000 3.200000 -0.200000
v 0.000000 3.200000 -0.300000
v 0.100000 3.200000 0.300000
v 0.100000 3.200000 0.200000
v 0.100000 3.200000 0.100000
v 0.100000 3.200000 0.000000
v 0.100000 3.200000 -0.100000
v 0.100000 3.200000 -0.200000
v 0.100000 3.200000 -0.300000
v 0.200000 3.200000 0.300000
v 0.200000 3.200000 0.200000
v 0.200000 3.200000 0.100000
v 0.200000 3.200000 0.000000
v 0.200000 3.200000 -0.100000
v 0.200000 3.200000 -0.200000
v 0.200000 3.200000 -0.300000
v 0.300000 3.200000 0.300000
v 0.300000 3.200000 0.200000
v 0.300000 3.200000 0.100000
v 0.300000 3.200000 0.000000
v 0.300000 3.200000 -0.100000
v 0.300000 3.200000 -0.200000
v 0.300000 3.200000 -0.300000
v -0.300000 2.400000 0.300000
v -0.200000 2.400000 0.300000
v -0.100000 2.400000 0.300000
v 0.000000 2.400000 0.300000
v 0.100000 2.400000 0.300000
v 0.200000 2.400000 0.300000
v 0.300000 2.400000 0.300000
v -0.300000 2.400000 0.200000
v -0.200000 2.400000 0.200000
v -0.100000 2.400000 0.200000
v 0.000000 2.400000 0.200000
v 0.100000 2.400000 0.200000
v 0.200000 2.400000 0.200000
v 0.300000 2.400000 0.200000
v -0.300000 2.400000 0.100000
v -0.200000 2.400000 0.100000
v -0.100000 2.400000 0.100000
v 0.000000 2.400000 0.100000
v 0.100000 2.400000 0.100000
v 0.200000 2.400000 0.100000
v 0.300000 2.400000 0.100000
v -0.300000 2.400000 0.000000
v -0.200000 2.400000 0.000000
v -0.100000 2.400000 0.000000
v 0.000000 2.400000 0.000000
v 0.100000 2.400000 0.000000
v 0.200000 2.400000 0.000000
v 0.300000 2.400000 0.000000
v -0.300000 2.400000 -0.100000
v -0.200000 2.400000 -0.100000
v -0.100000 2.400000 -0.100000
v 0.000000 2.400000 -0.100000
v 0.100000 2.400000 -0.100000
v 0.200000 2.400000 -0.100000
v 0.300000 2.400000 -0.100000
v -0.300000 2.400000 -0.200000
v -0.200000 2.400000 -0.200000
v -0.100000 2.400000 -0.200000
v 0.000000 2.400000 -0.200000
v 0.100000 2.400000 -0.200000
v 0.200000 2.400000 -0.200000
v 0.300000 2.400000 -0.200000
v -0.300000 2.400000 -0.300000
v -0.200000 2.400000 -0.300000
v -0.100000 2.400000 -0.300000
v 0.000000 2.400000 -0.300000
v 0.100000 2.400000 -0.300000
v 0.200000 2.400000 -0.300000
v 0.300000 2.400000 -0.300000
v -0.425000 2.375000 0.318750
v -0.425000 2.375000 0.212500
v -0.425000 2.375000 0.106250
v -0.425000 2.375000 0.000000
v -0.425000 2.375000 -0.106250
v -0.425000 2.375000 -0.212500
v -0.425000 2.375000 -0.318750
v -0.318750 2.375000 -0.425000
v -0.212500 2.375000 -0.425000
v -0.106250 2.375000 -0.425000
v 0.000000 2.375000 -0.425000
v 0.106251 2.375000 -0.425000
v 0.212501 2.375000 -0.425000
v 0.318751 2.375000 -0.425000
v 0.425001 2.375000 -0.318750
v 0.425001 2.375000 -0.212500
v 0.425001 2.375000 -0.106250
v 0.425001 2.375000 0.000000
v 0.425001 2.375000 0.106250
v 0.425001 2.375000 0.212500
v 0.425001 2.375000 0.318750
v 0.318751 2.375000 0.425000
v 0.212501 2.375000 0.425000
v 0.106251 2.375000 0.425000
v 0.000000 2.375000 0.425000
v -0.106250 2.375000 0.425000
v -0.212500 2.375000 0.425000
v -0.318750 2.375000 0.425000
v -0.318750 3.225001 0.425000
v -0.212500 3.225001 0.425000
v -0.106250 3.225001 0.425000
v 0.000000 3.225001 0.425000
v 0.106251 3.225001 0.425000
v 0.212501 3.225001 0.425000
v 0.318751 3.225001 0.425000
v 0.425001 3.225001 0.318750
v 0.425001 3.225001 0.212500
v 0.425001 3.225001 0.106250
v 0.425001 3.225001 0.000000
v 0.425001 3.225001 -0.106250
v 0.425001 3.225001 -0.212500
v 0.425001 3.225001 -0.318750
v 0.318751 3.225001 -0.425000
v 0.212501 3.225001 -0.425000
v 0.106251 3.225001 -0.425000
v 0.000000 3.225001 -0.425000
v -0.106250 3.225001 -0.425000
v -0.212500 3.225001 -0.425000
v -0.318750 3.225001 -0.425000
v -0.425000 3.225001 -0.318750
v -0.425000 3.225001 -0.212500
v -0.425000 3.225001 -0.106250
v -0.425000 3.225001 0.000000
v -0.425000 3.225001 0.106250
v -0.425000 3.225001 0.212500
v -0.425000 3.225001 0.318750
v 0.425001 2.481251 0.425000
v 0.425001 2.587501 0.425000
v 0.425001 2.693751 0.425000
v 0.425001 2.800001 0.425000
v 0.425001 2.906250 0.425000
v 0.425001 3.012501 0.425000
v 0.425001 3.118751 0.425000
v -0.425000 3.118751 0.425000
v -0.425000 3.012501 0.425000
v -0.425000 2.906250 0.425000
v -0.425000 2.800001 0.425000
v -0.425000 2.693751 0.425000
v -0.425000 2.587501 0.425000
v -0.425000 2.481251 0.425000
v 0.425001 2.481251 -0.425000
v 0.425001 2.587501 -0.425000
v 0.425001 2.693751 -0.425000
v 0.425001 2.800001 -0.425000
v 0.425001 2.906250 -0.425000
v 0.425001 3.012501 -0.425000
v 0.425001 3.118751 -0.425000
v -0.425000 2.481251 -0.425000
v -0.425000 2.587501 -0.425000
v -0.425000 2.693751 -0.425000
v -0.425000 2.800001 -0.425000
v -0.425000 2.906250 -0.425000
v -0.425000 3.012501 -0.425000
v -0.425000 3.118751 -0.425000
v -0.425000 2.481251 -0.318750
v -0.425000 2.587501 -0.318750
v -0.425000 2.693751 -0.318750
v -0.425000 2.800001 -0.318750
v -0.425000 2.906250 -0.318750
v -0.425000 3.012501 -0.318750
v -0.425000 3.118751 -0.318750
v -0.425000 2.481251 -0.212500
v -0.425000 2.587501 -0.212500
v -0.425000 2.693751 -0.212500
v -0.425000 2.800001 -0.212500
v -0.425000 2.906250 -0.212500
v -0.425000 3.012501 -0.212500
v -0.425000 3.118751 -0.212500
v -0.425000 2.481251 -0.106250
v -0.425000 2.587501 -0.106250
v -0.425000 2.693751 -0.106250
v -0.425000 2.800001 -0.106250
v -0.425000 2.906250 -0.106250
v -0.425000 3.012501 -0.106250
v -0.425000 3.118751 -0.106250
v -0.425000 2.481251 0.000000
v -0.425000 2.587501 0.000000
v -0.425000 2.693751 0.000000
v -0.425000 2.800001 0.000000
v -0.425000 2.906250 0.000000
v -0.425000 3.012501 0.000000
v -0.425000 3.118751 0.000000
v -0.425000 2.481251 0.106250
v -0.425000 2.587501 0.106250
v -0.425000 2.693751 0.106250
v -0.425000 2.800001 0.106250
v -0.425000 2.906250 0.106250
v -0.425000 3.012501 0.106250
v -0.425000 3.118751 0.106250
v -0.425000 2.481251 0.212500
v -0.425000 2.587501 0.212500
v -0.425000 2.693751 0.212500
v -0.425000 2.800001 0.212500
v -0.425000 2.906250 0.212500
v -0.425000 3.012501 0.212500
v -0.425000 3.118751 0.212500
v -0.425000 2.481251 0.318750
v -0.425000 2.587501 0.318750
v -0.425000 2.693751 0.318750
v -0.425000 2.800001 0.318750
v -0.425000 2.906250 0.318750
v -0.425000 3.012501 0.318750
v -0.425000 3.118751 0.318750
v 0.318751 2.481251 -0.425000
v 0.318751 2.587501 -0.425000
v 0.318751 2.693751 -0.425000
v 0.318751 2.800001 -0.425000
v 0.318751 2.906250 -0.425000
v 0.318751 3.012501 -0.425000
v 0.318751 3.118751 -0.425000
v 0.212501 2.481251 -0.425000
v 0.212501 2.587501 -0.425000
v 0.212501 2.693751 -0.425000
v 0.212501 2.800001 -0.425000
v 0.212501 2.906250 -0.425000
v 0.212501 3.012501 -0.425000
v 0.212501 3.118751 -0.425000
v 0.106251 2.481251 -0.425000
v 0.106251 2.587501 -0.425000
v 0.106251 2.693751 -0.425000
v 0.106251 2.800001 -0.425000
v 0.106251 2.906250 -0.425000
v 0.106251 3.012501 -0.425000
v 0.106251 3.118751 -0.425000
v 0.000000 2.481251 -0.425000
v 0.000000 2.587501 -0.425000
v 0.000000 2.693751 -0.425000
v 0.000000 2.800001 -0.425000
v 0.000000 2.906250 -0.425000
v 0.000000 3.012501 -0.425000
v 0.000000 3.118751 -0.425000
v -0.106250 2.481251 -0.425000
v -0.106250 2.587501 -0.425000
v -0.106250 2.693751 -0.425000
v -0.106250 2.800001 -0.425000
v -0.106250 2.906250 -0.425000
v -0.106250 3.012501 -0.425000
v -0.106250 3.118751 -0.425000
v -0.212500 2.481251 -0.425000
v -0.212500 2.587501 -0.425000
v -0.212500 2.693751 -0.425000
v -0.212500 2.800001 -0.425000
v -0.212500 2.906250 -0.425000
v -0.212500 3.012501 -0.425000
v -0.212500 3.118751 -0.425000
v -0.318750 2.481251 -0.425000
v -0.318750 2.587501 -0.425000
v -0.318750 2.693751 -0.425000
v -0.318750 2.800001 -0.425000
v -0.318750 2.906250 -0.425000
v -0.318750 3.012501 -0.425000
v -0.318750 3.118751 -0.425000
v 0.425001 2.481251 0.318750
v 0.425001 2.587501 0.318750
v 0.425001 2.693751 0.318750
v 0.425001 2.800001 0.318750
v 0.425001 2.906250 0.318750
v 0.425001 3.012501 0.318750
v 0.425001 3.118751 0.318750
v 0.425001 2.481251 0.212500
v 0.425001 2.587501 0.212500
v 0.425001 2.693751 0.212500
v 0.425001 2.800001 0.212500
v 0.425001 2.906250 0.212500
v 0.425001 3.012501 0.212500
v 0.425001 3.118751 0.212500
v 0.425001 2.481251 0.106250
v 0.425001 2.587501 0.106250
v 0.425001 2.693751 0.106250
v 0.425001 2.800001 0.106250
v 0.425001 2.906250 0.106250
v 0.425001 3.012501 0.106250
v 0.425001 3.118751 0.106250
v 0.425001 2.481251 0.000000
v 0.425001 2.587501 0.000000
v 0.425001 2.693751 0.000000
v 0.425001 2.800001 0.000000
v 0.425001 2.906250 0.000000
v 0.425001 3.012501 0.000000
v 0.425001 3.118751 0.000000
v 0.425001 2.481251 -0.106250
v 0.425001 2.587501 -0.106250
v 0.425001 2.693751 -0.106250
v 0.425001 2.800001 -0.106250
v 0.425001 2.906250 -0.106250
v 0.425001 3.012501 -0.106250
v 0.425001 3.118751 -0.106250
v 0.425001 2.481251 -0.212500
v 0.425001 2.587501 -0.212500
v 0.425001 2.693751 -0.212500
v 0.425001 2.800001 -0.212500
v 0.425001 2.906250 -0.212500
v 0.425001 3.012501 -0.212500
v 0.425001 3.118751 -0.212500
v 0.425001 2.481251 -0.318750
v 0.425001 2.587501 -0.318750
v 0.425001 2.693751 -0.318750
v 0.425001 2.800001 -0.318750
v 0.425001 2.906250 -0.318750
v 0.425001 3.012501 -0.318750
v 0.425001 3.118751 -0.318750
v -0.318750 2.481251 0.425000
v -0.318750 2.587501 0.425000
v -0.318750 2.693751 0.425000
v -0.318750 2.800001 0.425000
v -0.318750 2.906250 0.425000
v -0.318750 3.012501 0.425000
v -0.318750 3.118751 0.425000
v -0.212500 2.481251 0.425000
v -0.212500 2.587501 0.425000
v -0.212500 2.693751 0.425000
v -0.212500 2.800001 0.425000
v -0.212500 2.906250 0.425000
v -0.212500 3.012501 0.425000
v -0.212500 3.118751 0.425000
v -0.106250 2.481251 0.425000
v -0.106250 2.587501 0.425000
v -0.106250 2.693751 0.425000
v -0.106250 2.800001 0.425000
v -0.106250 2.906250 0.425000
v -0.106250 3.012501 0.425000
v -0.106250 3.118751 0.425000
v 0.000000 2.481251 0.425000
v 0.000000 2.587501 0.425000
v 0.000000 2.693751 0.425000
v 0.000000 2.800001 0.425000
v 0.000000 2.906250 0.425000
v 0.000000 3.012501 0.425000
v 0.000000 3.118751 0.425000
v 0.106251 2.481251 0.425000
v 0.106251 2.587501 0.425000
v 0.106251 2.693751 0.425000
v 0.106251 2.800001 0.425000
v 0.106251 2.906250 0.425000
v 0.106251 3.012501 0.425000
v 0.106251 3.118751 0.425000
v 0.212501 2.481251 0.425000
v 0.212501 2.587501 0.425000
v 0.212501 2.693751 0.425000
v 0.212501 2.800001 0.425000
v 0.212501 2.906250 0.425000
v 0.212501 3.012501 0.425000
v 0.212501 3.118751 0.425000
v 0.318751 2.481251 0.425000
v 0.318751 2.587501 0.425000
v 0.318751 2.693751 0.425000
v 0.318751 2.800001 0.425000
v 0.318751 2.906250 0.425000
v 0.318751 3.012501 0.425000
v 0.318751 3.118751 0.425000
v -0.318750 3.225001 0.318750
v -0.318750 3.225001 0.212500
v -0.318750 3.225001 0.106250
v -0.318750 3.225001 0.000000
v -0.318750 3.225001 -0.106250
v -0.318750 3.225001 -0.212500
v -0.318750 3.225001 -0.318750
v -0.212500 3.225001 0.318750
v -0.212500 3.225001 0.212500
v -0.212500 3.225001 0.106250
v -0.212500 3.225001 0.000000
v -0.212500 3.225001 -0.106250
v -0.212500 3.225001 -0.212500
v -0.212500 3.225001 -0.318750
v -0.106250 3.225001 0.318750
v -0.106250 3.225001 0.212500
v -0.106250 3.225001 0.106250
v -0.106250 3.225001 0.000000
v -0.106250 3.225001 -0.106250
v -0.106250 3.225001 -0.212500
v -0.106250 3.225001 -0.318750
v 0.000000 3.225001 0.318750
v 0.000000 3.225001 0.212500
v 0.000000 3.225001 0.106250
v 0.000000 3.225001 0.000000
v 0.000000 3.225001 -0.106250
v 0.000000 3.225001 -0.212500
v 0.000000 3.225001 -0.318750
v 0.106251 3.225001 0.318750
v 0.106251 3.225001 0.212500
v 0.106251 3.225001 0.106250
v 0.106251 3.225001 0.000000
v 0.106251 3.225001 -0.106250
v 0.106251 3.225001 -0.212500
v 0.106251 3.225001 -0.318750
v 0.212501 3.225001 0.318750
v 0.212501 3.225001 0.212500
v 0.212501 3.225001 0.106250
v 0.212501 3.225001 0.000000
v 0.212501 3.225001 -0.106250
v 0.212501 3.225001 -0.212500
v 0.212501 3.225001 -0.318750
v 0.318751 3.225001 0.318750
v 0.318751 3.225001 0.212500
v 0.318751 3.225001 0.106250
v 0.318751 3.225001 0.000000
v 0.318751 3.225001 -0.106250
v 0.318751 3.225001 -0.212500
v 0.318751 3.225001 -0.318750
v -0.318750 2.375000 0.318750
v -0.212500 2.375000 0.318750
v -0.106250 2.375000 0.318750
v 0.000000 2.375000 0.318750
v 0.106251 2.375000 0.318750
v 0.212501 2.375000 0.318750
v 0.318751 2.375000 0.318750
v -0.318750 2.375000 0.212500
v -0.212500 2.375000 0.212500
v -0.106250 2.375000 0.212500
v 0.000000 2.375000 0.212500
v 0.106251 2.375000 0.212500
v 0.212501 2.375000 0.212500
v 0.318751 2.375000 0.212500
v -0.318750 2.375000 0.106250
v -0.212500 2.375000 0.106250
v -0.106250 2.375000 0.106250
v 0.000000 2.375000 0.106250
v 0.106251 2.375000 0.106250
v 0.212501 2.375000 0.106250
v 0.318751 2.375000 0.106250
v -0.318750 2.375000 0.000000
v -0.212500 2.375000 0.000000
v -0.106250 2.375000 0.000000
v 0.000000 2.375000 0.000000
v 0.106251 2.375000 0.000000
v 0.212501 2.375000 0.000000
v 0.318751 2.375000 0.000000
v -0.318750 2.375000 -0.106250
v -0.212500 2.375000 -0.106250
v -0.106250 2.375000 -0.106250
v 0.000000 2.375000 -0.106250
v 0.106251 2.375000 -0.106250
v 0.212501 2.375000 -0.106250
v 0.318751 2.375000 -0.106250
v -0.318750 2.375000 -0.212500
v -0.212500 2.375000 -0.212500
v -0.106250 2.375000 -0.212500
v 0.000000 2.375000 -0.212500
v 0.106251 2.375000 -0.212500
v 0.212501 2.375000 -0.212500
v 0.318751 2.375000 -0.212500
v -0.318750 2.375000 -0.318750
v -0.212500 2.375000 -0.318750
v -0.106250 2.375000 -0.318750
v 0.000000 2.375000 -0.318750
v 0.106251 2.375000 -0.318750
v 0.212501 2.375000 -0.318750
v 0.318751 2.375000 -0.318750
v 0.000000 0.100000 0.200000
v 0.000000 0.200000 0.200000
v 0.000000 0.300000 0.200000
v 0.000000 0.400000 0.200000
v 0.000000 0.500000 0.200000
v 0.000000 0.600000 0.200000
v 0.000000 0.700000 0.200000
v 0.000000 0.800000 0.200000
v 0.000000 0.900000 0.200000
v 0.000000 1.000000 0.200000
v 0.000000 1.100000 0.200000
v -0.400000 1.100000 0.200000
v -0.400000 1.000000 0.200000
v -0.400000 0.900000 0.200000
v -0.400000 0.800000 0.200000
v -0.400000 0.700000 0.200000
v -0.400000 0.600000 0.200000
v -0.400000 0.500000 0.200000
v -0.400000 0.400000 0.200000
v -0.400000 0.300000 0.200000
v -0.400000 0.200000 0.200000
v -0.400000 0.100000 0.200000
v 0.000000 0.100000 -0.200000
v 0.000000 0.200000 -0.200000
v 0.000000 0.300000 -0.200000
v 0.000000 0.400000 -0.200000
v 0.000000 0.500000 -0.200000
v 0.000000 0.600000 -0.200000
v 0.000000 0.700000 -0.200000
v 0.000000 0.800000 -0.200000
v 0.000000 0.900000 -0.200000
v 0.000000 1.000000 -0.200000
v 0.000000 1.100000 -0.200000
v -0.400000 0.100000 -0.200000
v -0.400000 0.200000 -0.200000
v -0.400000 0.300000 -0.200000
v -0.400000 0.400000 -0.200000
v -0.400000 0.500000 -0.200000
v -0.400000 0.600000 -0.200000
v -0.400000 0.700000 -0.200000
v -0.400000 0.800000 -0.200000
v -0.400000 0.900000 -0.200000
v -0.400000 1.000000 -0.200000
v -0.400000 1.100000 -0.200000
v 0.400000 0.100000 0.200000
v 0.400000 0.200000 0.200000
v 0.400000 0.300000 0.200000
v 0.400000 0.400000 0.200000
v 0.400000 0.500000 0.200000
v 0.400000 0.600000 0.200000
v 0.400000 0.700000 0.200000
v 0.400000 0.800000 0.200000
v 0.400000 0.900000 0.200000
v 0.400000 1.000000 0.200000
v 0.400000 1.100000 0.200000
v 0.000000 1.100000 0.200000
v 0.000000 1.000000 0.200000
v 0.000000 0.900000 0.200000
v 0.000000 0.800000 0.200000
v 0.000000 0.700000 0.200000
v 0.000000 0.600000 0.200000
v 0.000000 0.500000 0.200000
v 0.000000 0.400000 0.200000
v 0.000000 0.300000 0.200000
v 0.000000 0.200000 0.200000
v 0.000000 0.100000 0.200000
v 0.400000 0.100000 -0.200000
v 0.400000 0.200000 -0.200000
v 0.400000 0.300000 -0.200000
v 0.400000 0.400000 -0.200000
v 0.400000 0.500000 -0.200000
v 0.400000 0.600000 -0.200000
v 0.400000 0.700000 -0.200000
v 0.400000 0.800000 -0.200000
v 0.400000 0.900000 -0.200000
v 0.400000 1.000000 -0.200000
v 0.400000 1.100000 -0.200000
v 0.000000 0.100000 -0.200000
v 0.000000 0.200000 -0.200000
v 0.000000 0.300000 -0.200000
v 0.000000 0.400000 -0.200000
v 0.000000 0.500000 -0.200000
v 0.000000 0.600000 -0.200000
v 0.000000 0.700000 -0.200000
v 0.000000 0.800000 -0.200000
v 0.000000 0.900000 -0.200000
v 0.000000 1.000000 -0.200000
v 0.000000 1.100000 -0.200000
v -0.400000 0.000000 0.100000
v -0.400000 0.000000 0.000000
v -0.400000 0.000000 -0.100000
v 0.000000 0.000000 -0.100000
v 0.000000 0.000000 0.000000
v 0.000000 0.000000 0.100000
v 0.000000 1.200000 0.100000
v 0.000000 1.200000 0.000000
v 0.000000 1.200000 -0.100000
v -0.400000 1.200000 -0.100000
v -0.400000 1.200000 0.000000
v -0.400000 1.200000 0.100000
v -0.400000 0.100000 0.100000
v -0.400000 0.100000 0.000000
v -0.400000 0.100000 -0.100000
v -0.400000 0.200000 0.100000
v -0.400000 0.200000 0.000000
v -0.400000 0.200000 -0.100000
v -0.400000 0.300000 0.100000
v -0.400000 0.300000 0.000000
v -0.400000 0.300000 -0.100000
v -0.400000 0.400000 0.100000
v -0.400000 0.400000 0.000000
v -0.400000 0.400000 -0.100000
v -0.400000 0.500000 0.100000
v -0.400000 0.500000 0.000000
v -0.400000 0.500000 -0.100000
v -0.400000 0.600000 0.100000
v -0.400000 0.600000 0.000000
v -0.400000 0.600000 -0.100000
v -0.400000 0.700000 0.100000
v -0.400000 0.700000 0.000000
v -0.400000 0.700000 -0.100000
v -0.400000 0.800000 0.100000
v -0.400000 0.800000 0.000000
v -0.400000 0.800000 -0.100000
v -0.400000 0.900000 0.100000
v -0.400000 0.900000 0.000000
v -0.400000 0.900000 -0.100000
v -0.400000 1.000000 0.100000
v -0.400000 1.000000 0.000000
v -0.400000 1.000000 -0.100000
v -0.400000 1.100000 0.100000
v -0.400000 1.100000 0.000000
v -0.400000 1.100000 -0.100000
v 0.000000 0.100000 -0.100000
v 0.000000 0.100000 0.000000
v 0.000000 0.100000 0.100000
v 0.000000 0.200000 -0.100000
v 0.000000 0.200000 0.000000
v 0.000000 0.200000 0.100000
v 0.000000 0.300000 -0.100000
v 0.000000 0.300000 0.000000
v 0.000000 0.300000 0.100000
v 0.000000 0.400000 -0.100000
v 0.000000 0.400000 0.000000
v 0.000000 0.400000 0.100000
v 0.000000 0.500000 -0.100000
v 0.000000 0.500000 0.000000
v 0.000000 0.500000 0.100000
v 0.000000 0.600000 -0.100000
v 0.000000 0.600000 0.000000
v 0.000000 0.600000 0.100000
v 0.000000 0.700000 -0.100000
v 0.000000 0.700000 0.000000
v 0.000000 0.700000 0.100000
v 0.000000 0.800000 -0.100000
v 0.000000 0.800000 0.000000
v 0.000000 0.800000 0.100000
v 0.000000 0.900000 -0.100000
v 0.000000 0.900000 0.000000
v 0.000000 0.900000 0.100000
v 0.000000 1.000000 -0.100000
v 0.000000 1.000000 0.000000
v 0.000000 1.000000 0.100000
v 0.000000 1.100000 -0.100000
v 0.000000 1.100000 0.000000
v 0.000000 1.100000 0.100000
v 0.000000 0.000000 0.100000
v 0.000000 0.000000 0.000000
v 0.000000 0.000000 -0.100000
v 0.400000 0.000000 -0.100000
v 0.400000 0.000000 0.000000
v 0.400000 0.000000 0.100000
v 0.400000 1.200000 0.100000
v 0.400000 1.200000 -0.100000
v 0.000000 1.200000 -0.100000
v 0.000000 1.200000 0.000000
v 0.000000 0.100000 0.100000
v 0.000000 0.100000 0.000000
v 0.000000 0.100000 -0.100000
v 0.000000 0.200000 0.100000
v 0.000000 0.200000 0.000000
v 0.000000 0.200000 -0.100000
v 0.000000 0.300000 0.100000
v 0.000000 0.300000 0.000000
v 0.000000 0.300000 -0.100000
v 0.000000 0.400000 0.100000
v 0.000000 0.400000 0.000000
v 0.000000 0.400000 -0.100000
v 0.000000 0.500000 0.100000
v 0.000000 0.500000 0.000000
v 0.000000 0.500000 -0.100000
v 0.000000 0.600000 0.100000
v 0.000000 0.600000 0.000000
v 0.000000 0.600000 -0.100000
v 0.000000 0.700000 0.100000
v 0.000000 0.700000 0.000000
v 0.000000 0.700000 -0.100000
v 0.000000 0.800000 0.100000
v 0.000000 0.800000 0.000000
v 0.000000 0.800000 -0.100000
v 0.000000 0.900000 0.100000
v 0.000000 0.900000 0.000000
v 0.000000 0.900000 -0.100000
v 0.000000 1.000000 0.100000
v 0.000000 1.000000 0.000000
v 0.000000 1.000000 -0.100000
v 0.000000 1.100000 0.100000
v 0.000000 1.100000 0.000000
v 0.000000 1.100000 -0.100000
v 0.400000 0.100000 -0.100000
v 0.400000 0.100000 0.000000
v 0.400000 0.100000 0.100000
v 0.400000 0.200000 -0.100000
v 0.400000 0.200000 0.000000
v 0.400000 0.200000 0.100000
v 0.400000 0.300000 -0.100000
v 0.400000 0.300000 0.000000
v 0.400000 0.300000 0.100000
v 0.400000 0.400000 -0.100000
v 0.400000 0.400000 0.000000
v 0.400000 0.400000 0.100000
v 0.400000 0.500000 -0.100000
v 0.400000 0.500000 0.000000
v 0.400000 0.500000 0.100000
v 0.400000 0.600000 -0.100000
v 0.400000 0.600000 0.000000
v 0.400000 0.600000 0.100000
v 0.400000 0.700000 -0.100000
v 0.400000 0.700000 0.000000
v 0.400000 0.700000 0.100000
v 0.400000 0.800000 -0.100000
v 0.400000 0.800000 0.000000
v 0.400000 0.800000 0.100000
v 0.400000 0.900000 -0.100000
v 0.400000 0.900000 0.000000
v 0.400000 0.900000 0.100000
v 0.400000 1.000000 -0.100000
v 0.400000 1.000000 0.000000
v 0.400000 1.000000 0.100000
v 0.400000 1.100000 -0.100000
v 0.400000 1.100000 0.000000
v 0.400000 1.100000 0.100000
v -0.300000 0.000000 -0.200000
v -0.200000 0.000000 -0.200000
v -0.100000 0.000000 -0.200000
v -0.100000 0.000000 0.200000
v -0.200000 0.000000 0.200000
v -0.300000 0.000000 0.200000
v -0.300000 1.200000 0.200000
v -0.200000 1.200000 0.200000
v -0.100000 1.200000 0.200000
v -0.100000 1.200000 -0.200000
v -0.200000 1.200000 -0.200000
v -0.300000 1.200000 -0.200000
v -0.300000 0.100000 -0.200000
v -0.200000 0.100000 -0.200000
v -0.100000 0.100000 -0.200000
v -0.300000 0.200000 -0.200000
v -0.200000 0.200000 -0.200000
v -0.100000 0.200000 -0.200000
v -0.300000 0.300000 -0.200000
v -0.200000 0.300000 -0.200000
v -0.100000 0.300000 -0.200000
v -0.300000 0.400000 -0.200000
v -0.200000 0.400000 -0.200000
v -0.100000 0.400000 -0.200000
v -0.300000 0.500000 -0.200000
v -0.200000 0.500000 -0.200000
v -0.100000 0.500000 -0.200000
v -0.300000 0.600000 -0.200000
v -0.200000 0.600000 -0.200000
v -0.100000 0.600000 -0.200000
v -0.300000 0.700000 -0.200000
v -0.200000 0.700000 -0.200000
v -0.100000 0.700000 -0.200000
v -0.300000 0.800000 -0.200000
v -0.200000 0.800000 -0.200000
v -0.100000 0.800000 -0.200000
v -0.300000 0.900000 -0.200000
v -0.200000 0.900000 -0.200000
v -0.100000 0.900000 -0.200000
v -0.300000 1.000000 -0.200000
v -0.200000 1.000000 -0.200000
v -0.100000 1.000000 -0.200000
v -0.300000 1.100000 -0.200000
v -0.200000 1.100000 -0.200000
v -0.100000 1.100000 -0.200000
v -0.100000 0.100000 0.200000
v -0.200000 0.100000 0.200000
v -0.300000 0.100000 0.200000
v -0.100000 0.200000 0.200000
v -0.200000 0.200000 0.200000
v -0.300000 0.200000 0.200000
v -0.100000 0.300000 0.200000
v -0.200000 0.300000 0.200000
v -0.300000 0.300000 0.200000
v -0.100000 0.400000 0.200000
v -0.200000 0.400000 0.200000
v -0.300000 0.400000 0.200000
v -0.100000 0.500000 0.200000
v -0.200000 0.500000 0.200000
v -0.300000 0.500000 0.200000
v -0.100000 0.600000 0.200000
v -0.200000 0.600000 0.200000
v -0.300000 0.600000 0.200000
v -0.100000 0.700000 0.200000
v -0.200000 0.700000 0.200000
v -0.300000 0.700000 0.200000
v -0.100000 0.800000 0.200000
v -0.200000 0.800000 0.200000
v -0.300000 0.800000 0.200000
v -0.100000 0.900000 0.200000
v -0.200000 0.900000 0.200000
v -0.300000 0.900000 0.200000
v -0.100000 1.000000 0.200000
v -0.200000 1.000000 0.200000
v -0.300000 1.000000 0.200000
v -0.100000 1.100000 0.200000
v -0.200000 1.100000 0.200000
v -0.300000 1.100000 0.200000
v -0.100000 1.200000 0.100000
v -0.200000 1.200000 0.100000
v -0.300000 1.200000 0.100000
v -0.100000 1.200000 0.000000
v -0.200000 1.200000 0.000000
v -0.300000 1.200000 0.000000
v -0.100000 1.200000 -0.100000
v -0.200000 1.200000 -0.100000
v -0.300000 1.200000 -0.100000
v -0.300000 0.000000 0.100000
v -0.200000 0.000000 0.100000
v -0.100000 0.000000 0.100000
v -0.300000 0.000000 0.000000
v -0.200000 0.000000 0.000000
v -0.100000 0.000000 0.000000
v -0.300000 0.000000 -0.100000
v -0.200000 0.000000 -0.100000
v -0.100000 0.000000 -0.100000
v 0.100000 0.000000 -0.200000
v 0.200000 0.000000 -0.200000
v 0.300000 0.000000 -0.200000
v 0.300000 0.000000 0.200000
v 0.200000 0.000000 0.200000
v 0.100000 0.000000 0.200000
v 0.100000 1.200000 0.200000
v 0.200000 1.200000 0.200000
v 0.300000 1.200000 0.200000
v 0.300000 1.200000 -0.200000
v 0.200000 1.200000 -0.200000
v 0.100000 1.200000 -0.200000
v 0.100000 0.100000 -0.200000
v 0.200000 0.100000 -0.200000
v 0.300000 0.100000 -0.200000
v 0.100000 0.200000 -0.200000
v 0.200000 0.200000 -0.200000
v 0.300000 0.200000 -0.200000
v 0.100000 0.300000 -0.200000
v 0.200000 0.300000 -0.200000
v 0.300000 0.300000 -0.200000
v 0.100000 0.400000 -0.200000
v 0.200000 0.400000 -0.200000
v 0.300000 0.400000 -0.200000
v 0.100000 0.500000 -0.200000
v 0.200000 0.500000 -0.200000
v 0.300000 0.500000 -0.200000
v 0.100000 0.600000 -0.200000
v 0.200000 0.600000 -0.200000
v 0.300000 0.600000 -0.200000
v 0.100000 0.700000 -0.200000
v 0.200000 0.700000 -0.200000
v 0.300000 0.700000 -0.200000
v 0.100000 0.800000 -0.200000
v 0.200000 0.800000 -0.200000
v 0.300000 0.800000 -0.200000
v 0.100000 0.900000 -0.200000
v 0.200000 0.900000 -0.200000
v 0.300000 0.900000 -0.200000
v 0.100000 1.000000 -0.200000
v 0.200000 1.000000 -0.200000
v 0.300000 1.000000 -0.200000
v 0.100000 1.100000 -0.200000
v 0.200000 1.100000 -0.200000
v 0.300000 1.100000 -0.200000
v 0.300000 0.100000 0.200000
v 0.200000 0.100000 0.200000
v 0.100000 0.100000 0.200000
v 0.300000 0.200000 0.200000
v 0.200000 0.200000 0.200000
v 0.100000 0.200000 0.200000
v 0.300000 0.300000 0.200000
v 0.200000 0.300000 0.200000
v 0.100000 0.300000 0.200000
v 0.300000 0.400000 0.200000
v 0.200000 0.400000 0.200000
v 0.100000 0.400000 0.200000
v 0.300000 0.500000 0.200000
v 0.200000 0.500000 0.200000
v 0.100000 0.500000 0.200000
v 0.300000 0.600000 0.200000
v 0.200000 0.600000 0.200000
v 0.100000 0.600000 0.200000
v 0.300000 0.700000 0.200000
v 0.200000 0.700000 0.200000
v 0.100000 0.700000 0.200000
v 0.300000 0.800000 0.200000
v 0.200000 0.800000 0.200000
v 0.100000 0.800000 0.200000
v 0.300000 0.900000 0.200000
v 0.200000 0.900000 0.200000
v 0.100000 0.900000 0.200000
v 0.300000 1.000000 0.200000
v 0.200000 1.000000 0.200000
v 0.100000 1.000000 0.200000
v 0.300000 1.100000 0.200000
v 0.200000 1.100000 0.200000
v 0.100000 1.100000 0.200000
v 0.300000 1.200000 0.100000
v 0.200000 1.200000 0.100000
v 0.100000 1.200000 0.100000
v 0.300000 1.200000 0.000000
v 0.200000 1.200000 0.000000
v 0.100000 1.200000 0.000000
v 0.300000 1.200000 -0.100000
v 0.200000 1.200000 -0.100000
v 0.100000 1.200000 -0.100000
v 0.100000 0.000000 0.100000
v 0.200000 0.000000 0.100000
v 0.300000 0.000000 0.100000
v 0.100000 0.000000 0.000000
v 0.200000 0.000000 0.000000
v 0.300000 0.000000 0.000000
v 0.100000 0.000000 -0.100000
v 0.200000 0.000000 -0.100000
v 0.300000 0.000000 -0.100000
v 0.025001 0.079167 0.225000
v 0.025001 0.183333 0.225000
v 0.025001 0.287500 0.225000
v 0.025001 0.391667 0.225000
v 0.025001 0.495833 0.225000
v 0.025001 0.600000 0.225000
v 0.025001 0.704167 0.225000
v 0.025001 0.808334 0.225000
v 0.025001 0.912500 0.225000
v 0.025001 1.016667 0.225000
v 0.025001 1.120834 0.225000
v -0.425000 1.120834 0.225000
v -0.425000 1.016667 0.225000
v -0.425000 0.912500 0.225000
v -0.425000 0.808334 0.225000
v -0.425000 0.704167 0.225000
v -0.425000 0.600000 0.225000
v -0.425000 0.495833 0.225000
v -0.425000 0.391667 0.225000
v -0.425000 0.287500 0.225000
v -0.425000 0.183333 0.225000
v -0.425000 0.079167 0.225000
v 0.025001 0.079167 -0.225000
v 0.025001 0.183333 -0.225000
v 0.025001 0.287500 -0.225000
v 0.025001 0.391667 -0.225000
v 0.025001 0.495833 -0.225000
v 0.025001 0.600000 -0.225000
v 0.025001 0.704167 -0.225000
v 0.025001 0.808334 -0.225000
v 0.025001 0.912500 -0.225000
v 0.025001 1.016667 -0.225000
v 0.025001 1.120834 -0.225000
v -0.425000 0.079167 -0.225000
v -0.425000 0.183333 -0.225000
v -0.425000 0.287500 -0.225000
v -0.425000 0.391667 -0.225000
v -0.425000 0.495833 -0.225000
v -0.425000 0.600000 -0.225000
v -0.425000 0.704167 -0.225000
v -0.425000 0.808334 -0.225000
v -0.425000 0.912500 -0.225000
v -0.425000 1.016667 -0.225000
v -0.425000 1.120834 -0.225000
v 0.425001 0.079167 0.225000
v 0.425001 0.183333 0.225000
v 0.425001 0.287500 0.225000
v 0.425001 0.391667 0.225000
v 0.425001 0.495833 0.225000
v 0.425001 0.600000 0.225000
v 0.425001 0.704167 0.225000
v 0.425001 0.808334 0.225000
v 0.425001 0.912500 0.225000
v 0.425001 1.016667 0.225000
v 0.425001 1.120834 0.225000
v -0.025000 1.120834 0.225000
v -0.025000 1.016667 0.225000
v -0.025000 0.912500 0.225000
v -0.025000 0.808334 0.225000
v -0.025000 0.704167 0.225000
v -0.025000 0.600000 0.225000
v -0.025000 0.495833 0.225000
v -0.025000 0.391667 0.225000
v -0.025000 0.287500 0.225000
v -0.025000 0.183333 0.225000
v -0.025000 0.079167 0.225000
v 0.425001 0.079167 -0.225000
v 0.425001 0.183333 -0.225000
v 0.425001 0.287500 -0.225000
v 0.425001 0.391667 -0.225000
v 0.425001 0.495833 -0.225000
v 0.425001 0.600000 -0.225000
v 0.425001 0.704167 -0.225000
v 0.425001 0.808334 -0.225000
v 0.425001 0.912500 -0.225000
v 0.425001 1.016667 -0.225000
v 0.425001 1.120834 -0.225000
v -0.025000 0.079167 -0.225000
v -0.025000 0.183333 -0.225000
v -0.025000 0.287500 -0.225000
v -0.025000 0.391667 -0.225000
v -0.025000 0.495833 -0.225000
v -0.025000 0.600000 -0.225000
v -0.025000 0.704167 -0.225000
v -0.025000 0.808334 -0.225000
v -0.025000 0.912500 -0.225000
v -0.025000 1.016667 -0.225000
v -0.025000 1.120834 -0.225000
v -0.312500 -0.025000 -0.225000
v -0.200000 -0.025000 -0.225000
v -0.087500 -0.025000 -0.225000
v -0.087500 -0.025000 0.225000
v -0.200000 -0.025000 0.225000
v -0.312500 -0.025000 0.225000
v -0.312500 1.225000 0.225000
v -0.200000 1.225000 0.225000
v -0.087500 1.225000 0.225000
v -0.087500 1.225000 -0.225000
v -0.200000 1.225000 -0.225000
v -0.312500 1.225000 -0.225000
v -0.312500 0.079167 -0.225000
v -0.200000 0.079167 -0.225000
v -0.087500 0.079167 -0.225000
v -0.312500 0.183333 -0.225000
v -0.200000 0.183333 -0.225000
v -0.087500 0.183333 -0.225000
v -0.312500 0.287500 -0.225000
v -0.200000 0.287500 -0.225000
v -0.087500 0.287500 -0.225000
v -0.312500 0.391667 -0.225000
v -0.200000 0.391667 -0.225000
v -0.087500 0.391667 -0.225000
v -0.312500 0.495833 -0.225000
v -0.200000 0.495833 -0.225000
v -0.087500 0.495833 -0.225000
v -0.312500 0.600000 -0.225000
v -0.200000 0.600000 -0.225000
v -0.087500 0.600000 -0.225000
v -0.312500 0.704167 -0.225000
v -0.200000 0.704167 -0.225000
v -0.087500 0.704167 -0.225000
v -0.312500 0.808334 -0.225000
v -0.200000 0.808334 -0.225000
v -0.087500 0.808334 -0.225000
v -0.312500 0.912500 -0.225000
v -0.200000 0.912500 -0.225000
v -0.087500 0.912500 -0.225000
v -0.312500 1.016667 -0.225000
v -0.200000 1.016667 -0.225000
v -0.087500 1.016667 -0.225000
v -0.312500 1.120834 -0.225000
v -0.200000 1.120834 -0.225000
v -0.087500 1.120834 -0.225000
v -0.087500 0.079167 0.225000
v -0.200000 0.079167 0.225000
v -0.312500 0.079167 0.225000
v -0.087500 0.183333 0.225000
v -0.200000 0.183333 0.225000
v -0.312500 0.183333 0.225000
v -0.087500 0.287500 0.225000
v -0.200000 0.287500 0.225000
v -0.312500 0.287500 0.225000
v -0.087500 0.391667 0.225000
v -0.200000 0.391667 0.225000
v -0.312500 0.391667 0.225000
v -0.087500 0.495833 0.225000
v -0.200000 0.495833 0.225000
v -0.312500 0.495833 0.225000
v -0.087500 0.600000 0.225000
v -0.200000 0.600000 0.225000
v -0.312500 0.600000 0.225000
v -0.087500 0.704167 0.225000
v -0.200000 0.704167 0.225000
v -0.312500 0.704167 0.225000
v -0.087500 0.808334 0.225000
v -0.200000 0.808334 0.225000
v -0.312500 0.808334 0.225000
v -0.087500 0.912500 0.225000
v -0.200000 0.912500 0.225000
v -0.312500 0.912500 0.225000
v -0.087500 1.016667 0.225000
v -0.200000 1.016667 0.225000
v -0.312500 1.016667 0.225000
v -0.087500 1.120834 0.225000
v -0.200000 1.120834 0.225000
v -0.312500 1.120834 0.225000
v 0.087501 -0.025000 -0.225000
v 0.200001 -0.025000 -0.225000
v 0.312501 -0.025000 -0.225000
v 0.312501 -0.025000 0.225000
v 0.200001 -0.025000 0.225000
v 0.087501 -0.025000 0.225000
v 0.087501 1.225000 0.225000
v 0.200001 1.225000 0.225000
v 0.312501 1.225000 0.225000
v 0.312501 1.225000 -0.225000
v 0.200001 1.225000 -0.225000
v 0.087501 1.225000 -0.225000
v 0.087501 0.079167 -0.225000
v 0.200001 0.079167 -0.225000
v 0.312501 0.079167 -0.225000
v 0.087501 0.183333 -0.225000
v 0.200001 0.183333 -0.225000
v 0.312501 0.183333 -0.225000
v 0.087501 0.287500 -0.225000
v 0.200001 0.287500 -0.225000
v 0.312501 0.287500 -0.225000
v 0.087501 0.391667 -0.225000
v 0.200001 0.391667 -0.225000
v 0.312501 0.391667 -0.225000
v 0.087501 0.495833 -0.225000
v 0.200001 0.495833 -0.225000
v 0.312501 0.495833 -0.225000
v 0.087501 0.600000 -0.225000
v 0.200001 0.600000 -0.225000
v 0.312501 0.600000 -0.225000
v 0.087501 0.704167 -0.225000
v 0.200001 0.704167 -0.225000
v 0.312501 0.704167 -0.225000
v 0.087501 0.808334 -0.225000
v 0.200001 0.808334 -0.225000
v 0.312501 0.808334 -0.225000
v 0.087501 0.912500 -0.225000
v 0.200001 0.912500 -0.225000
v 0.312501 0.912500 -0.225000
v 0.087501 1.016667 -0.225000
v 0.200001 1.016667 -0.225000
v 0.312501 1.016667 -0.225000
v 0.087501 1.120834 -0.225000
v 0.200001 1.120834 -0.225000
v 0.312501 1.120834 -0.225000
v 0.312501 0.079167 0.225000
v 0.200001 0.079167 0.225000
v 0.087501 0.079167 0.225000
v 0.312501 0.183333 0.225000
v 0.200001 0.183333 0.225000
v 0.087501 0.183333 0.225000
v 0.312501 0.287500 0.225000
v 0.200001 0.287500 0.225000
v 0.087501 0.287500 0.225000
v 0.312501 0.391667 0.225000
v 0.200001 0.391667 0.225000
v 0.087501 0.391667 0.225000
v 0.312501 0.495833 0.225000
v 0.200001 0.495833 0.225000
v 0.087501 0.495833 0.225000
v 0.312501 0.600000 0.225000
v 0.200001 0.600000 0.225000
v 0.087501 0.600000 0.225000
v 0.312501 0.704167 0.225000
v 0.200001 0.704167 0.225000
v 0.087501 0.704167 0.225000
v 0.312501 0.808334 0.225000
v 0.200001 0.808334 0.225000
v 0.087501 0.808334 0.225000
v 0.312501 0.912500 0.225000
v 0.200001 0.912500 0.225000
v 0.087501 0.912500 0.225000
v 0.312501 1.016667 0.225000
v 0.200001 1.016667 0.225000
v 0.087501 1.016667 0.225000
v 0.312501 1.120834 0.225000
v 0.200001 1.120834 0.225000
v 0.087501 1.120834 0.225000
v -0.025000 -0.025000 0.112500
v -0.025000 -0.025000 0.000000
v -0.025000 -0.025000 -0.112500
v 0.425001 -0.025000 -0.112500
v 0.425001 -0.025000 0.000000
v 0.425001 -0.025000 0.112500
v 0.425001 1.225000 0.112500
v 0.425001 1.225000 0.000000
v 0.425001 1.225000 -0.112500
v -0.025000 1.225000 -0.112500
v -0.025000 1.225000 0.000000
v -0.025000 1.225000 0.112500
v -0.025000 0.079167 0.112500
v -0.025000 0.079167 0.000000
v -0.025000 0.079167 -0.112500
v -0.025000 0.183333 0.112500
v -0.025000 0.183333 0.000000
v -0.025000 0.183333 -0.112500
v -0.025000 0.287500 0.112500
v -0.025000 0.287500 0.000000
v -0.025000 0.287500 -0.112500
v -0.025000 0.391667 0.112500
v -0.025000 0.391667 0.000000
v -0.025000 0.391667 -0.112500
v -0.025000 0.495833 0.112500
v -0.025000 0.495833 0.000000
v -0.025000 0.495833 -0.112500
v -0.025000 0.600000 0.112500
v -0.025000 0.600000 0.000000
v -0.025000 0.600000 -0.112500
v -0.025000 0.704167 0.112500
v -0.025000 0.704167 0.000000
v -0.025000 0.704167 -0.112500
v -0.025000 0.808334 0.112500
v -0.025000 0.808334 0.000000
v -0.025000 0.808334 -0.112500
v -0.025000 0.912500 0.112500
v -0.025000 0.912500 0.000000
v -0.025000 0.912500 -0.112500
v -0.025000 1.016667 0.112500
v -0.025000 1.016667 0.000000
v -0.025000 1.016667 -0.112500
v -0.025000 1.120834 0.112500
v -0.025000 1.120834 0.000000
v -0.025000 1.120834 -0.112500
v 0.425001 0.079167 -0.112500
v 0.425001 0.079167 0.000000
v 0.425001 0.079167 0.112500
v 0.425001 0.183333 -0.112500
v 0.425001 0.183333 0.000000
v 0.425001 0.183333 0.112500
v 0.425001 0.287500 -0.112500
v 0.425001 0.287500 0.000000
v 0.425001 0.287500 0.112500
v 0.425001 0.391667 -0.112500
v 0.425001 0.391667 0.000000
v 0.425001 0.391667 0.112500
v 0.425001 0.495833 -0.112500
v 0.425001 0.495833 0.000000
v 0.425001 0.495833 0.112500
v 0.425001 0.600000 -0.112500
v 0.425001 0.600000 0.000000
v 0.425001 0.600000 0.112500
v 0.425001 0.704167 -0.112500
v 0.425001 0.704167 0.000000
v 0.425001 0.704167 0.112500
v 0.425001 0.808334 -0.112500
v 0.425001 0.808334 0.000000
v 0.425001 0.808334 0.112500
v 0.425001 0.912500 -0.112500
v 0.425001 0.912500 0.000000
v 0.425001 0.912500 0.112500
v 0.425001 1.016667 -0.112500
v 0.425001 1.016667 0.000000
v 0.425001 1.016667 0.112500
v 0.425001 1.120834 -0.112500
v 0.425001 1.120834 0.000000
v 0.425001 1.120834 0.112500
v 0.087501 1.225000 0.112500
v 0.087501 1.225000 0.000000
v 0.087501 1.225000 -0.112500
v 0.200001 1.225000 0.112500
v 0.200001 1.225000 0.000000
v 0.200001 1.225000 -0.112500
v 0.312501 1.225000 0.112500
v 0.312501 1.225000 0.000000
v 0.312501 1.225000 -0.112500
v 0.087501 -0.025000 -0.112500
v 0.087501 -0.025000 0.000000
v 0.087501 -0.025000 0.112500
v 0.200001 -0.025000 -0.112500
v 0.200001 -0.025000 0.000000
v 0.200001 -0.025000 0.112500
v 0.312501 -0.025000 -0.112500
v 0.312501 -0.025000 0.000000
v 0.312501 -0.025000 0.112500
v -0.425000 -0.025000 0.112500
v -0.425000 -0.025000 0.000000
v -0.425000 -0.025000 -0.112500
v 0.025001 -0.025000 -0.112500
v 0.025001 -0.025000 0.000000
v 0.025001 -0.025000 0.112500
v 0.025001 1.225000 0.112500
v 0.025001 1.225000 0.000000
v 0.025001 1.225000 -0.112500
v -0.425000 1.225000 -0.112500
v -0.425000 1.225000 0.000000
v -0.425000 1.225000 0.112500
v -0.425000 0.079167 0.112500
v -0.425000 0.079167 0.000000
v -0.425000 0.079167 -0.112500
v -0.425000 0.183333 0.112500
v -0.425000 0.183333 0.000000
v -0.425000 0.183333 -0.112500
v -0.425000 0.287500 0.112500
v -0.425000 0.287500 0.000000
v -0.425000 0.287500 -0.112500
v -0.425000 0.391667 0.112500
v -0.425000 0.391667 0.000000
v -0.425000 0.391667 -0.112500
v -0.425000 0.495833 0.112500
v -0.425000 0.495833 0.000000
v -0.425000 0.495833 -0.112500
v -0.425000 0.600000 0.112500
v -0.425000 0.600000 0.000000
v -0.425000 0.600000 -0.112500
v -0.425000 0.704167 0.112500
v -0.425000 0.704167 0.000000
v -0.425000 0.704167 -0.112500
v -0.425000 0.808334 0.112500
v -0.425000 0.808334 0.000000
v -0.425000 0.808334 -0.112500
v -0.425000 0.912500 0.112500
v -0.425000 0.912500 0.000000
v -0.425000 0.912500 -0.112500
v -0.425000 1.016667 0.112500
v -0.425000 1.016667 0.000000
v -0.425000 1.016667 -0.112500
v -0.425000 1.120834 0.112500
v -0.425000 1.120834 0.000000
v -0.425000 1.120834 -0.112500
v 0.025001 0.079167 -0.112500
v 0.025001 0.079167 0.000000
v 0.025001 0.079167 0.112500
v 0.025001 0.183333 -0.112500
v 0.025001 0.183333 0.000000
v 0.025001 0.183333 0.112500
v 0.025001 0.287500 -0.112500
v 0.025001 0.287500 0.000000
v 0.025001 0.287500 0.112500
v 0.025001 0.391667 -0.112500
v 0.025001 0.391667 0.000000
v 0.025001 0.391667 0.112500
v 0.025001 0.495833 -0.112500
v 0.025001 0.495833 0.000000
v 0.025001 0.495833 0.112500
v 0.025001 0.600000 -0.112500
v 0.025001 0.600000 0.000000
v 0.025001 0.600000 0.112500
v 0.025001 0.704167 -0.112500
v 0.025001 0.704167 0.000000
v 0.025001 0.704167 0.112500
v 0.025001 0.808334 -0.112500
v 0.025001 0.808334 0.000000
v 0.025001 0.808334 0.112500
v 0.025001 0.912500 -0.112500
v 0.025001 0.912500 0.000000
v 0.025001 0.912500 0.112500
v 0.025001 1.016667 -0.112500
v 0.025001 1.016667 0.000000
v 0.025001 1.016667 0.112500
v 0.025001 1.120834 -0.112500
v 0.025001 1.120834 0.000000
v 0.025001 1.120834 0.112500
v -0.312500 1.225000 0.112500
v -0.312500 1.225000 0.000000
v -0.312500 1.225000 -0.112500
v -0.200000 1.225000 0.112500
v -0.200000 1.225000 0.000000
v -0.200000 1.225000 -0.112500
v -0.087500 1.225000 0.112500
v -0.087500 1.225000 0.000000
v -0.087500 1.225000 -0.112500
v -0.312500 -0.025000 -0.112500
v -0.312500 -0.025000 0.000000
v -0.312500 -0.025000 0.112500
v -0.200000 -0.025000 -0.112500
v -0.200000 -0.025000 0.000000
v -0.200000 -0.025000 0.112500
v -0.087500 -0.025000 -0.112500
v -0.087500 -0.025000 0.000000
v -0.087500 -0.025000 0.112500
v 0.000000 1.200000 0.200000
v 0.400000 1.200000 -0.200000
v 0.000000 1.200000 0.100000
v 0.400000 1.200000 0.000000
vn -0.0000 -1.0000 -0.0000
vn -0.0000 1.0000 -0.0000
vn -0.0000 -0.0000 1.0000
vn 1.0000 -0.0000 -0.0000
vn -0.0000 -0.0000 -1.0000
vn -1.0000 -0.0000 -0.0000
vn -0.4157 0.8090 0.4156
vn 0.3864 0.8090 0.4430
vn -0.2425 0.7735 -0.5855
vn 0.4156 0.8090 -0.4157
vn -0.4430 0.8090 -0.3864
vn -0.0718 0.8090 -0.5834
vn 0.4157 0.8090 0.4156
vn 0.0900 0.8090 0.5809
vn -0.3152 0.8090 -0.4962
vn 0.5050 0.7735 -0.3829
vn 0.2425 0.7735 0.5855
vn -0.4156 0.8090 0.4157
vn -0.4156 -0.4157 0.8090
vn 0.8090 -0.4430 0.3864
vn -0.8090 -0.4157 -0.4156
vn 0.3152 -0.4962 0.8090
vn 0.7735 -0.5855 -0.2425
vn -0.7735 -0.5855 0.2425
vn 0.4156 -0.4157 -0.8090
vn 0.8090 -0.4157 -0.4156
vn -0.8090 -0.0900 -0.5809
vn -0.3864 -0.4430 -0.8090
vn 0.8090 -0.0718 0.5834
vn 0.3829 -0.5050 0.7735
vn -0.4281 -0.4673 -0.7735
vn -0.4673 0.7735 0.4281
vn -0.5855 -0.2425 0.7735
vn 0.5855 -0.2425 -0.7735
vn 0.7735 -0.4281 0.4673
vn -0.7735 -0.3829 -0.5050
vt 0.546875 0.750000
vt 0.562500 0.734375
vt 0.546875 0.734375
vt 0.437500 0.734375
vt 0.421875 0.750000
vt 0.421875 0.734375
vt 0.437500 0.671875
vt 0.421875 0.687500
vt 0.421875 0.671875
vt 0.500000 0.671875
vt 0.484375 0.687500
vt 0.484375 0.671875
vt 0.625000 0.671875
vt 0.609375 0.687500
vt 0.609375 0.671875
vt 0.312500 0.671875
vt 0.296875 0.687500
vt 0.296875 0.671875
vt 0.546875 0.500000
vt 0.562469 0.484375
vt 0.546848 0.484375
vt 0.437500 0.484375
vt 0.421875 0.500000
vt 0.421875 0.484375
vt 0.437500 0.421875
vt 0.421875 0.437500
vt 0.421875 0.421875
vt 0.500000 0.421875
vt 0.484375 0.437500
vt 0.484375 0.421875
vt 0.625000 0.421875
vt 0.609375 0.437500
vt 0.609375 0.421875
vt 0.312500 0.421875
vt 0.296875 0.437500
vt 0.296875 0.421875
vt 0.765625 0.750000
vt 0.781250 0.734375
vt 0.765625 0.734375
vt 0.734375 0.734375
vt 0.718750 0.750000
vt 0.718750 0.734375
vt 0.734375 0.671875
vt 0.718750 0.687500
vt 0.718750 0.671875
vt 0.796875 0.671875
vt 0.781250 0.687500
vt 0.781250 0.671875
vt 0.843750 0.671875
vt 0.828125 0.687500
vt 0.828125 0.671875
vt 0.687500 0.671875
vt 0.671875 0.687500
vt 0.671875 0.671875
vt 0.765625 0.500000
vt 0.781250 0.484375
vt 0.765625 0.484375
vt 0.718750 0.484375
vt 0.734375 0.500000
vt 0.718750 0.500000
vt 0.734375 0.421875
vt 0.718750 0.437500
vt 0.718750 0.421875
vt 0.781250 0.421875
vt 0.796875 0.437500
vt 0.781250 0.437500
vt 0.843750 0.421875
vt 0.828125 0.437500
vt 0.828125 0.421875
vt 0.687500 0.421875
vt 0.671875 0.437500
vt 0.671875 0.421875
vt 0.640625 0.250000
vt 0.656250 0.234375
vt 0.640625 0.234375
vt 0.609375 0.234375
vt 0.593750 0.250000
vt 0.593750 0.234375
vt 0.609375 0.171875
vt 0.593750 0.187500
vt 0.593750 0.171875
vt 0.671875 0.171875
vt 0.656250 0.187500
vt 0.656250 0.171875
vt 0.718750 0.171875
vt 0.703125 0.187500
vt 0.703125 0.171875
vt 0.562500 0.171875
vt 0.546875 0.187500
vt 0.546875 0.171875
vt 0.890625 0.234375
vt 0.906250 0.250000
vt 0.906250 0.234375
vt 0.843750 0.234375
vt 0.859375 0.250000
vt 0.843750 0.250000
vt 0.859375 0.171875
vt 0.843750 0.187500
vt 0.843750 0.171875
vt 0.921875 0.171875
vt 0.906250 0.187500
vt 0.906250 0.171875
vt 0.968750 0.171875
vt 0.953125 0.187500
vt 0.953125 0.171875
vt 0.796875 0.171875
vt 0.812500 0.187500
vt 0.796875 0.187500
vt 0.171875 0.750000
vt 0.187500 0.734375
vt 0.171875 0.734375
vt 0.125000 0.734375
vt 0.109375 0.750000
vt 0.109375 0.734375
vt 0.171875 0.500000
vt 0.187500 0.484375
vt 0.171875 0.484375
vt 0.125000 0.484375
vt 0.109375 0.500000
vt 0.109375 0.484375
vt 0.125000 0.421875
vt 0.109375 0.437500
vt 0.109375 0.421875
vt 0.187500 0.421875
vt 0.171875 0.437500
vt 0.171875 0.421875
vt 0.250000 0.421875
vt 0.234375 0.437500
vt 0.234375 0.421875
vt 0.062500 0.421875
vt 0.046875 0.437500
vt 0.046875 0.421875
vt 0.421875 0.250000
vt 0.437500 0.234375
vt 0.421875 0.234375
vt 0.375000 0.234375
vt 0.359375 0.250000
vt 0.359375 0.234375
vt 0.375000 0.171875
vt 0.359375 0.187500
vt 0.359375 0.171875
vt 0.437500 0.171875
vt 0.421875 0.187500
vt 0.421875 0.171875
vt 0.500000 0.171875
vt 0.484375 0.187500
vt 0.484375 0.171875
vt 0.312500 0.171875
vt 0.296875 0.187500
vt 0.296875 0.171875
vt 0.171875 0.250000
vt 0.187500 0.234375
vt 0.171875 0.234375
vt 0.125000 0.234375
vt 0.109375 0.250000
vt 0.109375 0.234375
vt 0.125000 0.171875
vt 0.109375 0.187500
vt 0.109375 0.171875
vt 0.187500 0.171875
vt 0.171875 0.187500
vt 0.171875 0.171875
vt 0.250000 0.171875
vt 0.234375 0.187500
vt 0.234375 0.171875
vt 0.062500 0.171875
vt 0.046875 0.187500
vt 0.046875 0.171875
vt 0.359375 1.000000
vt 0.375000 0.984375
vt 0.359375 0.984375
vt 0.250000 0.984375
vt 0.234375 1.000000
vt 0.234375 0.984375
vt 0.250000 0.859375
vt 0.234375 0.875000
vt 0.234375 0.859375
vt 0.375000 0.859375
vt 0.359375 0.875000
vt 0.359375 0.859375
vt 0.500000 0.859375
vt 0.484375 0.875000
vt 0.484375 0.859375
vt 0.125000 0.859375
vt 0.109375 0.875000
vt 0.109375 0.859375
vt 0.859375 1.000000
vt 0.875000 0.984375
vt 0.859375 0.984375
vt 0.750000 0.984375
vt 0.734375 1.000000
vt 0.734375 0.984375
vt 0.750000 0.859375
vt 0.734375 0.875000
vt 0.734375 0.859375
vt 0.875000 0.859375
vt 0.859375 0.875000
vt 0.859375 0.859375
vt 1.000000 0.859375
vt 0.984375 0.875000
vt 0.984375 0.859375
vt 0.625000 0.859375
vt 0.609375 0.875000
vt 0.609375 0.859375
vt 0.562500 0.000000
vt 0.546875 0.015625
vt 0.546875 0.000000
vt 0.562500 0.015625
vt 0.546875 0.031250
vt 0.562500 0.031250
vt 0.546875 0.046875
vt 0.562500 0.046875
vt 0.546875 0.062500
vt 0.562500 0.062500
vt 0.546875 0.078125
vt 0.562500 0.078125
vt 0.546875 0.093750
vt 0.562500 0.093750
vt 0.546875 0.109375
vt 0.562500 0.109375
vt 0.546875 0.125000
vt 0.562500 0.125000
vt 0.546875 0.140625
vt 0.562500 0.140625
vt 0.546875 0.156250
vt 0.562500 0.156250
vt 0.718750 0.000000
vt 0.703125 0.015625
vt 0.703125 0.000000
vt 0.718750 0.015625
vt 0.703125 0.031250
vt 0.718750 0.031250
vt 0.703125 0.046875
vt 0.718750 0.046875
vt 0.703125 0.062500
vt 0.718750 0.062500
vt 0.703125 0.078125
vt 0.718750 0.078125
vt 0.703125 0.093750
vt 0.718750 0.093750
vt 0.703125 0.109375
vt 0.718750 0.109375
vt 0.703125 0.125000
vt 0.718750 0.125000
vt 0.703125 0.140625
vt 0.718750 0.140625
vt 0.703125 0.156250
vt 0.718750 0.156250
vt 0.671875 0.000000
vt 0.656250 0.015625
vt 0.656250 0.000000
vt 0.671875 0.015625
vt 0.656250 0.031250
vt 0.671875 0.031250
vt 0.656250 0.046875
vt 0.671875 0.046875
vt 0.656250 0.062500
vt 0.671875 0.062500
vt 0.656250 0.078125
vt 0.671875 0.078125
vt 0.656250 0.093750
vt 0.671875 0.093750
vt 0.656250 0.109375
vt 0.671875 0.109375
vt 0.656250 0.125000
vt 0.671875 0.125000
vt 0.656250 0.140625
vt 0.671875 0.140625
vt 0.656250 0.156250
vt 0.671875 0.156250
vt 0.609375 0.000000
vt 0.593750 0.015625
vt 0.593750 0.000000
vt 0.609375 0.015625
vt 0.593750 0.031250
vt 0.609375 0.031250
vt 0.593750 0.046875
vt 0.609375 0.046875
vt 0.593750 0.062500
vt 0.609375 0.062500
vt 0.593750 0.078125
vt 0.609375 0.078125
vt 0.593750 0.093750
vt 0.609375 0.093750
vt 0.593750 0.109375
vt 0.609375 0.109375
vt 0.593750 0.125000
vt 0.609375 0.125000
vt 0.593750 0.140625
vt 0.609375 0.140625
vt 0.593750 0.156250
vt 0.609375 0.156250
vt 0.578125 0.156250
vt 0.578125 0.171875
vt 0.578125 0.140625
vt 0.578125 0.125000
vt 0.578125 0.109375
vt 0.578125 0.093750
vt 0.578125 0.078125
vt 0.578125 0.062500
vt 0.578125 0.046875
vt 0.578125 0.031250
vt 0.578125 0.015625
vt 0.578125 0.000000
vt 0.687500 0.156250
vt 0.687500 0.171875
vt 0.687500 0.140625
vt 0.687500 0.125000
vt 0.687500 0.109375
vt 0.687500 0.093750
vt 0.687500 0.078125
vt 0.687500 0.062500
vt 0.687500 0.046875
vt 0.687500 0.031250
vt 0.687500 0.015625
vt 0.687500 0.000000
vt 0.671875 0.187500
vt 0.687500 0.187500
vt 0.562500 0.187500
vt 0.578125 0.187500
vt 0.578125 0.234375
vt 0.562500 0.250000
vt 0.562500 0.234375
vt 0.578125 0.250000
vt 0.609375 0.250000
vt 0.625000 0.234375
vt 0.625000 0.250000
vt 0.625000 0.203125
vt 0.640625 0.187500
vt 0.625000 0.187500
vt 0.625000 0.218750
vt 0.640625 0.203125
vt 0.640625 0.218750
vt 0.609375 0.203125
vt 0.609375 0.187500
vt 0.609375 0.218750
vt 0.578125 0.203125
vt 0.593750 0.203125
vt 0.578125 0.218750
vt 0.593750 0.218750
vt 0.562500 0.203125
vt 0.562500 0.218750
vt 0.625000 0.156250
vt 0.640625 0.156250
vt 0.625000 0.171875
vt 0.640625 0.171875
vt 0.625000 0.140625
vt 0.640625 0.140625
vt 0.625000 0.125000
vt 0.640625 0.125000
vt 0.625000 0.109375
vt 0.640625 0.109375
vt 0.625000 0.093750
vt 0.640625 0.093750
vt 0.625000 0.078125
vt 0.640625 0.078125
vt 0.625000 0.062500
vt 0.640625 0.062500
vt 0.625000 0.046875
vt 0.640625 0.046875
vt 0.625000 0.031250
vt 0.640625 0.031250
vt 0.625000 0.015625
vt 0.640625 0.015625
vt 0.625000 0.000000
vt 0.640625 0.000000
vt 0.515625 0.156250
vt 0.500000 0.156250
vt 0.531250 0.156250
vt 0.515625 0.171875
vt 0.531250 0.171875
vt 0.515625 0.140625
vt 0.500000 0.140625
vt 0.531250 0.140625
vt 0.515625 0.125000
vt 0.500000 0.125000
vt 0.531250 0.125000
vt 0.515625 0.109375
vt 0.500000 0.109375
vt 0.531250 0.109375
vt 0.515625 0.093750
vt 0.500000 0.093750
vt 0.531250 0.093750
vt 0.515625 0.078125
vt 0.500000 0.078125
vt 0.531250 0.078125
vt 0.515625 0.062500
vt 0.500000 0.062500
vt 0.531250 0.062500
vt 0.515625 0.046875
vt 0.500000 0.046875
vt 0.531250 0.046875
vt 0.515625 0.031250
vt 0.500000 0.031250
vt 0.531250 0.031250
vt 0.515625 0.015625
vt 0.500000 0.015625
vt 0.531250 0.015625
vt 0.515625 0.000000
vt 0.500000 0.000000
vt 0.531250 0.000000
vt 0.500000 0.187500
vt 0.515625 0.187500
vt 0.531250 0.187500
vt 0.656250 0.203125
vt 0.656250 0.218750
vt 0.937500 0.171875
vt 0.921875 0.187500
vt 0.937500 0.187500
vt 0.828125 0.171875
vt 0.812500 0.171875
vt 0.828125 0.187500
vt 0.828125 0.234375
vt 0.812500 0.250000
vt 0.812500 0.234375
vt 0.828125 0.250000
vt 0.875000 0.234375
vt 0.859375 0.234375
vt 0.875000 0.250000
vt 0.875000 0.203125
vt 0.890625 0.187500
vt 0.875000 0.187500
vt 0.890625 0.218750
vt 0.890625 0.203125
vt 0.875000 0.218750
vt 0.859375 0.203125
vt 0.859375 0.187500
vt 0.859375 0.218750
vt 0.828125 0.203125
vt 0.843750 0.218750
vt 0.828125 0.218750
vt 0.812500 0.203125
vt 0.812500 0.218750
vt 0.765625 0.171875
vt 0.750000 0.187500
vt 0.750000 0.171875
vt 0.781250 0.171875
vt 0.765625 0.187500
vt 0.781250 0.187500
vt 0.875000 0.171875
vt 0.890625 0.171875
vt 0.843750 0.203125
vt 0.906250 0.218750
vt 0.906250 0.203125
vt 0.906250 0.000000
vt 0.890625 0.015625
vt 0.890625 0.000000
vt 0.906250 0.015625
vt 0.890625 0.031250
vt 0.906250 0.031250
vt 0.890625 0.046875
vt 0.906250 0.046875
vt 0.890625 0.062500
vt 0.906250 0.062500
vt 0.890625 0.078125
vt 0.906250 0.078125
vt 0.890625 0.093750
vt 0.906250 0.093750
vt 0.890625 0.109375
vt 0.906250 0.109375
vt 0.890625 0.125000
vt 0.906250 0.125000
vt 0.890625 0.140625
vt 0.906250 0.140625
vt 0.890625 0.156250
vt 0.906250 0.156250
vt 0.875000 0.015625
vt 0.875000 0.000000
vt 0.875000 0.031250
vt 0.875000 0.046875
vt 0.875000 0.062500
vt 0.875000 0.078125
vt 0.875000 0.093750
vt 0.875000 0.109375
vt 0.875000 0.125000
vt 0.875000 0.140625
vt 0.875000 0.156250
vt 0.859375 0.015625
vt 0.859375 0.000000
vt 0.859375 0.031250
vt 0.859375 0.046875
vt 0.859375 0.062500
vt 0.859375 0.078125
vt 0.859375 0.093750
vt 0.859375 0.109375
vt 0.859375 0.125000
vt 0.859375 0.140625
vt 0.859375 0.156250
vt 0.796875 0.000000
vt 0.781250 0.015625
vt 0.781250 0.000000
vt 0.796875 0.015625
vt 0.781250 0.031250
vt 0.796875 0.031250
vt 0.781250 0.046875
vt 0.796875 0.046875
vt 0.781250 0.062500
vt 0.796875 0.062500
vt 0.781250 0.078125
vt 0.796875 0.078125
vt 0.781250 0.093750
vt 0.796875 0.093750
vt 0.781250 0.109375
vt 0.796875 0.109375
vt 0.781250 0.125000
vt 0.796875 0.125000
vt 0.781250 0.140625
vt 0.796875 0.140625
vt 0.781250 0.156250
vt 0.796875 0.156250
vt 0.765625 0.015625
vt 0.765625 0.000000
vt 0.765625 0.031250
vt 0.765625 0.046875
vt 0.765625 0.062500
vt 0.765625 0.078125
vt 0.765625 0.093750
vt 0.765625 0.109375
vt 0.765625 0.125000
vt 0.765625 0.140625
vt 0.765625 0.156250
vt 0.750000 0.015625
vt 0.750000 0.000000
vt 0.750000 0.031250
vt 0.750000 0.046875
vt 0.750000 0.062500
vt 0.750000 0.078125
vt 0.750000 0.093750
vt 0.750000 0.109375
vt 0.750000 0.125000
vt 0.750000 0.140625
vt 0.750000 0.156250
vt 0.843750 0.000000
vt 0.828125 0.015625
vt 0.828125 0.000000
vt 0.843750 0.015625
vt 0.828125 0.031250
vt 0.843750 0.031250
vt 0.828125 0.046875
vt 0.843750 0.046875
vt 0.828125 0.062500
vt 0.843750 0.062500
vt 0.828125 0.078125
vt 0.843750 0.078125
vt 0.828125 0.093750
vt 0.843750 0.093750
vt 0.828125 0.109375
vt 0.843750 0.109375
vt 0.828125 0.125000
vt 0.843750 0.125000
vt 0.828125 0.140625
vt 0.843750 0.140625
vt 0.828125 0.156250
vt 0.843750 0.156250
vt 0.812500 0.015625
vt 0.812500 0.000000
vt 0.812500 0.031250
vt 0.812500 0.046875
vt 0.812500 0.062500
vt 0.812500 0.078125
vt 0.812500 0.093750
vt 0.812500 0.109375
vt 0.812500 0.125000
vt 0.812500 0.140625
vt 0.812500 0.156250
vt 0.953125 0.000000
vt 0.937500 0.015625
vt 0.937500 0.000000
vt 0.953125 0.015625
vt 0.937500 0.031250
vt 0.953125 0.031250
vt 0.937500 0.046875
vt 0.953125 0.046875
vt 0.937500 0.062500
vt 0.953125 0.062500
vt 0.937500 0.078125
vt 0.953125 0.078125
vt 0.937500 0.093750
vt 0.953125 0.093750
vt 0.937500 0.109375
vt 0.953125 0.109375
vt 0.937500 0.125000
vt 0.953125 0.125000
vt 0.937500 0.140625
vt 0.953125 0.140625
vt 0.937500 0.156250
vt 0.953125 0.156250
vt 0.921875 0.015625
vt 0.921875 0.000000
vt 0.921875 0.031250
vt 0.921875 0.046875
vt 0.921875 0.062500
vt 0.921875 0.078125
vt 0.921875 0.093750
vt 0.921875 0.109375
vt 0.921875 0.125000
vt 0.921875 0.140625
vt 0.921875 0.156250
vt 0.968750 0.000000
vt 0.968750 0.015625
vt 0.968750 0.031250
vt 0.968750 0.046875
vt 0.968750 0.062500
vt 0.968750 0.078125
vt 0.968750 0.093750
vt 0.968750 0.109375
vt 0.968750 0.125000
vt 0.968750 0.140625
vt 0.968750 0.156250
vt 0.687500 0.250000
vt 0.671875 0.265625
vt 0.671875 0.250000
vt 0.687500 0.265625
vt 0.671875 0.281250
vt 0.687500 0.281250
vt 0.671875 0.296875
vt 0.687500 0.296875
vt 0.671875 0.312500
vt 0.687500 0.312500
vt 0.671875 0.328125
vt 0.687500 0.328125
vt 0.671875 0.343750
vt 0.687500 0.343750
vt 0.671875 0.359375
vt 0.687500 0.359375
vt 0.671875 0.375000
vt 0.687500 0.375000
vt 0.671875 0.390625
vt 0.687500 0.390625
vt 0.671875 0.406250
vt 0.687500 0.406250
vt 0.828125 0.265625
vt 0.843750 0.265625
vt 0.828125 0.281250
vt 0.843750 0.281250
vt 0.828125 0.296875
vt 0.843750 0.296875
vt 0.828125 0.312500
vt 0.843750 0.312500
vt 0.828125 0.328125
vt 0.843750 0.328125
vt 0.828125 0.343750
vt 0.843750 0.343750
vt 0.828125 0.359375
vt 0.843750 0.359375
vt 0.828125 0.375000
vt 0.843750 0.375000
vt 0.828125 0.390625
vt 0.843750 0.390625
vt 0.828125 0.406250
vt 0.843750 0.406250
vt 0.796875 0.250000
vt 0.781250 0.265625
vt 0.781250 0.250000
vt 0.796875 0.281250
vt 0.781250 0.281250
vt 0.781250 0.296875
vt 0.796875 0.296875
vt 0.781250 0.312500
vt 0.796875 0.328125
vt 0.781250 0.328125
vt 0.781250 0.343750
vt 0.796875 0.343750
vt 0.781250 0.359375
vt 0.796875 0.375000
vt 0.781250 0.375000
vt 0.781250 0.390625
vt 0.796875 0.390625
vt 0.781250 0.406250
vt 0.796875 0.406250
vt 0.734375 0.250000
vt 0.718750 0.265625
vt 0.718750 0.250000
vt 0.734375 0.265625
vt 0.718750 0.281250
vt 0.734375 0.281250
vt 0.718750 0.296875
vt 0.734375 0.296875
vt 0.718750 0.312500
vt 0.734375 0.312500
vt 0.718750 0.328125
vt 0.734375 0.328125
vt 0.718750 0.343750
vt 0.734375 0.343750
vt 0.718750 0.359375
vt 0.734375 0.359375
vt 0.718750 0.375000
vt 0.734375 0.375000
vt 0.718750 0.390625
vt 0.734375 0.390625
vt 0.718750 0.406250
vt 0.734375 0.406250
vt 0.687500 0.500000
vt 0.671875 0.515625
vt 0.671875 0.500000
vt 0.687500 0.515625
vt 0.671875 0.531250
vt 0.687500 0.531250
vt 0.671875 0.546875
vt 0.687500 0.546875
vt 0.671875 0.562500
vt 0.687500 0.562500
vt 0.671875 0.578125
vt 0.687500 0.578125
vt 0.671875 0.593750
vt 0.687500 0.593750
vt 0.671875 0.609375
vt 0.687500 0.609375
vt 0.671875 0.625000
vt 0.687500 0.625000
vt 0.671875 0.640625
vt 0.687500 0.640625
vt 0.671875 0.656250
vt 0.687500 0.656250
vt 0.843750 0.500000
vt 0.828125 0.515625
vt 0.828125 0.500000
vt 0.843750 0.515625
vt 0.828125 0.531250
vt 0.843750 0.531250
vt 0.828125 0.546875
vt 0.843750 0.546875
vt 0.828125 0.562500
vt 0.843750 0.562500
vt 0.828125 0.578125
vt 0.843750 0.578125
vt 0.828125 0.593750
vt 0.843750 0.593750
vt 0.828125 0.609375
vt 0.843750 0.609375
vt 0.828125 0.625000
vt 0.843750 0.625000
vt 0.828125 0.640625
vt 0.843750 0.640625
vt 0.828125 0.656250
vt 0.843750 0.656250
vt 0.796875 0.500000
vt 0.781250 0.515625
vt 0.781250 0.500000
vt 0.796875 0.515625
vt 0.781250 0.531250
vt 0.796875 0.531250
vt 0.781250 0.546875
vt 0.796875 0.546875
vt 0.781250 0.562500
vt 0.796875 0.562500
vt 0.781250 0.578125
vt 0.796875 0.578125
vt 0.781250 0.593750
vt 0.796875 0.593750
vt 0.781250 0.609375
vt 0.796875 0.609375
vt 0.781250 0.625000
vt 0.796875 0.625000
vt 0.781250 0.640625
vt 0.796875 0.640625
vt 0.781250 0.656250
vt 0.796875 0.656250
vt 0.718750 0.515625
vt 0.734375 0.515625
vt 0.718750 0.531250
vt 0.734375 0.531250
vt 0.718750 0.546875
vt 0.734375 0.546875
vt 0.718750 0.562500
vt 0.734375 0.562500
vt 0.718750 0.578125
vt 0.734375 0.578125
vt 0.718750 0.593750
vt 0.734375 0.593750
vt 0.718750 0.609375
vt 0.734375 0.609375
vt 0.718750 0.625000
vt 0.734375 0.625000
vt 0.718750 0.640625
vt 0.734375 0.640625
vt 0.718750 0.656250
vt 0.734375 0.656250
vt 0.703125 0.656250
vt 0.703125 0.671875
vt 0.703125 0.640625
vt 0.703125 0.625000
vt 0.703125 0.609375
vt 0.703125 0.593750
vt 0.703125 0.578125
vt 0.703125 0.562500
vt 0.703125 0.546875
vt 0.703125 0.531250
vt 0.703125 0.515625
vt 0.703125 0.500000
vt 0.812500 0.656250
vt 0.812500 0.671875
vt 0.812500 0.640625
vt 0.812500 0.625000
vt 0.812500 0.609375
vt 0.812500 0.593750
vt 0.812500 0.578125
vt 0.812500 0.562500
vt 0.812500 0.546875
vt 0.812500 0.531250
vt 0.812500 0.515625
vt 0.812500 0.500000
vt 0.796875 0.687500
vt 0.812500 0.687500
vt 0.687500 0.687500
vt 0.703125 0.687500
vt 0.703125 0.734375
vt 0.687500 0.750000
vt 0.687500 0.734375
vt 0.703125 0.750000
vt 0.734375 0.750000
vt 0.750000 0.734375
vt 0.750000 0.750000
vt 0.703125 0.406250
vt 0.703125 0.421875
vt 0.703125 0.390625
vt 0.703125 0.375000
vt 0.703125 0.359375
vt 0.703125 0.343750
vt 0.703125 0.328125
vt 0.703125 0.312500
vt 0.703125 0.296875
vt 0.703125 0.281250
vt 0.703125 0.265625
vt 0.703125 0.250000
vt 0.812500 0.406250
vt 0.796875 0.421875
vt 0.812500 0.421875
vt 0.812500 0.390625
vt 0.812500 0.375000
vt 0.812500 0.359375
vt 0.796875 0.359375
vt 0.812500 0.343750
vt 0.812500 0.328125
vt 0.812500 0.312500
vt 0.796875 0.312500
vt 0.812500 0.296875
vt 0.812500 0.281250
vt 0.812500 0.265625
vt 0.796875 0.265625
vt 0.812500 0.437500
vt 0.687500 0.437500
vt 0.703125 0.437500
vt 0.687500 0.484375
vt 0.703125 0.484375
vt 0.734375 0.484375
vt 0.750000 0.500000
vt 0.750000 0.484375
vt 0.750000 0.703125
vt 0.765625 0.687500
vt 0.750000 0.687500
vt 0.750000 0.718750
vt 0.765625 0.703125
vt 0.765625 0.718750
vt 0.734375 0.703125
vt 0.734375 0.687500
vt 0.734375 0.718750
vt 0.703125 0.703125
vt 0.718750 0.703125
vt 0.703125 0.718750
vt 0.718750 0.718750
vt 0.687500 0.703125
vt 0.687500 0.718750
vt 0.750000 0.656250
vt 0.765625 0.656250
vt 0.750000 0.671875
vt 0.765625 0.671875
vt 0.750000 0.640625
vt 0.765625 0.640625
vt 0.750000 0.625000
vt 0.765625 0.625000
vt 0.750000 0.609375
vt 0.765625 0.609375
vt 0.750000 0.593750
vt 0.765625 0.593750
vt 0.750000 0.578125
vt 0.765625 0.578125
vt 0.750000 0.562500
vt 0.765625 0.562500
vt 0.750000 0.546875
vt 0.765625 0.546875
vt 0.750000 0.531250
vt 0.765625 0.531250
vt 0.750000 0.515625
vt 0.765625 0.515625
vt 0.640625 0.656250
vt 0.625000 0.656250
vt 0.656250 0.656250
vt 0.640625 0.671875
vt 0.656250 0.671875
vt 0.640625 0.640625
vt 0.625000 0.640625
vt 0.656250 0.640625
vt 0.640625 0.625000
vt 0.625000 0.625000
vt 0.656250 0.625000
vt 0.640625 0.609375
vt 0.625000 0.609375
vt 0.656250 0.609375
vt 0.640625 0.593750
vt 0.625000 0.593750
vt 0.656250 0.593750
vt 0.640625 0.578125
vt 0.625000 0.578125
vt 0.656250 0.578125
vt 0.640625 0.562500
vt 0.625000 0.562500
vt 0.656250 0.562500
vt 0.640625 0.546875
vt 0.625000 0.546875
vt 0.656250 0.546875
vt 0.640625 0.531250
vt 0.625000 0.531250
vt 0.656250 0.531250
vt 0.640625 0.515625
vt 0.625000 0.515625
vt 0.656250 0.515625
vt 0.640625 0.500000
vt 0.625000 0.500000
vt 0.656250 0.500000
vt 0.625000 0.687500
vt 0.640625 0.687500
vt 0.656250 0.687500
vt 0.781250 0.703125
vt 0.781250 0.718750
vt 0.750000 0.437500
vt 0.765625 0.453125
vt 0.765625 0.437500
vt 0.750000 0.453125
vt 0.765625 0.468750
vt 0.750000 0.468750
vt 0.734375 0.437500
vt 0.734375 0.453125
vt 0.734375 0.468750
vt 0.703125 0.453125
vt 0.718750 0.468750
vt 0.703125 0.468750
vt 0.687500 0.453125
vt 0.687500 0.468750
vt 0.750000 0.421875
vt 0.765625 0.406250
vt 0.750000 0.406250
vt 0.765625 0.421875
vt 0.765625 0.390625
vt 0.750000 0.390625
vt 0.750000 0.375000
vt 0.765625 0.375000
vt 0.765625 0.359375
vt 0.750000 0.359375
vt 0.750000 0.343750
vt 0.765625 0.343750
vt 0.765625 0.328125
vt 0.750000 0.328125
vt 0.765625 0.312500
vt 0.750000 0.312500
vt 0.750000 0.296875
vt 0.765625 0.296875
vt 0.765625 0.281250
vt 0.750000 0.281250
vt 0.765625 0.265625
vt 0.750000 0.265625
vt 0.750000 0.250000
vt 0.765625 0.250000
vt 0.640625 0.406250
vt 0.625000 0.421875
vt 0.625000 0.406250
vt 0.656250 0.406250
vt 0.640625 0.421875
vt 0.656250 0.421875
vt 0.640625 0.390625
vt 0.625000 0.390625
vt 0.656250 0.390625
vt 0.640625 0.375000
vt 0.625000 0.375000
vt 0.656250 0.375000
vt 0.640625 0.359375
vt 0.625000 0.359375
vt 0.656250 0.359375
vt 0.640625 0.343750
vt 0.625000 0.343750
vt 0.656250 0.343750
vt 0.640625 0.328125
vt 0.625000 0.328125
vt 0.656250 0.328125
vt 0.640625 0.312500
vt 0.625000 0.312500
vt 0.656250 0.312500
vt 0.640625 0.296875
vt 0.625000 0.296875
vt 0.656250 0.296875
vt 0.640625 0.281250
vt 0.625000 0.281250
vt 0.656250 0.281250
vt 0.640625 0.265625
vt 0.625000 0.265625
vt 0.656250 0.265625
vt 0.656250 0.250000
vt 0.625000 0.437500
vt 0.640625 0.437500
vt 0.656250 0.437500
vt 0.718750 0.453125
vt 0.781250 0.468750
vt 0.781250 0.453125
vt 0.515625 0.671875
vt 0.500000 0.687500
vt 0.531250 0.671875
vt 0.515625 0.687500
vt 0.546875 0.671875
vt 0.531250 0.687500
vt 0.562500 0.671875
vt 0.546875 0.687500
vt 0.578125 0.671875
vt 0.562500 0.687500
vt 0.593750 0.671875
vt 0.578125 0.687500
vt 0.593750 0.687500
vt 0.328125 0.671875
vt 0.312500 0.687500
vt 0.343750 0.671875
vt 0.328125 0.687500
vt 0.359375 0.671875
vt 0.343750 0.687500
vt 0.375000 0.671875
vt 0.359375 0.687500
vt 0.390625 0.671875
vt 0.375000 0.687500
vt 0.406250 0.671875
vt 0.390625 0.687500
vt 0.406250 0.687500
vt 0.328125 0.734375
vt 0.312500 0.750000
vt 0.312500 0.734375
vt 0.343750 0.734375
vt 0.328125 0.750000
vt 0.359375 0.734375
vt 0.343750 0.750000
vt 0.375000 0.734375
vt 0.359375 0.750000
vt 0.390625 0.734375
vt 0.375000 0.750000
vt 0.406250 0.734375
vt 0.390625 0.750000
vt 0.406250 0.750000
vt 0.437500 0.750000
vt 0.453125 0.734375
vt 0.453125 0.750000
vt 0.468750 0.734375
vt 0.468750 0.750000
vt 0.484375 0.734375
vt 0.484375 0.750000
vt 0.500000 0.734375
vt 0.500000 0.750000
vt 0.515625 0.734375
vt 0.515625 0.750000
vt 0.531250 0.734375
vt 0.531250 0.750000
vt 0.406250 0.515625
vt 0.406250 0.500000
vt 0.421875 0.515625
vt 0.406250 0.531250
vt 0.421875 0.531250
vt 0.406250 0.546875
vt 0.421875 0.546875
vt 0.406250 0.562500
vt 0.421875 0.562500
vt 0.406250 0.578125
vt 0.421875 0.578125
vt 0.406250 0.593750
vt 0.421875 0.593750
vt 0.406250 0.609375
vt 0.421875 0.609375
vt 0.406250 0.625000
vt 0.421875 0.625000
vt 0.406250 0.640625
vt 0.421875 0.640625
vt 0.406250 0.656250
vt 0.421875 0.656250
vt 0.390625 0.515625
vt 0.390625 0.500000
vt 0.390625 0.531250
vt 0.390625 0.546875
vt 0.390625 0.562500
vt 0.390625 0.578125
vt 0.390625 0.593750
vt 0.390625 0.609375
vt 0.390625 0.625000
vt 0.390625 0.640625
vt 0.390625 0.656250
vt 0.375000 0.515625
vt 0.375000 0.500000
vt 0.375000 0.531250
vt 0.375000 0.546875
vt 0.375000 0.562500
vt 0.375000 0.578125
vt 0.375000 0.593750
vt 0.375000 0.609375
vt 0.375000 0.625000
vt 0.375000 0.640625
vt 0.375000 0.656250
vt 0.359375 0.515625
vt 0.359375 0.500000
vt 0.359375 0.531250
vt 0.359375 0.546875
vt 0.359375 0.562500
vt 0.359375 0.578125
vt 0.359375 0.593750
vt 0.359375 0.609375
vt 0.359375 0.625000
vt 0.359375 0.640625
vt 0.359375 0.656250
vt 0.343750 0.515625
vt 0.343750 0.500000
vt 0.343750 0.531250
vt 0.343750 0.546875
vt 0.343750 0.562500
vt 0.343750 0.578125
vt 0.343750 0.593750
vt 0.343750 0.609375
vt 0.343750 0.625000
vt 0.343750 0.640625
vt 0.343750 0.656250
vt 0.328125 0.515625
vt 0.328125 0.500000
vt 0.328125 0.531250
vt 0.328125 0.546875
vt 0.328125 0.562500
vt 0.328125 0.578125
vt 0.328125 0.593750
vt 0.328125 0.609375
vt 0.328125 0.625000
vt 0.328125 0.640625
vt 0.328125 0.656250
vt 0.312500 0.515625
vt 0.312500 0.500000
vt 0.312500 0.531250
vt 0.312500 0.546875
vt 0.312500 0.562500
vt 0.312500 0.578125
vt 0.312500 0.593750
vt 0.312500 0.609375
vt 0.312500 0.625000
vt 0.312500 0.640625
vt 0.312500 0.656250
vt 0.609375 0.500000
vt 0.593750 0.515625
vt 0.593750 0.500000
vt 0.609375 0.515625
vt 0.593750 0.531250
vt 0.609375 0.531250
vt 0.593750 0.546875
vt 0.609375 0.546875
vt 0.593750 0.562500
vt 0.609375 0.562500
vt 0.593750 0.578125
vt 0.609375 0.578125
vt 0.593750 0.593750
vt 0.609375 0.593750
vt 0.593750 0.609375
vt 0.609375 0.609375
vt 0.593750 0.625000
vt 0.609375 0.625000
vt 0.593750 0.640625
vt 0.609375 0.640625
vt 0.593750 0.656250
vt 0.609375 0.656250
vt 0.578125 0.515625
vt 0.578125 0.500000
vt 0.578125 0.531250
vt 0.578125 0.546875
vt 0.578125 0.562500
vt 0.578125 0.578125
vt 0.578125 0.593750
vt 0.578125 0.609375
vt 0.578125 0.625000
vt 0.578125 0.640625
vt 0.578125 0.656250
vt 0.562500 0.515625
vt 0.562500 0.500000
vt 0.562500 0.531250
vt 0.562500 0.546875
vt 0.562500 0.562500
vt 0.562500 0.578125
vt 0.562500 0.593750
vt 0.562500 0.609375
vt 0.562500 0.625000
vt 0.562500 0.640625
vt 0.562500 0.656250
vt 0.546875 0.515625
vt 0.546875 0.531250
vt 0.546875 0.546875
vt 0.546875 0.562500
vt 0.546875 0.578125
vt 0.546875 0.593750
vt 0.546875 0.609375
vt 0.546875 0.625000
vt 0.546875 0.640625
vt 0.546875 0.656250
vt 0.531250 0.515625
vt 0.531250 0.500000
vt 0.531250 0.531250
vt 0.531250 0.546875
vt 0.531250 0.562500
vt 0.531250 0.578125
vt 0.531250 0.593750
vt 0.531250 0.609375
vt 0.531250 0.625000
vt 0.531250 0.640625
vt 0.531250 0.656250
vt 0.515625 0.515625
vt 0.515625 0.500000
vt 0.515625 0.531250
vt 0.515625 0.546875
vt 0.515625 0.562500
vt 0.515625 0.578125
vt 0.515625 0.593750
vt 0.515625 0.609375
vt 0.515625 0.625000
vt 0.515625 0.640625
vt 0.515625 0.656250
vt 0.500000 0.515625
vt 0.500000 0.500000
vt 0.500000 0.531250
vt 0.500000 0.546875
vt 0.500000 0.562500
vt 0.500000 0.578125
vt 0.500000 0.593750
vt 0.500000 0.609375
vt 0.500000 0.625000
vt 0.500000 0.640625
vt 0.500000 0.656250
vt 0.296875 0.515625
vt 0.296875 0.500000
vt 0.296875 0.531250
vt 0.296875 0.546875
vt 0.296875 0.562500
vt 0.296875 0.578125
vt 0.296875 0.593750
vt 0.296875 0.609375
vt 0.296875 0.625000
vt 0.296875 0.640625
vt 0.296875 0.656250
vt 0.484375 0.515625
vt 0.484375 0.500000
vt 0.484375 0.531250
vt 0.484375 0.546875
vt 0.484375 0.562500
vt 0.484375 0.578125
vt 0.484375 0.593750
vt 0.484375 0.609375
vt 0.484375 0.625000
vt 0.484375 0.640625
vt 0.484375 0.656250
vt 0.437500 0.500000
vt 0.437500 0.515625
vt 0.437500 0.531250
vt 0.437500 0.546875
vt 0.437500 0.562500
vt 0.437500 0.578125
vt 0.437500 0.593750
vt 0.437500 0.609375
vt 0.437500 0.625000
vt 0.437500 0.640625
vt 0.437500 0.656250
vt 0.453125 0.656250
vt 0.468750 0.656250
vt 0.453125 0.671875
vt 0.468750 0.671875
vt 0.453125 0.640625
vt 0.468750 0.640625
vt 0.453125 0.625000
vt 0.468750 0.625000
vt 0.453125 0.609375
vt 0.468750 0.609375
vt 0.453125 0.593750
vt 0.468750 0.593750
vt 0.453125 0.578125
vt 0.468750 0.578125
vt 0.453125 0.562500
vt 0.468750 0.562500
vt 0.453125 0.546875
vt 0.468750 0.546875
vt 0.453125 0.531250
vt 0.468750 0.531250
vt 0.453125 0.515625
vt 0.468750 0.515625
vt 0.453125 0.500000
vt 0.468750 0.500000
vt 0.265625 0.656250
vt 0.250000 0.671875
vt 0.250000 0.656250
vt 0.281250 0.656250
vt 0.265625 0.671875
vt 0.281250 0.671875
vt 0.265625 0.640625
vt 0.250000 0.640625
vt 0.281250 0.640625
vt 0.265625 0.625000
vt 0.250000 0.625000
vt 0.281250 0.625000
vt 0.265625 0.609375
vt 0.250000 0.609375
vt 0.281250 0.609375
vt 0.265625 0.593750
vt 0.250000 0.593750
vt 0.281250 0.593750
vt 0.265625 0.578125
vt 0.250000 0.578125
vt 0.281250 0.578125
vt 0.265625 0.562500
vt 0.250000 0.562500
vt 0.281250 0.562500
vt 0.265625 0.546875
vt 0.250000 0.546875
vt 0.281250 0.546875
vt 0.265625 0.531250
vt 0.250000 0.531250
vt 0.281250 0.531250
vt 0.265625 0.515625
vt 0.250000 0.515625
vt 0.281250 0.515625
vt 0.265625 0.500000
vt 0.250000 0.500000
vt 0.281250 0.500000
vt 0.531250 0.703125
vt 0.531250 0.718750
vt 0.546875 0.703125
vt 0.546875 0.718750
vt 0.515625 0.703125
vt 0.515625 0.718750
vt 0.500000 0.703125
vt 0.500000 0.718750
vt 0.484375 0.703125
vt 0.484375 0.718750
vt 0.468750 0.703125
vt 0.468750 0.687500
vt 0.468750 0.718750
vt 0.453125 0.703125
vt 0.453125 0.687500
vt 0.453125 0.718750
vt 0.437500 0.703125
vt 0.437500 0.687500
vt 0.437500 0.718750
vt 0.406250 0.703125
vt 0.421875 0.703125
vt 0.406250 0.718750
vt 0.421875 0.718750
vt 0.390625 0.703125
vt 0.390625 0.718750
vt 0.375000 0.703125
vt 0.375000 0.718750
vt 0.359375 0.703125
vt 0.359375 0.718750
vt 0.343750 0.703125
vt 0.343750 0.718750
vt 0.328125 0.703125
vt 0.328125 0.718750
vt 0.312500 0.703125
vt 0.312500 0.718750
vt 0.250000 0.687500
vt 0.265625 0.687500
vt 0.281250 0.687500
vt 0.562500 0.703125
vt 0.562500 0.718750
vt 0.312500 0.250000
vt 0.296875 0.265625
vt 0.296875 0.250000
vt 0.312500 0.265625
vt 0.296875 0.281250
vt 0.312500 0.281250
vt 0.296875 0.296875
vt 0.312500 0.296875
vt 0.296875 0.312500
vt 0.312500 0.312500
vt 0.296875 0.328125
vt 0.312500 0.328125
vt 0.296875 0.343750
vt 0.312500 0.343750
vt 0.296875 0.359375
vt 0.312500 0.359375
vt 0.296875 0.375000
vt 0.312500 0.375000
vt 0.296875 0.390625
vt 0.312500 0.390625
vt 0.296875 0.406250
vt 0.312500 0.406250
vt 0.609375 0.265625
vt 0.609375 0.281250
vt 0.609375 0.296875
vt 0.625000 0.296875
vt 0.609375 0.312500
vt 0.609375 0.328125
vt 0.625000 0.328125
vt 0.609375 0.343750
vt 0.625000 0.343750
vt 0.609375 0.359375
vt 0.625000 0.359375
vt 0.609375 0.375000
vt 0.609375 0.390625
vt 0.609375 0.406250
vt 0.500000 0.250000
vt 0.484375 0.265625
vt 0.484375 0.250000
vt 0.500000 0.265625
vt 0.484375 0.281250
vt 0.500000 0.281250
vt 0.484375 0.296875
vt 0.500000 0.296875
vt 0.484375 0.312500
vt 0.500000 0.312500
vt 0.484375 0.328125
vt 0.500000 0.328125
vt 0.484375 0.343750
vt 0.500000 0.343750
vt 0.484375 0.359375
vt 0.500000 0.359375
vt 0.484375 0.375000
vt 0.500000 0.375000
vt 0.484375 0.390625
vt 0.500000 0.390625
vt 0.484375 0.406250
vt 0.500000 0.406250
vt 0.437500 0.250000
vt 0.421875 0.265625
vt 0.437500 0.265625
vt 0.421875 0.281250
vt 0.437500 0.281250
vt 0.421875 0.296875
vt 0.437500 0.296875
vt 0.421875 0.312500
vt 0.437500 0.312500
vt 0.421875 0.328125
vt 0.437500 0.328125
vt 0.421875 0.343750
vt 0.437500 0.343750
vt 0.421875 0.359375
vt 0.437500 0.359375
vt 0.421875 0.375000
vt 0.437500 0.375000
vt 0.421875 0.390625
vt 0.437500 0.390625
vt 0.421875 0.406250
vt 0.437500 0.406250
vt 0.453125 0.406250
vt 0.468750 0.406250
vt 0.453125 0.421875
vt 0.468750 0.421875
vt 0.453125 0.390625
vt 0.468750 0.390625
vt 0.453125 0.375000
vt 0.468750 0.375000
vt 0.453125 0.359375
vt 0.468750 0.359375
vt 0.453125 0.343750
vt 0.468750 0.343750
vt 0.453125 0.328125
vt 0.468750 0.328125
vt 0.453125 0.312500
vt 0.468750 0.312500
vt 0.453125 0.296875
vt 0.468750 0.296875
vt 0.453125 0.281250
vt 0.468750 0.281250
vt 0.453125 0.265625
vt 0.468750 0.265625
vt 0.453125 0.250000
vt 0.468750 0.250000
vt 0.265625 0.406250
vt 0.250000 0.406250
vt 0.281250 0.406250
vt 0.265625 0.421875
vt 0.281250 0.421875
vt 0.265625 0.390625
vt 0.250000 0.390625
vt 0.281250 0.390625
vt 0.265625 0.375000
vt 0.250000 0.375000
vt 0.281250 0.375000
vt 0.265625 0.359375
vt 0.250000 0.359375
vt 0.281250 0.359375
vt 0.265625 0.343750
vt 0.250000 0.343750
vt 0.281250 0.343750
vt 0.265625 0.328125
vt 0.250000 0.328125
vt 0.281250 0.328125
vt 0.265625 0.312500
vt 0.250000 0.312500
vt 0.281250 0.312500
vt 0.265625 0.296875
vt 0.250000 0.296875
vt 0.281250 0.296875
vt 0.265625 0.281250
vt 0.250000 0.281250
vt 0.281250 0.281250
vt 0.265625 0.265625
vt 0.250000 0.265625
vt 0.281250 0.265625
vt 0.265625 0.250000
vt 0.250000 0.250000
vt 0.281250 0.250000
vt 0.250000 0.437500
vt 0.265625 0.437500
vt 0.281250 0.437500
vt 0.437500 0.437500
vt 0.453125 0.437500
vt 0.468750 0.437500
vt 0.421875 0.453125
vt 0.437500 0.453125
vt 0.421875 0.468750
vt 0.437500 0.468750
vt 0.546793 0.453125
vt 0.562375 0.437500
vt 0.546766 0.437500
vt 0.546820 0.468750
vt 0.562406 0.453125
vt 0.562438 0.468750
vt 0.453117 0.468750
vt 0.453121 0.484375
vt 0.468734 0.468750
vt 0.468742 0.484375
vt 0.484352 0.468750
vt 0.484363 0.484375
vt 0.499969 0.468750
vt 0.499984 0.484375
vt 0.515586 0.468750
vt 0.515606 0.484375
vt 0.531203 0.468750
vt 0.453113 0.453125
vt 0.468727 0.453125
vt 0.484340 0.453125
vt 0.499953 0.453125
vt 0.515566 0.453125
vt 0.531180 0.453125
vt 0.453109 0.437500
vt 0.468719 0.437500
vt 0.484328 0.437500
vt 0.499938 0.437500
vt 0.515547 0.437500
vt 0.531156 0.437500
vt 0.328125 0.468750
vt 0.312500 0.484375
vt 0.312500 0.468750
vt 0.343750 0.468750
vt 0.328125 0.484375
vt 0.359375 0.468750
vt 0.343750 0.484375
vt 0.375000 0.468750
vt 0.359375 0.484375
vt 0.390625 0.468750
vt 0.375000 0.484375
vt 0.406250 0.468750
vt 0.390625 0.484375
vt 0.406250 0.484375
vt 0.328125 0.453125
vt 0.312500 0.453125
vt 0.343750 0.453125
vt 0.359375 0.453125
vt 0.375000 0.453125
vt 0.390625 0.453125
vt 0.406250 0.453125
vt 0.328125 0.437500
vt 0.312500 0.437500
vt 0.343750 0.437500
vt 0.359375 0.437500
vt 0.375000 0.437500
vt 0.390625 0.437500
vt 0.406250 0.437500
vt 0.328125 0.406250
vt 0.343750 0.421875
vt 0.328125 0.421875
vt 0.359375 0.406250
vt 0.343750 0.406250
vt 0.375000 0.406250
vt 0.359375 0.421875
vt 0.390625 0.406250
vt 0.375000 0.421875
vt 0.406250 0.406250
vt 0.390625 0.421875
vt 0.406250 0.421875
vt 0.328125 0.390625
vt 0.359375 0.390625
vt 0.343750 0.390625
vt 0.375000 0.390625
vt 0.390625 0.390625
vt 0.406250 0.390625
vt 0.343750 0.375000
vt 0.328125 0.375000
vt 0.359375 0.375000
vt 0.375000 0.375000
vt 0.390625 0.375000
vt 0.406250 0.375000
vt 0.328125 0.359375
vt 0.343750 0.359375
vt 0.359375 0.359375
vt 0.375000 0.359375
vt 0.390625 0.359375
vt 0.406250 0.359375
vt 0.328125 0.343750
vt 0.343750 0.343750
vt 0.375000 0.343750
vt 0.359375 0.343750
vt 0.390625 0.343750
vt 0.406250 0.343750
vt 0.328125 0.328125
vt 0.343750 0.328125
vt 0.375000 0.328125
vt 0.359375 0.328125
vt 0.390625 0.328125
vt 0.406250 0.328125
vt 0.328125 0.312500
vt 0.359375 0.312500
vt 0.343750 0.312500
vt 0.375000 0.312500
vt 0.390625 0.312500
vt 0.406250 0.312500
vt 0.328125 0.296875
vt 0.343750 0.296875
vt 0.359375 0.296875
vt 0.375000 0.296875
vt 0.390625 0.296875
vt 0.406250 0.296875
vt 0.328125 0.281250
vt 0.343750 0.281250
vt 0.359375 0.281250
vt 0.375000 0.281250
vt 0.390625 0.281250
vt 0.406250 0.281250
vt 0.328125 0.265625
vt 0.343750 0.265625
vt 0.359375 0.265625
vt 0.375000 0.265625
vt 0.390625 0.265625
vt 0.406250 0.265625
vt 0.328125 0.250000
vt 0.343750 0.250000
vt 0.375000 0.250000
vt 0.390625 0.250000
vt 0.406250 0.250000
vt 0.515625 0.406250
vt 0.531250 0.406250
vt 0.515625 0.421875
vt 0.546875 0.406250
vt 0.531250 0.421875
vt 0.562500 0.406250
vt 0.546875 0.421875
vt 0.578125 0.406250
vt 0.562500 0.421875
vt 0.593750 0.406250
vt 0.578125 0.421875
vt 0.593750 0.421875
vt 0.515625 0.390625
vt 0.531250 0.390625
vt 0.546875 0.390625
vt 0.562500 0.390625
vt 0.578125 0.390625
vt 0.593750 0.390625
vt 0.515625 0.375000
vt 0.531250 0.375000
vt 0.546875 0.375000
vt 0.562500 0.375000
vt 0.578125 0.375000
vt 0.593750 0.375000
vt 0.515625 0.359375
vt 0.531250 0.359375
vt 0.546875 0.359375
vt 0.562500 0.359375
vt 0.578125 0.359375
vt 0.593750 0.359375
vt 0.515625 0.343750
vt 0.531250 0.343750
vt 0.546875 0.343750
vt 0.562500 0.343750
vt 0.578125 0.343750
vt 0.593750 0.343750
vt 0.515625 0.328125
vt 0.531250 0.328125
vt 0.546875 0.328125
vt 0.562500 0.328125
vt 0.578125 0.328125
vt 0.593750 0.328125
vt 0.515625 0.312500
vt 0.531250 0.312500
vt 0.546875 0.312500
vt 0.562500 0.312500
vt 0.578125 0.312500
vt 0.593750 0.312500
vt 0.515625 0.296875
vt 0.531250 0.296875
vt 0.546875 0.296875
vt 0.562500 0.296875
vt 0.578125 0.296875
vt 0.593750 0.296875
vt 0.515625 0.281250
vt 0.531250 0.281250
vt 0.546875 0.281250
vt 0.562500 0.281250
vt 0.578125 0.281250
vt 0.593750 0.281250
vt 0.515625 0.265625
vt 0.531250 0.265625
vt 0.546875 0.265625
vt 0.562500 0.265625
vt 0.578125 0.265625
vt 0.593750 0.265625
vt 0.515625 0.250000
vt 0.531250 0.250000
vt 0.546875 0.250000
vt 0.562500 0.250000
vt 0.578125 0.250000
vt 0.593750 0.250000
vt 0.500000 0.437500
vt 0.515625 0.437500
vt 0.531250 0.437500
vt 0.546875 0.437500
vt 0.562500 0.437500
vt 0.578125 0.437500
vt 0.593750 0.437500
vt 0.531227 0.484375
vt 0.015625 0.859375
vt 0.000000 0.875000
vt 0.000000 0.859375
vt 0.031250 0.859375
vt 0.015625 0.875000
vt 0.046875 0.859375
vt 0.031250 0.875000
vt 0.062500 0.859375
vt 0.046875 0.875000
vt 0.078125 0.859375
vt 0.062500 0.875000
vt 0.093750 0.859375
vt 0.078125 0.875000
vt 0.093750 0.875000
vt 0.015625 0.750000
vt 0.000000 0.765625
vt 0.000000 0.750000
vt 0.015625 0.765625
vt 0.000000 0.781250
vt 0.015625 0.781250
vt 0.000000 0.796875
vt 0.015625 0.796875
vt 0.000000 0.812500
vt 0.015625 0.812500
vt 0.000000 0.828125
vt 0.015625 0.828125
vt 0.000000 0.843750
vt 0.015625 0.843750
vt 0.031250 0.750000
vt 0.031250 0.765625
vt 0.031250 0.781250
vt 0.031250 0.796875
vt 0.031250 0.812500
vt 0.031250 0.828125
vt 0.031250 0.843750
vt 0.046875 0.750000
vt 0.046875 0.765625
vt 0.046875 0.781250
vt 0.046875 0.796875
vt 0.046875 0.812500
vt 0.046875 0.828125
vt 0.046875 0.843750
vt 0.062500 0.750000
vt 0.062500 0.765625
vt 0.062500 0.781250
vt 0.062500 0.796875
vt 0.062500 0.812500
vt 0.062500 0.828125
vt 0.062500 0.843750
vt 0.078125 0.750000
vt 0.078125 0.765625
vt 0.078125 0.781250
vt 0.078125 0.796875
vt 0.078125 0.812500
vt 0.078125 0.828125
vt 0.078125 0.843750
vt 0.093750 0.750000
vt 0.093750 0.765625
vt 0.093750 0.781250
vt 0.093750 0.796875
vt 0.093750 0.812500
vt 0.093750 0.828125
vt 0.093750 0.843750
vt 0.109375 0.765625
vt 0.109375 0.781250
vt 0.109375 0.796875
vt 0.109375 0.812500
vt 0.109375 0.828125
vt 0.109375 0.843750
vt 0.125000 0.750000
vt 0.125000 0.765625
vt 0.125000 0.781250
vt 0.125000 0.796875
vt 0.125000 0.812500
vt 0.125000 0.828125
vt 0.125000 0.843750
vt 0.390625 0.859375
vt 0.375000 0.875000
vt 0.406250 0.859375
vt 0.390625 0.875000
vt 0.421875 0.859375
vt 0.406250 0.875000
vt 0.437500 0.859375
vt 0.421875 0.875000
vt 0.453125 0.859375
vt 0.437500 0.875000
vt 0.468750 0.859375
vt 0.453125 0.875000
vt 0.468750 0.875000
vt 0.375000 0.765625
vt 0.390625 0.765625
vt 0.375000 0.781250
vt 0.390625 0.781250
vt 0.375000 0.796875
vt 0.390625 0.796875
vt 0.375000 0.812500
vt 0.390625 0.812500
vt 0.375000 0.828125
vt 0.390625 0.828125
vt 0.375000 0.843750
vt 0.390625 0.843750
vt 0.406250 0.765625
vt 0.406250 0.781250
vt 0.406250 0.796875
vt 0.406250 0.812500
vt 0.406250 0.828125
vt 0.406250 0.843750
vt 0.421875 0.765625
vt 0.421875 0.781250
vt 0.421875 0.796875
vt 0.421875 0.812500
vt 0.421875 0.828125
vt 0.421875 0.843750
vt 0.437500 0.765625
vt 0.437500 0.781250
vt 0.437500 0.796875
vt 0.437500 0.812500
vt 0.437500 0.828125
vt 0.437500 0.843750
vt 0.453125 0.765625
vt 0.453125 0.781250
vt 0.453125 0.796875
vt 0.453125 0.812500
vt 0.453125 0.828125
vt 0.453125 0.843750
vt 0.468750 0.765625
vt 0.468750 0.781250
vt 0.468750 0.796875
vt 0.468750 0.812500
vt 0.468750 0.828125
vt 0.468750 0.843750
vt 0.484375 0.765625
vt 0.484375 0.781250
vt 0.484375 0.796875
vt 0.484375 0.812500
vt 0.484375 0.828125
vt 0.484375 0.843750
vt 0.500000 0.765625
vt 0.500000 0.781250
vt 0.500000 0.796875
vt 0.500000 0.812500
vt 0.500000 0.828125
vt 0.500000 0.843750
vt 0.265625 0.859375
vt 0.250000 0.875000
vt 0.281250 0.859375
vt 0.265625 0.875000
vt 0.296875 0.859375
vt 0.281250 0.875000
vt 0.312500 0.859375
vt 0.296875 0.875000
vt 0.328125 0.859375
vt 0.312500 0.875000
vt 0.343750 0.859375
vt 0.328125 0.875000
vt 0.343750 0.875000
vt 0.265625 0.750000
vt 0.250000 0.765625
vt 0.250000 0.750000
vt 0.265625 0.765625
vt 0.250000 0.781250
vt 0.265625 0.781250
vt 0.250000 0.796875
vt 0.265625 0.796875
vt 0.250000 0.812500
vt 0.265625 0.812500
vt 0.250000 0.828125
vt 0.265625 0.828125
vt 0.250000 0.843750
vt 0.265625 0.843750
vt 0.281250 0.750000
vt 0.281250 0.765625
vt 0.281250 0.781250
vt 0.281250 0.796875
vt 0.281250 0.812500
vt 0.281250 0.828125
vt 0.281250 0.843750
vt 0.296875 0.750000
vt 0.296875 0.765625
vt 0.296875 0.781250
vt 0.296875 0.796875
vt 0.296875 0.812500
vt 0.296875 0.828125
vt 0.296875 0.843750
vt 0.312500 0.765625
vt 0.312500 0.781250
vt 0.312500 0.796875
vt 0.312500 0.812500
vt 0.312500 0.828125
vt 0.312500 0.843750
vt 0.328125 0.765625
vt 0.328125 0.781250
vt 0.328125 0.796875
vt 0.328125 0.812500
vt 0.328125 0.828125
vt 0.328125 0.843750
vt 0.343750 0.765625
vt 0.343750 0.781250
vt 0.343750 0.796875
vt 0.343750 0.812500
vt 0.343750 0.828125
vt 0.343750 0.843750
vt 0.359375 0.765625
vt 0.359375 0.781250
vt 0.359375 0.796875
vt 0.359375 0.812500
vt 0.359375 0.828125
vt 0.359375 0.843750
vt 0.140625 0.859375
vt 0.125000 0.875000
vt 0.156250 0.859375
vt 0.140625 0.875000
vt 0.171875 0.859375
vt 0.156250 0.875000
vt 0.187500 0.859375
vt 0.171875 0.875000
vt 0.203125 0.859375
vt 0.187500 0.875000
vt 0.218750 0.859375
vt 0.203125 0.875000
vt 0.218750 0.875000
vt 0.140625 0.750000
vt 0.140625 0.765625
vt 0.140625 0.781250
vt 0.140625 0.796875
vt 0.140625 0.812500
vt 0.140625 0.828125
vt 0.140625 0.843750
vt 0.156250 0.750000
vt 0.156250 0.765625
vt 0.156250 0.781250
vt 0.156250 0.796875
vt 0.156250 0.812500
vt 0.156250 0.828125
vt 0.156250 0.843750
vt 0.171875 0.765625
vt 0.171875 0.781250
vt 0.171875 0.796875
vt 0.171875 0.812500
vt 0.171875 0.828125
vt 0.171875 0.843750
vt 0.187500 0.750000
vt 0.187500 0.765625
vt 0.187500 0.781250
vt 0.187500 0.796875
vt 0.187500 0.812500
vt 0.187500 0.828125
vt 0.187500 0.843750
vt 0.203125 0.750000
vt 0.203125 0.765625
vt 0.203125 0.781250
vt 0.203125 0.796875
vt 0.203125 0.812500
vt 0.203125 0.828125
vt 0.203125 0.843750
vt 0.218750 0.750000
vt 0.218750 0.765625
vt 0.218750 0.781250
vt 0.218750 0.796875
vt 0.218750 0.812500
vt 0.218750 0.828125
vt 0.218750 0.843750
vt 0.234375 0.750000
vt 0.234375 0.765625
vt 0.234375 0.781250
vt 0.234375 0.796875
vt 0.234375 0.812500
vt 0.234375 0.828125
vt 0.234375 0.843750
vt 0.140625 0.984375
vt 0.125000 1.000000
vt 0.125000 0.984375
vt 0.156250 0.984375
vt 0.140625 1.000000
vt 0.171875 0.984375
vt 0.156250 1.000000
vt 0.187500 0.984375
vt 0.171875 1.000000
vt 0.203125 0.984375
vt 0.187500 1.000000
vt 0.218750 0.984375
vt 0.203125 1.000000
vt 0.218750 1.000000
vt 0.125000 0.890625
vt 0.140625 0.890625
vt 0.125000 0.906250
vt 0.140625 0.906250
vt 0.125000 0.921875
vt 0.140625 0.921875
vt 0.125000 0.937500
vt 0.140625 0.937500
vt 0.125000 0.953125
vt 0.140625 0.953125
vt 0.125000 0.968750
vt 0.140625 0.968750
vt 0.156250 0.890625
vt 0.156250 0.906250
vt 0.156250 0.921875
vt 0.156250 0.937500
vt 0.156250 0.953125
vt 0.156250 0.968750
vt 0.171875 0.890625
vt 0.171875 0.906250
vt 0.171875 0.921875
vt 0.171875 0.937500
vt 0.171875 0.953125
vt 0.171875 0.968750
vt 0.187500 0.890625
vt 0.187500 0.906250
vt 0.187500 0.921875
vt 0.187500 0.937500
vt 0.187500 0.953125
vt 0.187500 0.968750
vt 0.203125 0.890625
vt 0.203125 0.906250
vt 0.203125 0.921875
vt 0.203125 0.937500
vt 0.203125 0.953125
vt 0.203125 0.968750
vt 0.218750 0.890625
vt 0.218750 0.906250
vt 0.218750 0.921875
vt 0.218750 0.937500
vt 0.218750 0.953125
vt 0.218750 0.968750
vt 0.234375 0.890625
vt 0.234375 0.906250
vt 0.234375 0.921875
vt 0.234375 0.937500
vt 0.234375 0.953125
vt 0.234375 0.968750
vt 0.250000 0.890625
vt 0.250000 0.906250
vt 0.250000 0.921875
vt 0.250000 0.937500
vt 0.250000 0.953125
vt 0.250000 0.968750
vt 0.359375 0.890625
vt 0.359375 0.906250
vt 0.375000 0.890625
vt 0.359375 0.921875
vt 0.375000 0.906250
vt 0.359375 0.937500
vt 0.375000 0.921875
vt 0.359375 0.953125
vt 0.375000 0.937500
vt 0.359375 0.968750
vt 0.375000 0.953125
vt 0.375000 0.968750
vt 0.265625 0.890625
vt 0.281250 0.890625
vt 0.296875 0.890625
vt 0.312500 0.890625
vt 0.328125 0.890625
vt 0.343750 0.890625
vt 0.265625 0.906250
vt 0.281250 0.906250
vt 0.296875 0.906250
vt 0.312500 0.906250
vt 0.328125 0.906250
vt 0.343750 0.906250
vt 0.265625 0.921875
vt 0.281250 0.921875
vt 0.296875 0.921875
vt 0.312500 0.921875
vt 0.328125 0.921875
vt 0.343750 0.921875
vt 0.265625 0.937500
vt 0.281250 0.937500
vt 0.296875 0.937500
vt 0.312500 0.937500
vt 0.328125 0.937500
vt 0.343750 0.937500
vt 0.265625 0.953125
vt 0.281250 0.953125
vt 0.296875 0.953125
vt 0.312500 0.953125
vt 0.328125 0.953125
vt 0.343750 0.953125
vt 0.265625 0.968750
vt 0.281250 0.968750
vt 0.296875 0.968750
vt 0.312500 0.968750
vt 0.328125 0.968750
vt 0.343750 0.968750
vt 0.265625 0.984375
vt 0.281250 0.984375
vt 0.296875 0.984375
vt 0.312500 0.984375
vt 0.328125 0.984375
vt 0.343750 0.984375
vt 0.250000 1.000000
vt 0.265625 1.000000
vt 0.281250 1.000000
vt 0.296875 1.000000
vt 0.312500 1.000000
vt 0.328125 1.000000
vt 0.343750 1.000000
vt 0.515625 0.859375
vt 0.500000 0.875000
vt 0.531250 0.859375
vt 0.515625 0.875000
vt 0.546875 0.859375
vt 0.531250 0.875000
vt 0.562500 0.859375
vt 0.546875 0.875000
vt 0.578125 0.859375
vt 0.562500 0.875000
vt 0.593750 0.859375
vt 0.578125 0.875000
vt 0.593750 0.875000
vt 0.515625 0.765625
vt 0.515625 0.781250
vt 0.515625 0.796875
vt 0.515625 0.812500
vt 0.515625 0.828125
vt 0.515625 0.843750
vt 0.531250 0.765625
vt 0.531250 0.781250
vt 0.531250 0.796875
vt 0.531250 0.812500
vt 0.531250 0.828125
vt 0.531250 0.843750
vt 0.546875 0.750000
vt 0.546875 0.765625
vt 0.546875 0.781250
vt 0.546875 0.796875
vt 0.546875 0.812500
vt 0.546875 0.828125
vt 0.546875 0.843750
vt 0.562500 0.750000
vt 0.562500 0.765625
vt 0.562500 0.781250
vt 0.562500 0.796875
vt 0.562500 0.812500
vt 0.562500 0.828125
vt 0.562500 0.843750
vt 0.578125 0.750000
vt 0.578125 0.765625
vt 0.578125 0.781250
vt 0.578125 0.796875
vt 0.578125 0.812500
vt 0.578125 0.828125
vt 0.578125 0.843750
vt 0.593750 0.750000
vt 0.593750 0.765625
vt 0.593750 0.781250
vt 0.593750 0.796875
vt 0.593750 0.812500
vt 0.593750 0.828125
vt 0.593750 0.843750
vt 0.609375 0.750000
vt 0.609375 0.765625
vt 0.609375 0.781250
vt 0.609375 0.796875
vt 0.609375 0.812500
vt 0.609375 0.828125
vt 0.609375 0.843750
vt 0.625000 0.750000
vt 0.625000 0.765625
vt 0.625000 0.781250
vt 0.625000 0.796875
vt 0.625000 0.812500
vt 0.625000 0.828125
vt 0.625000 0.843750
vt 0.890625 0.859375
vt 0.875000 0.875000
vt 0.906250 0.859375
vt 0.890625 0.875000
vt 0.921875 0.859375
vt 0.906250 0.875000
vt 0.937500 0.859375
vt 0.921875 0.875000
vt 0.953125 0.859375
vt 0.937500 0.875000
vt 0.968750 0.859375
vt 0.953125 0.875000
vt 0.968750 0.875000
vt 0.890625 0.750000
vt 0.875000 0.765625
vt 0.875000 0.750000
vt 0.890625 0.765625
vt 0.875000 0.781250
vt 0.890625 0.781250
vt 0.875000 0.796875
vt 0.890625 0.796875
vt 0.875000 0.812500
vt 0.890625 0.812500
vt 0.875000 0.828125
vt 0.890625 0.828125
vt 0.875000 0.843750
vt 0.890625 0.843750
vt 0.906250 0.750000
vt 0.906250 0.765625
vt 0.906250 0.781250
vt 0.906250 0.796875
vt 0.906250 0.812500
vt 0.906250 0.828125
vt 0.906250 0.843750
vt 0.921875 0.750000
vt 0.921875 0.765625
vt 0.921875 0.781250
vt 0.921875 0.796875
vt 0.921875 0.812500
vt 0.921875 0.828125
vt 0.921875 0.843750
vt 0.937500 0.750000
vt 0.937500 0.765625
vt 0.937500 0.781250
vt 0.937500 0.796875
vt 0.937500 0.812500
vt 0.937500 0.828125
vt 0.937500 0.843750
vt 0.953125 0.750000
vt 0.953125 0.765625
vt 0.953125 0.781250
vt 0.953125 0.796875
vt 0.953125 0.812500
vt 0.953125 0.828125
vt 0.953125 0.843750
vt 0.968750 0.750000
vt 0.968750 0.765625
vt 0.968750 0.781250
vt 0.968750 0.796875
vt 0.968750 0.812500
vt 0.968750 0.828125
vt 0.968750 0.843750
vt 0.984375 0.750000
vt 0.984375 0.765625
vt 0.984375 0.781250
vt 0.984375 0.796875
vt 0.984375 0.812500
vt 0.984375 0.828125
vt 0.984375 0.843750
vt 1.000000 0.750000
vt 1.000000 0.765625
vt 1.000000 0.781250
vt 1.000000 0.796875
vt 1.000000 0.812500
vt 1.000000 0.828125
vt 1.000000 0.843750
vt 0.765625 0.859375
vt 0.750000 0.875000
vt 0.781250 0.859375
vt 0.765625 0.875000
vt 0.796875 0.859375
vt 0.781250 0.875000
vt 0.812500 0.859375
vt 0.796875 0.875000
vt 0.828125 0.859375
vt 0.812500 0.875000
vt 0.843750 0.859375
vt 0.828125 0.875000
vt 0.843750 0.875000
vt 0.750000 0.765625
vt 0.765625 0.765625
vt 0.750000 0.781250
vt 0.765625 0.781250
vt 0.750000 0.796875
vt 0.765625 0.796875
vt 0.750000 0.812500
vt 0.765625 0.812500
vt 0.750000 0.828125
vt 0.765625 0.828125
vt 0.750000 0.843750
vt 0.765625 0.843750
vt 0.781250 0.750000
vt 0.781250 0.765625
vt 0.781250 0.781250
vt 0.781250 0.796875
vt 0.781250 0.812500
vt 0.781250 0.828125
vt 0.781250 0.843750
vt 0.796875 0.750000
vt 0.796875 0.765625
vt 0.796875 0.781250
vt 0.796875 0.796875
vt 0.796875 0.812500
vt 0.796875 0.828125
vt 0.796875 0.843750
vt 0.812500 0.750000
vt 0.812500 0.765625
vt 0.812500 0.781250
vt 0.812500 0.796875
vt 0.812500 0.812500
vt 0.812500 0.828125
vt 0.812500 0.843750
vt 0.828125 0.750000
vt 0.828125 0.765625
vt 0.828125 0.781250
vt 0.828125 0.796875
vt 0.828125 0.812500
vt 0.828125 0.828125
vt 0.828125 0.843750
vt 0.843750 0.750000
vt 0.843750 0.765625
vt 0.843750 0.781250
vt 0.843750 0.796875
vt 0.843750 0.812500
vt 0.843750 0.828125
vt 0.843750 0.843750
vt 0.859375 0.750000
vt 0.859375 0.765625
vt 0.859375 0.781250
vt 0.859375 0.796875
vt 0.859375 0.812500
vt 0.859375 0.828125
vt 0.859375 0.843750
vt 0.640625 0.859375
vt 0.625000 0.875000
vt 0.656250 0.859375
vt 0.640625 0.875000
vt 0.671875 0.859375
vt 0.656250 0.875000
vt 0.687500 0.859375
vt 0.671875 0.875000
vt 0.703125 0.859375
vt 0.687500 0.875000
vt 0.718750 0.859375
vt 0.703125 0.875000
vt 0.718750 0.875000
vt 0.640625 0.750000
vt 0.640625 0.765625
vt 0.640625 0.796875
vt 0.640625 0.812500
vt 0.640625 0.828125
vt 0.640625 0.843750
vt 0.656250 0.750000
vt 0.656250 0.765625
vt 0.640625 0.781250
vt 0.656250 0.781250
vt 0.656250 0.796875
vt 0.656250 0.812500
vt 0.656250 0.828125
vt 0.656250 0.843750
vt 0.671875 0.750000
vt 0.671875 0.765625
vt 0.671875 0.781250
vt 0.671875 0.796875
vt 0.671875 0.812500
vt 0.671875 0.828125
vt 0.671875 0.843750
vt 0.687500 0.765625
vt 0.687500 0.781250
vt 0.687500 0.796875
vt 0.687500 0.812500
vt 0.687500 0.828125
vt 0.687500 0.843750
vt 0.703125 0.765625
vt 0.703125 0.781250
vt 0.703125 0.796875
vt 0.703125 0.812500
vt 0.703125 0.828125
vt 0.703125 0.843750
vt 0.718750 0.765625
vt 0.718750 0.781250
vt 0.718750 0.796875
vt 0.718750 0.812500
vt 0.718750 0.828125
vt 0.718750 0.843750
vt 0.734375 0.765625
vt 0.734375 0.781250
vt 0.734375 0.796875
vt 0.734375 0.812500
vt 0.734375 0.828125
vt 0.734375 0.843750
vt 0.640625 0.984375
vt 0.625000 1.000000
vt 0.625000 0.984375
vt 0.656250 0.984375
vt 0.640625 1.000000
vt 0.671875 0.984375
vt 0.656250 1.000000
vt 0.687500 0.984375
vt 0.671875 1.000000
vt 0.703125 0.984375
vt 0.687500 1.000000
vt 0.718750 0.984375
vt 0.703125 1.000000
vt 0.718750 1.000000
vt 0.625000 0.890625
vt 0.640625 0.890625
vt 0.625000 0.906250
vt 0.640625 0.906250
vt 0.625000 0.921875
vt 0.640625 0.921875
vt 0.625000 0.937500
vt 0.640625 0.937500
vt 0.625000 0.953125
vt 0.640625 0.953125
vt 0.625000 0.968750
vt 0.640625 0.968750
vt 0.656250 0.890625
vt 0.656250 0.906250
vt 0.656250 0.921875
vt 0.656250 0.937500
vt 0.656250 0.953125
vt 0.656250 0.968750
vt 0.671875 0.890625
vt 0.671875 0.906250
vt 0.671875 0.921875
vt 0.671875 0.937500
vt 0.671875 0.953125
vt 0.671875 0.968750
vt 0.687500 0.890625
vt 0.687500 0.906250
vt 0.687500 0.921875
vt 0.687500 0.937500
vt 0.687500 0.953125
vt 0.687500 0.968750
vt 0.703125 0.890625
vt 0.703125 0.906250
vt 0.703125 0.921875
vt 0.703125 0.937500
vt 0.703125 0.953125
vt 0.703125 0.968750
vt 0.718750 0.890625
vt 0.718750 0.906250
vt 0.718750 0.921875
vt 0.718750 0.937500
vt 0.718750 0.953125
vt 0.718750 0.968750
vt 0.734375 0.890625
vt 0.734375 0.906250
vt 0.734375 0.921875
vt 0.734375 0.937500
vt 0.734375 0.953125
vt 0.734375 0.968750
vt 0.750000 0.890625
vt 0.750000 0.906250
vt 0.750000 0.921875
vt 0.750000 0.937500
vt 0.750000 0.953125
vt 0.750000 0.968750
vt 0.859375 0.890625
vt 0.859375 0.906250
vt 0.875000 0.890625
vt 0.859375 0.921875
vt 0.875000 0.906250
vt 0.859375 0.937500
vt 0.875000 0.921875
vt 0.859375 0.953125
vt 0.875000 0.937500
vt 0.859375 0.968750
vt 0.875000 0.953125
vt 0.875000 0.968750
vt 0.765625 0.890625
vt 0.781250 0.875000
vt 0.781250 0.890625
vt 0.796875 0.890625
vt 0.812500 0.890625
vt 0.828125 0.890625
vt 0.843750 0.890625
vt 0.765625 0.906250
vt 0.781250 0.906250
vt 0.796875 0.906250
vt 0.812500 0.906250
vt 0.828125 0.906250
vt 0.843750 0.906250
vt 0.765625 0.921875
vt 0.781250 0.921875
vt 0.796875 0.921875
vt 0.812500 0.921875
vt 0.828125 0.921875
vt 0.843750 0.921875
vt 0.765625 0.937500
vt 0.781250 0.937500
vt 0.796875 0.937500
vt 0.812500 0.937500
vt 0.828125 0.937500
vt 0.843750 0.937500
vt 0.765625 0.953125
vt 0.781250 0.953125
vt 0.796875 0.953125
vt 0.812500 0.953125
vt 0.828125 0.953125
vt 0.843750 0.953125
vt 0.765625 0.968750
vt 0.781250 0.968750
vt 0.796875 0.968750
vt 0.812500 0.968750
vt 0.828125 0.968750
vt 0.843750 0.968750
vt 0.765625 0.984375
vt 0.781250 0.984375
vt 0.796875 0.984375
vt 0.812500 0.984375
vt 0.828125 0.984375
vt 0.843750 0.984375
vt 0.750000 1.000000
vt 0.765625 1.000000
vt 0.781250 1.000000
vt 0.796875 1.000000
vt 0.812500 1.000000
vt 0.828125 1.000000
vt 0.843750 1.000000
vt 0.312500 0.000000
vt 0.296875 0.015625
vt 0.296875 0.000000
vt 0.312500 0.015625
vt 0.296875 0.031250
vt 0.312500 0.031250
vt 0.296875 0.046875
vt 0.312500 0.046875
vt 0.296875 0.062500
vt 0.312500 0.062500
vt 0.296875 0.078125
vt 0.312500 0.078125
vt 0.296875 0.093750
vt 0.312500 0.093750
vt 0.296875 0.109375
vt 0.312500 0.109375
vt 0.296875 0.125000
vt 0.312500 0.125000
vt 0.296875 0.140625
vt 0.312500 0.140625
vt 0.296875 0.156250
vt 0.312500 0.156250
vt 0.484375 0.015625
vt 0.484375 0.000000
vt 0.484375 0.031250
vt 0.484375 0.046875
vt 0.484375 0.062500
vt 0.484375 0.078125
vt 0.484375 0.093750
vt 0.484375 0.109375
vt 0.484375 0.125000
vt 0.484375 0.140625
vt 0.484375 0.156250
vt 0.437500 0.000000
vt 0.421875 0.015625
vt 0.421875 0.000000
vt 0.437500 0.015625
vt 0.421875 0.031250
vt 0.437500 0.031250
vt 0.421875 0.046875
vt 0.437500 0.046875
vt 0.421875 0.062500
vt 0.437500 0.062500
vt 0.421875 0.078125
vt 0.437500 0.078125
vt 0.421875 0.093750
vt 0.437500 0.093750
vt 0.421875 0.109375
vt 0.437500 0.109375
vt 0.421875 0.125000
vt 0.437500 0.125000
vt 0.421875 0.140625
vt 0.437500 0.140625
vt 0.421875 0.156250
vt 0.437500 0.156250
vt 0.375000 0.000000
vt 0.359375 0.015625
vt 0.359375 0.000000
vt 0.375000 0.015625
vt 0.359375 0.031250
vt 0.375000 0.031250
vt 0.359375 0.046875
vt 0.375000 0.046875
vt 0.359375 0.062500
vt 0.375000 0.062500
vt 0.359375 0.078125
vt 0.375000 0.078125
vt 0.359375 0.093750
vt 0.375000 0.093750
vt 0.359375 0.109375
vt 0.375000 0.109375
vt 0.359375 0.125000
vt 0.375000 0.125000
vt 0.359375 0.140625
vt 0.375000 0.140625
vt 0.359375 0.156250
vt 0.375000 0.156250
vt 0.062500 0.500000
vt 0.046875 0.515625
vt 0.046875 0.500000
vt 0.062500 0.515625
vt 0.046875 0.531250
vt 0.062500 0.531250
vt 0.046875 0.546875
vt 0.062500 0.546875
vt 0.046875 0.562500
vt 0.062500 0.562500
vt 0.046875 0.578125
vt 0.062500 0.578125
vt 0.046875 0.593750
vt 0.062500 0.593750
vt 0.046875 0.609375
vt 0.062500 0.609375
vt 0.046875 0.625000
vt 0.062500 0.625000
vt 0.046875 0.640625
vt 0.062500 0.640625
vt 0.046875 0.656250
vt 0.062500 0.656250
vt 0.046875 0.671875
vt 0.234375 0.515625
vt 0.234375 0.500000
vt 0.234375 0.531250
vt 0.234375 0.546875
vt 0.234375 0.562500
vt 0.234375 0.578125
vt 0.234375 0.593750
vt 0.234375 0.609375
vt 0.234375 0.625000
vt 0.234375 0.640625
vt 0.234375 0.656250
vt 0.234375 0.671875
vt 0.187500 0.500000
vt 0.171875 0.515625
vt 0.187500 0.515625
vt 0.171875 0.531250
vt 0.187500 0.531250
vt 0.171875 0.546875
vt 0.187500 0.546875
vt 0.171875 0.562500
vt 0.187500 0.562500
vt 0.171875 0.578125
vt 0.187500 0.578125
vt 0.171875 0.593750
vt 0.187500 0.593750
vt 0.171875 0.609375
vt 0.187500 0.609375
vt 0.171875 0.625000
vt 0.187500 0.625000
vt 0.171875 0.640625
vt 0.187500 0.640625
vt 0.171875 0.656250
vt 0.187500 0.656250
vt 0.171875 0.671875
vt 0.125000 0.500000
vt 0.109375 0.515625
vt 0.125000 0.515625
vt 0.109375 0.531250
vt 0.125000 0.531250
vt 0.109375 0.546875
vt 0.125000 0.546875
vt 0.109375 0.562500
vt 0.125000 0.562500
vt 0.109375 0.578125
vt 0.125000 0.578125
vt 0.109375 0.593750
vt 0.125000 0.593750
vt 0.109375 0.609375
vt 0.125000 0.609375
vt 0.109375 0.625000
vt 0.125000 0.625000
vt 0.109375 0.640625
vt 0.125000 0.640625
vt 0.109375 0.656250
vt 0.125000 0.656250
vt 0.109375 0.671875
vt 0.390625 0.156250
vt 0.406250 0.156250
vt 0.390625 0.171875
vt 0.406250 0.171875
vt 0.390625 0.140625
vt 0.406250 0.140625
vt 0.390625 0.125000
vt 0.406250 0.125000
vt 0.390625 0.109375
vt 0.406250 0.109375
vt 0.390625 0.093750
vt 0.406250 0.093750
vt 0.390625 0.078125
vt 0.406250 0.078125
vt 0.390625 0.062500
vt 0.406250 0.062500
vt 0.390625 0.046875
vt 0.406250 0.046875
vt 0.390625 0.031250
vt 0.406250 0.031250
vt 0.390625 0.015625
vt 0.406250 0.015625
vt 0.390625 0.000000
vt 0.406250 0.000000
vt 0.265625 0.156250
vt 0.250000 0.156250
vt 0.281250 0.156250
vt 0.265625 0.171875
vt 0.281250 0.171875
vt 0.265625 0.140625
vt 0.250000 0.140625
vt 0.281250 0.140625
vt 0.265625 0.125000
vt 0.250000 0.125000
vt 0.281250 0.125000
vt 0.265625 0.109375
vt 0.250000 0.109375
vt 0.281250 0.109375
vt 0.265625 0.093750
vt 0.250000 0.093750
vt 0.281250 0.093750
vt 0.265625 0.078125
vt 0.250000 0.078125
vt 0.281250 0.078125
vt 0.265625 0.062500
vt 0.250000 0.062500
vt 0.281250 0.062500
vt 0.265625 0.046875
vt 0.250000 0.046875
vt 0.281250 0.046875
vt 0.265625 0.031250
vt 0.250000 0.031250
vt 0.281250 0.031250
vt 0.265625 0.015625
vt 0.250000 0.015625
vt 0.281250 0.015625
vt 0.265625 0.000000
vt 0.250000 0.000000
vt 0.281250 0.000000
vt 0.250000 0.187500
vt 0.265625 0.187500
vt 0.281250 0.187500
vt 0.375000 0.187500
vt 0.390625 0.187500
vt 0.406250 0.187500
vt 0.359375 0.203125
vt 0.375000 0.203125
vt 0.359375 0.218750
vt 0.375000 0.218750
vt 0.421875 0.203125
vt 0.437500 0.187500
vt 0.421875 0.218750
vt 0.437500 0.203125
vt 0.437500 0.218750
vt 0.140625 0.656250
vt 0.125000 0.671875
vt 0.156250 0.656250
vt 0.140625 0.671875
vt 0.156250 0.671875
vt 0.140625 0.640625
vt 0.156250 0.640625
vt 0.140625 0.625000
vt 0.156250 0.625000
vt 0.140625 0.609375
vt 0.156250 0.609375
vt 0.140625 0.593750
vt 0.156250 0.593750
vt 0.140625 0.578125
vt 0.156250 0.578125
vt 0.140625 0.562500
vt 0.156250 0.562500
vt 0.140625 0.546875
vt 0.156250 0.546875
vt 0.140625 0.531250
vt 0.156250 0.531250
vt 0.140625 0.515625
vt 0.156250 0.515625
vt 0.140625 0.500000
vt 0.156250 0.500000
vt 0.015625 0.656250
vt 0.000000 0.671875
vt 0.000000 0.656250
vt 0.031250 0.656250
vt 0.015625 0.671875
vt 0.031250 0.671875
vt 0.015625 0.640625
vt 0.000000 0.640625
vt 0.031250 0.640625
vt 0.015625 0.625000
vt 0.000000 0.625000
vt 0.031250 0.625000
vt 0.015625 0.609375
vt 0.000000 0.609375
vt 0.031250 0.609375
vt 0.015625 0.593750
vt 0.000000 0.593750
vt 0.031250 0.593750
vt 0.015625 0.578125
vt 0.000000 0.578125
vt 0.031250 0.578125
vt 0.015625 0.562500
vt 0.000000 0.562500
vt 0.031250 0.562500
vt 0.015625 0.546875
vt 0.000000 0.546875
vt 0.031250 0.546875
vt 0.015625 0.531250
vt 0.000000 0.531250
vt 0.031250 0.531250
vt 0.015625 0.515625
vt 0.000000 0.515625
vt 0.031250 0.515625
vt 0.015625 0.500000
vt 0.000000 0.500000
vt 0.031250 0.500000
vt 0.125000 0.687500
vt 0.109375 0.703125
vt 0.109375 0.687500
vt 0.125000 0.703125
vt 0.109375 0.718750
vt 0.125000 0.718750
vt 0.171875 0.703125
vt 0.187500 0.687500
vt 0.171875 0.687500
vt 0.171875 0.718750
vt 0.187500 0.703125
vt 0.187500 0.718750
vt 0.390625 0.218750
vt 0.390625 0.234375
vt 0.406250 0.218750
vt 0.406250 0.234375
vt 0.390625 0.203125
vt 0.406250 0.203125
vt 0.328125 0.218750
vt 0.312500 0.234375
vt 0.312500 0.218750
vt 0.343750 0.218750
vt 0.328125 0.234375
vt 0.343750 0.234375
vt 0.328125 0.203125
vt 0.312500 0.203125
vt 0.343750 0.203125
vt 0.328125 0.187500
vt 0.312500 0.187500
vt 0.343750 0.187500
vt 0.328125 0.156250
vt 0.343750 0.156250
vt 0.328125 0.171875
vt 0.343750 0.171875
vt 0.328125 0.140625
vt 0.343750 0.140625
vt 0.328125 0.125000
vt 0.343750 0.125000
vt 0.328125 0.109375
vt 0.343750 0.109375
vt 0.328125 0.093750
vt 0.343750 0.093750
vt 0.328125 0.078125
vt 0.343750 0.078125
vt 0.328125 0.062500
vt 0.343750 0.062500
vt 0.328125 0.046875
vt 0.343750 0.046875
vt 0.328125 0.031250
vt 0.343750 0.031250
vt 0.328125 0.015625
vt 0.343750 0.015625
vt 0.328125 0.000000
vt 0.343750 0.000000
vt 0.453125 0.156250
vt 0.468750 0.156250
vt 0.453125 0.171875
vt 0.468750 0.171875
vt 0.453125 0.140625
vt 0.468750 0.140625
vt 0.453125 0.125000
vt 0.468750 0.125000
vt 0.453125 0.109375
vt 0.468750 0.109375
vt 0.453125 0.093750
vt 0.468750 0.093750
vt 0.453125 0.078125
vt 0.468750 0.078125
vt 0.453125 0.062500
vt 0.468750 0.062500
vt 0.453125 0.046875
vt 0.468750 0.046875
vt 0.453125 0.031250
vt 0.468750 0.031250
vt 0.453125 0.015625
vt 0.468750 0.015625
vt 0.453125 0.000000
vt 0.468750 0.000000
vt 0.453125 0.187500
vt 0.468750 0.187500
vt 0.140625 0.718750
vt 0.140625 0.734375
vt 0.156250 0.718750
vt 0.156250 0.734375
vt 0.140625 0.703125
vt 0.156250 0.703125
vt 0.140625 0.687500
vt 0.156250 0.687500
vt 0.078125 0.718750
vt 0.062500 0.734375
vt 0.062500 0.718750
vt 0.093750 0.718750
vt 0.078125 0.734375
vt 0.093750 0.734375
vt 0.078125 0.703125
vt 0.062500 0.703125
vt 0.093750 0.703125
vt 0.078125 0.687500
vt 0.062500 0.687500
vt 0.093750 0.687500
vt 0.078125 0.656250
vt 0.062500 0.671875
vt 0.093750 0.656250
vt 0.078125 0.671875
vt 0.093750 0.671875
vt 0.078125 0.640625
vt 0.093750 0.640625
vt 0.078125 0.625000
vt 0.093750 0.625000
vt 0.078125 0.609375
vt 0.093750 0.609375
vt 0.078125 0.593750
vt 0.093750 0.593750
vt 0.078125 0.578125
vt 0.093750 0.578125
vt 0.078125 0.562500
vt 0.093750 0.562500
vt 0.078125 0.546875
vt 0.093750 0.546875
vt 0.078125 0.531250
vt 0.093750 0.531250
vt 0.078125 0.515625
vt 0.093750 0.515625
vt 0.078125 0.500000
vt 0.093750 0.500000
vt 0.203125 0.656250
vt 0.187500 0.671875
vt 0.218750 0.656250
vt 0.203125 0.671875
vt 0.218750 0.671875
vt 0.203125 0.640625
vt 0.218750 0.640625
vt 0.203125 0.625000
vt 0.218750 0.625000
vt 0.203125 0.609375
vt 0.218750 0.609375
vt 0.203125 0.593750
vt 0.218750 0.593750
vt 0.203125 0.578125
vt 0.218750 0.578125
vt 0.203125 0.562500
vt 0.218750 0.562500
vt 0.203125 0.546875
vt 0.218750 0.546875
vt 0.203125 0.531250
vt 0.218750 0.531250
vt 0.203125 0.515625
vt 0.218750 0.515625
vt 0.203125 0.500000
vt 0.218750 0.500000
vt 0.062500 0.000000
vt 0.046875 0.015625
vt 0.046875 0.000000
vt 0.062500 0.015625
vt 0.046875 0.031250
vt 0.062500 0.031250
vt 0.046875 0.046875
vt 0.062500 0.046875
vt 0.046875 0.062500
vt 0.062500 0.062500
vt 0.046875 0.078125
vt 0.062500 0.078125
vt 0.046875 0.093750
vt 0.062500 0.093750
vt 0.046875 0.109375
vt 0.062500 0.109375
vt 0.046875 0.125000
vt 0.062500 0.125000
vt 0.046875 0.140625
vt 0.062500 0.140625
vt 0.046875 0.156250
vt 0.062500 0.156250
vt 0.234375 0.015625
vt 0.234375 0.000000
vt 0.234375 0.031250
vt 0.234375 0.046875
vt 0.234375 0.062500
vt 0.234375 0.078125
vt 0.234375 0.093750
vt 0.234375 0.109375
vt 0.234375 0.125000
vt 0.234375 0.140625
vt 0.234375 0.156250
vt 0.187500 0.000000
vt 0.171875 0.015625
vt 0.171875 0.000000
vt 0.187500 0.015625
vt 0.171875 0.031250
vt 0.187500 0.031250
vt 0.171875 0.046875
vt 0.187500 0.046875
vt 0.171875 0.062500
vt 0.187500 0.062500
vt 0.171875 0.078125
vt 0.187500 0.078125
vt 0.171875 0.093750
vt 0.187500 0.093750
vt 0.171875 0.109375
vt 0.187500 0.109375
vt 0.171875 0.125000
vt 0.187500 0.125000
vt 0.171875 0.140625
vt 0.187500 0.140625
vt 0.171875 0.156250
vt 0.187500 0.156250
vt 0.125000 0.000000
vt 0.109375 0.015625
vt 0.109375 0.000000
vt 0.125000 0.015625
vt 0.109375 0.031250
vt 0.125000 0.031250
vt 0.109375 0.046875
vt 0.125000 0.046875
vt 0.109375 0.062500
vt 0.125000 0.062500
vt 0.109375 0.078125
vt 0.125000 0.078125
vt 0.109375 0.093750
vt 0.125000 0.093750
vt 0.109375 0.109375
vt 0.125000 0.109375
vt 0.109375 0.125000
vt 0.125000 0.125000
vt 0.109375 0.140625
vt 0.125000 0.140625
vt 0.109375 0.156250
vt 0.125000 0.156250
vt 0.062500 0.250000
vt 0.046875 0.265625
vt 0.046875 0.250000
vt 0.062500 0.265625
vt 0.046875 0.281250
vt 0.062500 0.281250
vt 0.046875 0.296875
vt 0.062500 0.296875
vt 0.046875 0.312500
vt 0.062500 0.312500
vt 0.046875 0.328125
vt 0.062500 0.328125
vt 0.046875 0.343750
vt 0.062500 0.343750
vt 0.046875 0.359375
vt 0.062500 0.359375
vt 0.046875 0.375000
vt 0.062500 0.375000
vt 0.046875 0.390625
vt 0.062500 0.390625
vt 0.046875 0.406250
vt 0.062500 0.406250
vt 0.234375 0.265625
vt 0.234375 0.250000
vt 0.234375 0.281250
vt 0.234375 0.296875
vt 0.234375 0.312500
vt 0.250000 0.312500
vt 0.234375 0.328125
vt 0.250000 0.328125
vt 0.234375 0.343750
vt 0.250000 0.343750
vt 0.234375 0.359375
vt 0.234375 0.375000
vt 0.234375 0.390625
vt 0.234375 0.406250
vt 0.187500 0.250000
vt 0.171875 0.265625
vt 0.187500 0.265625
vt 0.171875 0.281250
vt 0.187500 0.281250
vt 0.171875 0.296875
vt 0.187500 0.296875
vt 0.171875 0.312500
vt 0.187500 0.312500
vt 0.171875 0.328125
vt 0.187500 0.328125
vt 0.171875 0.343750
vt 0.187500 0.343750
vt 0.171875 0.359375
vt 0.187500 0.359375
vt 0.171875 0.375000
vt 0.187500 0.375000
vt 0.171875 0.390625
vt 0.187500 0.390625
vt 0.171875 0.406250
vt 0.187500 0.406250
vt 0.125000 0.250000
vt 0.109375 0.265625
vt 0.125000 0.265625
vt 0.109375 0.281250
vt 0.125000 0.281250
vt 0.109375 0.296875
vt 0.125000 0.296875
vt 0.109375 0.312500
vt 0.125000 0.312500
vt 0.109375 0.328125
vt 0.125000 0.328125
vt 0.109375 0.343750
vt 0.125000 0.343750
vt 0.109375 0.359375
vt 0.125000 0.359375
vt 0.109375 0.375000
vt 0.125000 0.375000
vt 0.109375 0.390625
vt 0.125000 0.390625
vt 0.109375 0.406250
vt 0.125000 0.406250
vt 0.078125 0.156250
vt 0.093750 0.156250
vt 0.078125 0.171875
vt 0.093750 0.171875
vt 0.078125 0.140625
vt 0.093750 0.140625
vt 0.078125 0.125000
vt 0.093750 0.125000
vt 0.078125 0.109375
vt 0.093750 0.109375
vt 0.078125 0.093750
vt 0.093750 0.093750
vt 0.078125 0.078125
vt 0.093750 0.078125
vt 0.078125 0.062500
vt 0.093750 0.062500
vt 0.078125 0.046875
vt 0.093750 0.046875
vt 0.078125 0.031250
vt 0.093750 0.031250
vt 0.078125 0.015625
vt 0.093750 0.015625
vt 0.078125 0.000000
vt 0.093750 0.000000
vt 0.203125 0.156250
vt 0.218750 0.156250
vt 0.203125 0.171875
vt 0.218750 0.171875
vt 0.203125 0.140625
vt 0.218750 0.140625
vt 0.203125 0.125000
vt 0.218750 0.125000
vt 0.203125 0.109375
vt 0.218750 0.109375
vt 0.203125 0.093750
vt 0.218750 0.093750
vt 0.203125 0.078125
vt 0.218750 0.078125
vt 0.203125 0.062500
vt 0.218750 0.062500
vt 0.203125 0.046875
vt 0.218750 0.046875
vt 0.203125 0.031250
vt 0.218750 0.031250
vt 0.203125 0.015625
vt 0.218750 0.015625
vt 0.203125 0.000000
vt 0.218750 0.000000
vt 0.187500 0.187500
vt 0.203125 0.187500
vt 0.218750 0.187500
vt 0.062500 0.187500
vt 0.078125 0.187500
vt 0.093750 0.187500
vt 0.078125 0.234375
vt 0.062500 0.234375
vt 0.093750 0.234375
vt 0.078125 0.250000
vt 0.093750 0.250000
vt 0.140625 0.234375
vt 0.140625 0.250000
vt 0.156250 0.234375
vt 0.156250 0.250000
vt 0.078125 0.406250
vt 0.093750 0.406250
vt 0.078125 0.421875
vt 0.093750 0.421875
vt 0.078125 0.390625
vt 0.093750 0.390625
vt 0.078125 0.375000
vt 0.093750 0.375000
vt 0.078125 0.359375
vt 0.093750 0.359375
vt 0.078125 0.343750
vt 0.093750 0.343750
vt 0.078125 0.328125
vt 0.093750 0.328125
vt 0.078125 0.312500
vt 0.093750 0.312500
vt 0.078125 0.296875
vt 0.093750 0.296875
vt 0.078125 0.281250
vt 0.093750 0.281250
vt 0.078125 0.265625
vt 0.093750 0.265625
vt 0.203125 0.406250
vt 0.218750 0.406250
vt 0.203125 0.421875
vt 0.218750 0.421875
vt 0.203125 0.390625
vt 0.218750 0.390625
vt 0.203125 0.375000
vt 0.218750 0.375000
vt 0.203125 0.359375
vt 0.218750 0.359375
vt 0.203125 0.343750
vt 0.218750 0.343750
vt 0.203125 0.328125
vt 0.218750 0.328125
vt 0.203125 0.312500
vt 0.218750 0.312500
vt 0.203125 0.296875
vt 0.218750 0.296875
vt 0.203125 0.281250
vt 0.218750 0.281250
vt 0.203125 0.265625
vt 0.218750 0.265625
vt 0.203125 0.250000
vt 0.218750 0.250000
vt 0.187500 0.437500
vt 0.203125 0.437500
vt 0.218750 0.437500
vt 0.062500 0.437500
vt 0.078125 0.437500
vt 0.093750 0.437500
vt 0.078125 0.484375
vt 0.062500 0.484375
vt 0.093750 0.484375
vt 0.140625 0.484375
vt 0.156250 0.484375
vt 0.156250 0.453125
vt 0.156250 0.437500
vt 0.156250 0.468750
vt 0.171875 0.453125
vt 0.171875 0.468750
vt 0.140625 0.453125
vt 0.140625 0.437500
vt 0.140625 0.468750
vt 0.125000 0.453125
vt 0.125000 0.437500
vt 0.125000 0.468750
vt 0.093750 0.453125
vt 0.109375 0.453125
vt 0.093750 0.468750
vt 0.109375 0.468750
vt 0.078125 0.453125
vt 0.078125 0.468750
vt 0.062500 0.453125
vt 0.062500 0.468750
vt 0.140625 0.406250
vt 0.156250 0.406250
vt 0.140625 0.421875
vt 0.156250 0.421875
vt 0.140625 0.390625
vt 0.156250 0.390625
vt 0.140625 0.375000
vt 0.156250 0.375000
vt 0.140625 0.359375
vt 0.156250 0.359375
vt 0.140625 0.343750
vt 0.156250 0.343750
vt 0.140625 0.328125
vt 0.156250 0.328125
vt 0.140625 0.312500
vt 0.156250 0.312500
vt 0.140625 0.296875
vt 0.156250 0.296875
vt 0.140625 0.281250
vt 0.156250 0.281250
vt 0.140625 0.265625
vt 0.156250 0.265625
vt 0.015625 0.406250
vt 0.000000 0.421875
vt 0.000000 0.406250
vt 0.031250 0.406250
vt 0.015625 0.421875
vt 0.031250 0.421875
vt 0.015625 0.390625
vt 0.000000 0.390625
vt 0.031250 0.390625
vt 0.015625 0.375000
vt 0.000000 0.375000
vt 0.031250 0.375000
vt 0.000000 0.359375
vt 0.031250 0.359375
vt 0.015625 0.359375
vt 0.015625 0.343750
vt 0.000000 0.343750
vt 0.031250 0.343750
vt 0.015625 0.328125
vt 0.000000 0.328125
vt 0.031250 0.328125
vt 0.000000 0.312500
vt 0.031250 0.312500
vt 0.015625 0.312500
vt 0.000000 0.296875
vt 0.015625 0.296875
vt 0.031250 0.296875
vt 0.000000 0.281250
vt 0.015625 0.281250
vt 0.031250 0.281250
vt 0.000000 0.265625
vt 0.031250 0.265625
vt 0.015625 0.265625
vt 0.015625 0.250000
vt 0.000000 0.250000
vt 0.031250 0.250000
vt 0.000000 0.437500
vt 0.015625 0.437500
vt 0.031250 0.437500
vt 0.187500 0.453125
vt 0.187500 0.468750
vt 0.156250 0.203125
vt 0.156250 0.187500
vt 0.156250 0.218750
vt 0.171875 0.203125
vt 0.171875 0.218750
vt 0.140625 0.203125
vt 0.140625 0.187500
vt 0.140625 0.218750
vt 0.125000 0.203125
vt 0.125000 0.187500
vt 0.125000 0.218750
vt 0.093750 0.203125
vt 0.109375 0.203125
vt 0.093750 0.218750
vt 0.109375 0.218750
vt 0.078125 0.203125
vt 0.078125 0.218750
vt 0.062500 0.203125
vt 0.062500 0.218750
vt 0.140625 0.156250
vt 0.156250 0.156250
vt 0.140625 0.171875
vt 0.156250 0.171875
vt 0.140625 0.140625
vt 0.156250 0.140625
vt 0.140625 0.125000
vt 0.156250 0.125000
vt 0.140625 0.109375
vt 0.156250 0.109375
vt 0.140625 0.093750
vt 0.156250 0.093750
vt 0.140625 0.078125
vt 0.156250 0.078125
vt 0.140625 0.062500
vt 0.156250 0.062500
vt 0.140625 0.046875
vt 0.156250 0.046875
vt 0.140625 0.031250
vt 0.156250 0.031250
vt 0.140625 0.015625
vt 0.156250 0.015625
vt 0.140625 0.000000
vt 0.156250 0.000000
vt 0.015625 0.156250
vt 0.000000 0.171875
vt 0.000000 0.156250
vt 0.031250 0.156250
vt 0.015625 0.171875
vt 0.031250 0.171875
vt 0.015625 0.140625
vt 0.000000 0.140625
vt 0.031250 0.140625
vt 0.015625 0.125000
vt 0.000000 0.125000
vt 0.031250 0.125000
vt 0.000000 0.109375
vt 0.031250 0.109375
vt 0.015625 0.109375
vt 0.015625 0.093750
vt 0.000000 0.093750
vt 0.031250 0.093750
vt 0.015625 0.078125
vt 0.000000 0.078125
vt 0.031250 0.078125
vt 0.000000 0.062500
vt 0.031250 0.062500
vt 0.015625 0.062500
vt 0.000000 0.046875
vt 0.015625 0.046875
vt 0.031250 0.046875
vt 0.000000 0.031250
vt 0.015625 0.031250
vt 0.031250 0.031250
vt 0.000000 0.015625
vt 0.031250 0.015625
vt 0.015625 0.015625
vt 0.015625 0.000000
vt 0.000000 0.000000
vt 0.031250 0.000000
vt 0.000000 0.187500
vt 0.015625 0.187500
vt 0.031250 0.187500
vt 0.187500 0.203125
vt 0.187500 0.218750
vt 0.015625 0.687500
vt 0.000000 0.687500
vt 0.234375 0.687500
vt 0.218750 0.687500
vt 0.046875 0.687500
vt 0.203125 0.687500
vt 0.031250 0.687500
vt 0.562500 0.750000
vt 0.781250 0.750000
vt 0.843750 0.687500
vt 0.843750 0.437500
vt 0.718750 0.187500
vt 0.890625 0.250000
vt 0.968750 0.187500
vt 0.375000 1.000000
vt 0.875000 1.000000
vt 1.000000 0.875000
s 1
f 845/1/1 1068/2/1 1116/3/1
f 1073/4/2 860/5/2 1097/6/2
f 877/7/3 859/8/3 1064/9/3
f 899/10/4 1073/11/4 1182/12/4
f 910/13/5 866/14/5 987/15/5
f 878/16/6 1076/17/6 1149/18/6
f 1313/19/1 1232/20/1 1530/21/1
f 1237/22/2 1328/23/2 1503/24/2
f 1195/25/3 1327/26/3 1482/27/3
f 1217/28/4 1237/29/4 1304/30/4
f 1228/31/5 1334/32/5 1405/33/5
f 1196/34/6 1240/35/6 1271/36/6
f 556/37/1 662/38/1 746/39/1
f 667/40/2 561/41/2 742/42/2
f 521/43/3 560/44/3 605/45/3
f 543/46/4 667/47/4 734/48/4
f 554/49/5 562/50/5 583/51/5
f 522/52/6 670/53/6 701/54/6
f 608/55/1 752/56/1 836/57/1
f 832/58/2 32/59/2 613/60/2
f 477/61/3 612/62/3 657/63/3
f 824/64/4 32/65/4 757/66/4
f 510/67/5 614/68/5 635/69/5
f 478/70/6 760/71/6 791/72/6
f 140/73/1 194/74/1 278/75/1
f 199/76/2 145/77/2 274/78/2
f 105/79/3 144/80/3 189/81/3
f 127/82/4 199/83/4 266/84/4
f 138/85/5 146/86/5 167/87/5
f 106/88/6 202/89/6 233/90/6
f 310/91/1 44/92/1 292/93/1
f 306/94/2 48/95/2 287/96/2
f 323/97/3 286/98/3 400/99/3
f 345/100/4 297/101/4 466/102/4
f 356/103/5 288/104/5 378/105/5
f 433/106/6 45/107/6 300/108/6
f 2627/109/1 2456/110/1 2720/111/1
f 2460/112/7 2634/113/8 2709/114/2
f 2889/115/1 2968/116/1 3058/117/1
f 2973/118/2 2896/119/2 3051/120/2
f 2775/121/3 2895/122/3 2962/123/3
f 2797/124/4 2973/125/4 3040/126/4
f 2808/127/5 2898/128/5 2929/129/5
f 2776/130/6 2976/131/6 3007/132/6
f 2531/133/1 2378/134/1 2624/135/1
f 2383/136/2 2538/137/2 2613/138/2
f 2297/139/3 2537/140/3 2604/141/3
f 2319/142/4 2383/143/4 2450/144/4
f 2330/145/5 2540/146/5 2571/147/5
f 2298/148/6 2386/149/6 2417/150/6
f 2811/151/1 3064/152/1 3154/153/1
f 3069/154/2 2818/155/2 3147/156/2
f 2731/157/3 2817/158/3 2884/159/3
f 2753/160/4 3069/161/4 3136/162/4
f 2764/163/5 2820/164/5 2851/165/5
f 2732/166/6 3072/167/6 3103/168/6
f 1544/169/1 1545/170/1 1908/171/1
f 1572/172/2 1573/173/2 1859/174/2
f 1593/175/3 1565/176/3 1810/177/3
f 1607/178/4 1572/179/4 1761/180/4
f 1614/181/5 1579/182/5 1712/183/5
f 1594/184/6 1586/185/6 1663/186/6
f 1922/187/1 1923/188/1 2286/189/1
f 1950/190/2 1951/191/2 2237/192/2
f 1971/193/3 1943/194/3 2188/195/3
f 1985/196/4 1950/197/4 2139/198/4
f 1992/199/5 1957/200/5 2090/201/5
f 1972/202/6 1964/203/6 2041/204/6
f 33/205/6 203/206/6 191/207/6
f 116/208/6 206/209/6 203/206/6
f 115/210/6 209/211/6 206/209/6
f 114/212/6 212/213/6 209/211/6
f 113/214/6 215/215/6 212/213/6
f 112/216/6 218/217/6 215/215/6
f 111/218/6 221/219/6 218/217/6
f 110/220/6 224/221/6 221/219/6
f 109/222/6 227/223/6 224/221/6
f 108/224/6 230/225/6 227/223/6
f 107/226/6 233/90/6 230/225/6
f 35/227/5 147/228/5 139/229/5
f 128/230/5 149/231/5 147/228/5
f 129/232/5 151/233/5 149/231/5
f 130/234/5 153/235/5 151/233/5
f 131/236/5 155/237/5 153/235/5
f 132/238/5 157/239/5 155/237/5
f 133/240/5 159/241/5 157/239/5
f 134/242/5 161/243/5 159/241/5
f 135/244/5 163/245/5 161/243/5
f 136/246/5 165/247/5 163/245/5
f 137/248/5 167/87/5 165/247/5
f 36/249/4 236/250/4 194/251/4
f 117/252/4 239/253/4 236/250/4
f 118/254/4 242/255/4 239/253/4
f 119/256/4 245/257/4 242/255/4
f 120/258/4 248/259/4 245/257/4
f 121/260/4 251/261/4 248/259/4
f 122/262/4 254/263/4 251/261/4
f 123/264/4 257/265/4 254/263/4
f 124/266/4 260/267/4 257/265/4
f 125/268/4 263/269/4 260/267/4
f 126/270/4 266/84/4 263/269/4
f 34/271/3 169/272/3 141/273/3
f 95/274/3 171/275/3 169/272/3
f 96/276/3 173/277/3 171/275/3
f 97/278/3 175/279/3 173/277/3
f 98/280/3 177/281/3 175/279/3
f 99/282/3 179/283/3 177/281/3
f 100/284/3 181/285/3 179/283/3
f 101/286/3 183/287/3 181/285/3
f 102/288/3 185/289/3 183/287/3
f 103/290/3 187/291/3 185/289/3
f 104/292/3 189/81/3 187/291/3
f 188/293/3 106/88/3 107/226/3
f 187/291/3 190/294/3 188/293/3
f 186/295/3 107/226/3 108/224/3
f 185/289/3 188/293/3 186/295/3
f 184/296/3 108/224/3 109/222/3
f 183/287/3 186/295/3 184/296/3
f 182/297/3 109/222/3 110/220/3
f 181/285/3 184/296/3 182/297/3
f 180/298/3 110/220/3 111/218/3
f 179/283/3 182/297/3 180/298/3
f 178/299/3 111/218/3 112/216/3
f 177/281/3 180/298/3 178/299/3
f 176/300/3 112/216/3 113/214/3
f 175/279/3 178/299/3 176/300/3
f 174/301/3 113/214/3 114/212/3
f 173/277/3 176/300/3 174/301/3
f 172/302/3 114/212/3 115/210/3
f 171/275/3 174/301/3 172/302/3
f 170/303/3 115/210/3 116/208/3
f 169/272/3 172/302/3 170/303/3
f 142/304/3 116/208/3 33/205/3
f 141/273/3 170/303/3 142/304/3
f 166/305/5 127/82/5 126/270/5
f 165/247/5 168/306/5 166/305/5
f 164/307/5 126/270/5 125/268/5
f 163/245/5 166/305/5 164/307/5
f 162/308/5 125/268/5 124/266/5
f 161/243/5 164/307/5 162/308/5
f 160/309/5 124/266/5 123/264/5
f 159/241/5 162/308/5 160/309/5
f 158/310/5 123/264/5 122/262/5
f 157/239/5 160/309/5 158/310/5
f 156/311/5 122/262/5 121/260/5
f 155/237/5 158/310/5 156/311/5
f 154/312/5 121/260/5 120/258/5
f 153/235/5 156/311/5 154/312/5
f 152/313/5 120/258/5 119/256/5
f 151/233/5 154/312/5 152/313/5
f 150/314/5 119/256/5 118/254/5
f 149/231/5 152/313/5 150/314/5
f 148/315/5 118/254/5 117/252/5
f 147/228/5 150/314/5 148/315/5
f 140/316/5 117/252/5 36/249/5
f 139/229/5 148/315/5 140/316/5
f 168/306/5 40/317/5 127/82/5
f 167/87/5 145/318/5 168/306/5
f 190/294/3 37/319/3 106/88/3
f 189/81/3 143/320/3 190/294/3
f 271/321/2 39/322/2 200/323/2
f 274/78/2 146/324/2 271/321/2
f 35/325/1 275/326/1 193/76/1
f 139/327/1 278/75/1 275/326/1
f 277/328/1 141/329/1 142/330/1
f 276/331/1 280/332/1 277/328/1
f 275/326/1 279/333/1 276/331/1
f 191/334/1 142/330/1 33/335/1
f 192/336/1 277/328/1 191/334/1
f 193/76/1 276/331/1 192/336/1
f 144/80/2 269/337/2 143/320/2
f 272/338/2 270/339/2 269/337/2
f 273/340/2 271/321/2 270/339/2
f 143/320/2 202/341/2 37/319/2
f 269/337/2 201/342/2 202/341/2
f 270/339/2 200/323/2 201/342/2
f 265/343/4 105/79/4 104/292/4
f 264/344/4 268/345/4 265/343/4
f 263/269/4 267/346/4 264/344/4
f 262/347/4 104/292/4 103/290/4
f 261/348/4 265/343/4 262/347/4
f 260/267/4 264/344/4 261/348/4
f 259/349/4 103/290/4 102/288/4
f 258/350/4 262/347/4 259/349/4
f 257/265/4 261/348/4 258/350/4
f 256/351/4 102/288/4 101/286/4
f 255/352/4 259/349/4 256/351/4
f 254/263/4 258/350/4 255/352/4
f 253/353/4 101/286/4 100/284/4
f 252/354/4 256/351/4 253/353/4
f 251/261/4 255/352/4 252/354/4
f 250/355/4 100/284/4 99/282/4
f 249/356/4 253/353/4 250/355/4
f 248/259/4 252/354/4 249/356/4
f 247/357/4 99/282/4 98/280/4
f 246/358/4 250/355/4 247/357/4
f 245/257/4 249/356/4 246/358/4
f 244/359/4 98/280/4 97/278/4
f 243/360/4 247/357/4 244/359/4
f 242/255/4 246/358/4 243/360/4
f 241/361/4 97/278/4 96/276/4
f 240/362/4 244/359/4 241/361/4
f 239/253/4 243/360/4 240/362/4
f 238/363/4 96/276/4 95/274/4
f 237/364/4 241/361/4 238/363/4
f 236/250/4 240/362/4 237/364/4
f 196/365/4 95/274/4 34/271/4
f 195/366/4 238/363/4 196/365/4
f 194/251/4 237/364/4 195/366/4
f 232/367/6 138/145/6 137/368/6
f 231/369/6 235/370/6 232/367/6
f 230/225/6 234/371/6 231/369/6
f 229/372/6 137/368/6 136/373/6
f 228/374/6 232/367/6 229/372/6
f 227/223/6 231/369/6 228/374/6
f 226/375/6 136/373/6 135/376/6
f 225/377/6 229/372/6 226/375/6
f 224/221/6 228/374/6 225/377/6
f 223/378/6 135/376/6 134/379/6
f 222/380/6 226/375/6 223/378/6
f 221/219/6 225/377/6 222/380/6
f 220/381/6 134/379/6 133/382/6
f 219/383/6 223/378/6 220/381/6
f 218/217/6 222/380/6 219/383/6
f 217/384/6 133/382/6 132/385/6
f 216/386/6 220/381/6 217/384/6
f 215/215/6 219/383/6 216/386/6
f 214/387/6 132/385/6 131/388/6
f 213/389/6 217/384/6 214/387/6
f 212/213/6 216/386/6 213/389/6
f 211/390/6 131/388/6 130/391/6
f 210/392/6 214/387/6 211/390/6
f 209/211/6 213/389/6 210/392/6
f 208/393/6 130/391/6 129/394/6
f 207/395/6 211/390/6 208/393/6
f 206/209/6 210/392/6 207/395/6
f 205/396/6 129/394/6 128/397/6
f 204/398/6 208/393/6 205/396/6
f 203/206/6 207/395/6 204/398/6
f 193/399/6 128/397/6 35/400/6
f 192/401/6 205/396/6 193/399/6
f 191/207/6 204/398/6 192/401/6
f 235/370/6 39/402/6 138/145/6
f 234/371/6 200/403/6 235/370/6
f 233/90/6 201/404/6 234/371/6
f 268/345/4 38/335/4 105/79/4
f 267/346/4 197/330/4 268/345/4
f 266/84/4 198/329/4 267/346/4
f 38/335/2 272/338/2 144/80/2
f 197/334/2 273/340/2 272/338/2
f 198/336/2 274/78/2 273/340/2
f 280/332/1 34/83/1 141/329/1
f 279/333/1 196/405/1 280/332/1
f 278/75/1 195/406/1 279/333/1
f 367/407/5 48/408/5 345/100/5
f 378/105/5 287/409/5 367/407/5
f 389/410/3 45/107/3 324/411/3
f 400/99/3 285/412/3 389/410/3
f 303/413/2 47/414/2 298/415/2
f 306/94/2 288/416/2 303/413/2
f 43/95/1 307/417/1 291/418/1
f 281/419/1 310/91/1 307/417/1
f 309/420/1 283/421/1 284/422/1
f 309/420/1 311/423/1 312/424/1
f 308/425/1 310/91/1 311/423/1
f 289/426/1 284/422/1 41/427/1
f 289/426/1 308/425/1 309/420/1
f 290/428/1 307/417/1 308/425/1
f 286/98/2 301/429/2 285/412/2
f 301/429/2 305/430/2 302/431/2
f 302/431/2 306/94/2 303/413/2
f 45/107/2 301/429/2 300/432/2
f 301/429/2 299/433/2 300/432/2
f 302/431/2 298/415/2 299/433/2
f 411/434/6 47/435/6 356/436/6
f 422/437/6 298/438/6 411/434/6
f 433/106/6 299/439/6 422/437/6
f 444/440/4 46/427/4 323/97/4
f 455/441/4 295/422/4 444/440/4
f 466/102/4 296/421/4 455/441/4
f 46/427/2 304/442/2 286/98/2
f 295/426/2 305/430/2 304/442/2
f 296/428/2 306/94/2 305/430/2
f 312/424/1 42/101/1 283/421/1
f 312/424/1 293/443/1 294/444/1
f 310/91/1 293/443/1 311/423/1
f 292/445/4 445/446/4 293/447/4
f 456/448/4 446/449/4 445/446/4
f 457/450/4 447/451/4 446/449/4
f 458/452/4 448/453/4 447/451/4
f 459/454/4 449/455/4 448/453/4
f 460/456/4 450/457/4 449/455/4
f 461/458/4 451/459/4 450/457/4
f 462/460/4 452/461/4 451/459/4
f 463/462/4 453/463/4 452/461/4
f 464/464/4 454/465/4 453/463/4
f 465/466/4 455/441/4 454/465/4
f 293/447/4 434/467/4 294/468/4
f 445/446/4 435/469/4 434/467/4
f 446/449/4 436/470/4 435/469/4
f 447/451/4 437/471/4 436/470/4
f 448/453/4 438/472/4 437/471/4
f 449/455/4 439/473/4 438/472/4
f 450/457/4 440/474/4 439/473/4
f 451/459/4 441/475/4 440/474/4
f 452/461/4 442/476/4 441/475/4
f 453/463/4 443/477/4 442/476/4
f 454/465/4 444/440/4 443/477/4
f 294/468/4 313/478/4 42/479/4
f 434/467/4 314/480/4 313/478/4
f 435/469/4 315/481/4 314/480/4
f 436/470/4 316/482/4 315/481/4
f 437/471/4 317/483/4 316/482/4
f 438/472/4 318/484/4 317/483/4
f 439/473/4 319/485/4 318/484/4
f 440/474/4 320/486/4 319/485/4
f 441/475/4 321/487/4 320/486/4
f 442/476/4 322/488/4 321/487/4
f 443/477/4 323/97/4 322/488/4
f 289/489/6 412/490/6 290/491/6
f 423/492/6 413/493/6 412/490/6
f 424/494/6 414/495/6 413/493/6
f 425/496/6 415/497/6 414/495/6
f 426/498/6 416/499/6 415/497/6
f 427/500/6 417/501/6 416/499/6
f 428/502/6 418/503/6 417/501/6
f 429/504/6 419/505/6 418/503/6
f 430/506/6 420/507/6 419/505/6
f 431/508/6 421/509/6 420/507/6
f 432/510/6 422/437/6 421/509/6
f 290/491/6 401/511/6 291/512/6
f 412/490/6 402/513/6 401/511/6
f 413/493/6 403/514/6 402/513/6
f 414/495/6 404/515/6 403/514/6
f 415/497/6 405/516/6 404/515/6
f 416/499/6 406/517/6 405/516/6
f 417/501/6 407/518/6 406/517/6
f 418/503/6 408/519/6 407/518/6
f 419/505/6 409/520/6 408/519/6
f 420/507/6 410/521/6 409/520/6
f 421/509/6 411/434/6 410/521/6
f 291/512/6 346/522/6 43/523/6
f 401/511/6 347/524/6 346/522/6
f 402/513/6 348/525/6 347/524/6
f 403/514/6 349/526/6 348/525/6
f 404/515/6 350/527/6 349/526/6
f 405/516/6 351/528/6 350/527/6
f 406/517/6 352/529/6 351/528/6
f 407/518/6 353/530/6 352/529/6
f 408/519/6 354/531/6 353/530/6
f 409/520/6 355/532/6 354/531/6
f 410/521/6 356/436/6 355/532/6
f 283/533/3 379/534/3 284/535/3
f 390/536/3 380/537/3 379/534/3
f 391/538/3 381/539/3 380/537/3
f 392/540/3 382/541/3 381/539/3
f 393/542/3 383/543/3 382/541/3
f 394/544/3 384/545/3 383/543/3
f 395/546/3 385/547/3 384/545/3
f 396/548/3 386/549/3 385/547/3
f 397/550/3 387/551/3 386/549/3
f 398/552/3 388/553/3 387/551/3
f 399/554/3 389/410/3 388/553/3
f 284/535/3 334/555/3 41/556/3
f 379/534/3 333/557/3 334/555/3
f 380/537/3 332/558/3 333/557/3
f 381/539/3 331/559/3 332/558/3
f 382/541/3 330/560/3 331/559/3
f 383/543/3 329/561/3 330/560/3
f 384/545/3 328/562/3 329/561/3
f 385/547/3 327/563/3 328/562/3
f 386/549/3 326/564/3 327/563/3
f 387/551/3 325/565/3 326/564/3
f 388/553/3 324/411/3 325/565/3
f 281/566/5 357/567/5 282/568/5
f 368/569/5 358/570/5 357/567/5
f 369/571/5 359/572/5 358/570/5
f 370/573/5 360/574/5 359/572/5
f 371/575/5 361/576/5 360/574/5
f 372/577/5 362/578/5 361/576/5
f 373/579/5 363/580/5 362/578/5
f 374/581/5 364/582/5 363/580/5
f 375/583/5 365/584/5 364/582/5
f 376/585/5 366/586/5 365/584/5
f 377/587/5 367/407/5 366/586/5
f 282/568/5 335/588/5 44/589/5
f 357/567/5 336/590/5 335/588/5
f 358/570/5 337/591/5 336/590/5
f 359/572/5 338/592/5 337/591/5
f 360/574/5 339/593/5 338/592/5
f 361/576/5 340/594/5 339/593/5
f 362/578/5 341/595/5 340/594/5
f 363/580/5 342/596/5 341/595/5
f 364/582/5 343/597/5 342/596/5
f 365/584/5 344/598/5 343/597/5
f 366/586/5 345/100/5 344/598/5
f 41/556/6 423/492/6 289/489/6
f 334/555/6 424/494/6 423/492/6
f 333/557/6 425/496/6 424/494/6
f 332/558/6 426/498/6 425/496/6
f 331/559/6 427/500/6 426/498/6
f 330/560/6 428/502/6 427/500/6
f 329/561/6 429/504/6 428/502/6
f 328/562/6 430/506/6 429/504/6
f 327/563/6 431/508/6 430/506/6
f 326/564/6 432/510/6 431/508/6
f 432/510/6 324/411/6 433/106/6
f 43/599/5 368/569/5 281/566/5
f 346/600/5 369/571/5 368/569/5
f 347/601/5 370/573/5 369/571/5
f 348/602/5 371/575/5 370/573/5
f 349/603/5 372/577/5 371/575/5
f 350/604/5 373/579/5 372/577/5
f 351/605/5 374/581/5 373/579/5
f 352/606/5 375/583/5 374/581/5
f 353/607/5 376/585/5 375/583/5
f 354/608/5 377/587/5 376/585/5
f 355/609/5 378/105/5 377/587/5
f 44/589/4 456/448/4 292/445/4
f 335/588/4 457/450/4 456/448/4
f 336/590/4 458/452/4 457/450/4
f 337/591/4 459/454/4 458/452/4
f 338/592/4 460/456/4 459/454/4
f 339/593/4 461/458/4 460/456/4
f 340/594/4 462/460/4 461/458/4
f 341/595/4 463/462/4 462/460/4
f 342/596/4 464/464/4 463/462/4
f 343/597/4 465/466/4 464/464/4
f 344/598/4 466/102/4 465/466/4
f 42/479/3 390/536/3 283/533/3
f 313/478/3 391/538/3 390/536/3
f 314/480/3 392/540/3 391/538/3
f 315/481/3 393/542/3 392/540/3
f 316/482/3 394/544/3 393/542/3
f 317/483/3 395/546/3 394/544/3
f 318/484/3 396/548/3 395/546/3
f 319/485/3 397/550/3 396/548/3
f 320/486/3 398/552/3 397/550/3
f 321/487/3 399/554/3 398/552/3
f 322/488/3 400/99/3 399/554/3
f 25/610/6 761/611/6 749/612/6
f 488/613/6 764/614/6 761/611/6
f 487/615/6 767/616/6 764/614/6
f 486/617/6 770/618/6 767/616/6
f 485/619/6 773/620/6 770/618/6
f 484/621/6 776/622/6 773/620/6
f 483/623/6 779/624/6 776/622/6
f 482/625/6 782/626/6 779/624/6
f 481/627/6 785/628/6 782/626/6
f 480/629/6 788/630/6 785/628/6
f 479/631/6 791/72/6 788/630/6
f 27/96/5 615/632/5 607/416/5
f 500/633/5 617/634/5 615/632/5
f 501/635/5 619/636/5 617/634/5
f 502/637/5 621/638/5 619/636/5
f 503/639/5 623/640/5 621/638/5
f 504/641/5 625/642/5 623/640/5
f 505/643/5 627/644/5 625/642/5
f 506/645/5 629/646/5 627/644/5
f 507/647/5 631/648/5 629/646/5
f 508/649/5 633/650/5 631/648/5
f 509/651/5 635/69/5 633/650/5
f 28/652/4 794/653/4 752/654/4
f 794/653/4 490/655/4 797/656/4
f 490/655/4 800/657/4 797/656/4
f 491/658/4 803/659/4 800/657/4
f 803/659/4 493/660/4 806/661/4
f 493/660/4 809/662/4 806/661/4
f 494/663/4 812/664/4 809/662/4
f 812/664/4 496/665/4 815/666/4
f 496/665/4 818/667/4 815/666/4
f 497/668/4 821/669/4 818/667/4
f 498/670/4 824/64/4 821/669/4
f 26/671/3 637/672/3 609/673/3
f 467/674/3 639/675/3 637/672/3
f 468/676/3 641/677/3 639/675/3
f 469/678/3 643/679/3 641/677/3
f 470/680/3 645/681/3 643/679/3
f 471/682/3 647/683/3 645/681/3
f 472/684/3 649/685/3 647/683/3
f 473/686/3 651/687/3 649/685/3
f 474/688/3 653/689/3 651/687/3
f 475/690/3 655/691/3 653/689/3
f 476/692/3 657/63/3 655/691/3
f 17/693/6 671/694/6 659/695/6
f 532/696/6 674/697/6 671/694/6
f 531/698/6 677/699/6 674/697/6
f 530/700/6 680/701/6 677/699/6
f 529/702/6 683/703/6 680/701/6
f 528/704/6 686/705/6 683/703/6
f 527/706/6 689/707/6 686/705/6
f 526/708/6 692/709/6 689/707/6
f 525/710/6 695/711/6 692/709/6
f 524/712/6 698/713/6 695/711/6
f 523/714/6 701/54/6 698/713/6
f 19/715/5 563/716/5 555/717/5
f 544/718/5 565/719/5 563/716/5
f 545/720/5 567/721/5 565/719/5
f 546/722/5 569/723/5 567/721/5
f 547/724/5 571/725/5 569/723/5
f 548/726/5 573/727/5 571/725/5
f 549/728/5 575/729/5 573/727/5
f 550/730/5 577/731/5 575/729/5
f 551/732/5 579/733/5 577/731/5
f 552/734/5 581/735/5 579/733/5
f 553/736/5 583/51/5 581/735/5
f 20/737/4 704/738/4 662/739/4
f 533/740/4 707/741/4 704/738/4
f 534/742/4 710/743/4 707/741/4
f 535/744/4 713/745/4 710/743/4
f 536/746/4 716/747/4 713/745/4
f 537/748/4 719/749/4 716/747/4
f 538/750/4 722/751/4 719/749/4
f 539/752/4 725/753/4 722/751/4
f 540/754/4 728/755/4 725/753/4
f 541/756/4 731/757/4 728/755/4
f 542/758/4 734/48/4 731/757/4
f 18/59/3 585/759/3 557/60/3
f 511/760/3 587/761/3 585/759/3
f 512/762/3 589/763/3 587/761/3
f 513/764/3 591/765/3 589/763/3
f 514/766/3 593/767/3 591/765/3
f 515/768/3 595/769/3 593/767/3
f 516/770/3 597/771/3 595/769/3
f 517/772/3 599/773/3 597/771/3
f 518/774/3 601/775/3 599/773/3
f 519/776/3 603/777/3 601/775/3
f 520/778/3 605/45/3 603/777/3
f 604/779/3 522/52/3 523/714/3
f 603/777/3 606/780/3 604/779/3
f 602/781/3 523/714/3 524/712/3
f 601/775/3 604/779/3 602/781/3
f 600/782/3 524/712/3 525/710/3
f 599/773/3 602/781/3 600/782/3
f 598/783/3 525/710/3 526/708/3
f 597/771/3 600/782/3 598/783/3
f 596/784/3 526/708/3 527/706/3
f 595/769/3 598/783/3 596/784/3
f 594/785/3 527/706/3 528/704/3
f 593/767/3 596/784/3 594/785/3
f 592/786/3 528/704/3 529/702/3
f 591/765/3 594/785/3 592/786/3
f 590/787/3 529/702/3 530/700/3
f 589/763/3 592/786/3 590/787/3
f 588/788/3 530/700/3 531/698/3
f 587/761/3 590/787/3 588/788/3
f 586/789/3 531/698/3 532/696/3
f 585/759/3 588/788/3 586/789/3
f 558/790/3 532/696/3 17/693/3
f 557/60/3 586/789/3 558/790/3
f 582/791/5 543/46/5 542/758/5
f 581/735/5 584/792/5 582/791/5
f 580/793/5 542/758/5 541/756/5
f 579/733/5 582/791/5 580/793/5
f 578/794/5 541/756/5 540/754/5
f 577/731/5 580/793/5 578/794/5
f 576/795/5 540/754/5 539/752/5
f 575/729/5 578/794/5 576/795/5
f 574/796/5 539/752/5 538/750/5
f 573/727/5 576/795/5 574/796/5
f 572/797/5 538/750/5 537/748/5
f 571/725/5 574/796/5 572/797/5
f 570/798/5 537/748/5 536/746/5
f 569/723/5 572/797/5 570/798/5
f 568/799/5 536/746/5 535/744/5
f 567/721/5 570/798/5 568/799/5
f 566/800/5 535/744/5 534/742/5
f 565/719/5 568/799/5 566/800/5
f 564/801/5 534/742/5 533/740/5
f 563/716/5 566/800/5 564/801/5
f 556/802/5 533/740/5 20/737/5
f 555/717/5 564/801/5 556/802/5
f 584/792/5 24/803/5 543/46/5
f 583/51/5 561/804/5 584/792/5
f 606/780/3 21/805/3 522/52/3
f 605/45/3 559/806/3 606/780/3
f 739/807/2 23/808/2 668/809/2
f 742/42/2 562/810/2 739/807/2
f 19/811/1 743/812/1 661/40/1
f 555/813/1 746/39/1 743/812/1
f 656/814/3 478/70/3 479/631/3
f 656/814/3 657/63/3 658/815/3
f 654/816/3 479/631/3 480/629/3
f 654/816/3 655/691/3 656/814/3
f 652/817/3 480/629/3 481/627/3
f 652/817/3 653/689/3 654/816/3
f 650/818/3 481/627/3 482/625/3
f 649/685/3 652/817/3 650/818/3
f 483/623/3 650/818/3 482/625/3
f 647/683/3 650/818/3 648/819/3
f 484/621/3 648/819/3 483/623/3
f 646/820/3 647/683/3 648/819/3
f 644/821/3 484/621/3 485/619/3
f 643/679/3 646/820/3 644/821/3
f 642/822/3 485/619/3 486/617/3
f 641/677/3 644/821/3 642/822/3
f 640/823/3 486/617/3 487/615/3
f 639/675/3 642/822/3 640/823/3
f 488/613/3 640/823/3 487/615/3
f 637/672/3 640/823/3 638/824/3
f 610/825/3 488/613/3 25/610/3
f 609/673/3 638/824/3 610/825/3
f 634/826/5 499/827/5 498/670/5
f 633/650/5 636/828/5 634/826/5
f 632/829/5 498/670/5 497/668/5
f 631/648/5 634/826/5 632/829/5
f 630/830/5 497/668/5 496/665/5
f 629/646/5 632/829/5 630/830/5
f 628/831/5 496/665/5 495/832/5
f 627/644/5 630/830/5 628/831/5
f 626/833/5 495/832/5 494/663/5
f 625/642/5 628/831/5 626/833/5
f 624/834/5 494/663/5 493/660/5
f 623/640/5 626/833/5 624/834/5
f 622/835/5 493/660/5 492/836/5
f 621/638/5 624/834/5 622/835/5
f 620/837/5 492/836/5 491/658/5
f 619/636/5 622/835/5 620/837/5
f 618/838/5 491/658/5 490/655/5
f 617/634/5 620/837/5 618/838/5
f 616/839/5 490/655/5 489/840/5
f 615/632/5 618/838/5 616/839/5
f 608/414/5 489/840/5 28/652/5
f 607/416/5 616/839/5 608/414/5
f 636/828/5 32/65/5 499/827/5
f 635/69/5 613/841/5 636/828/5
f 658/815/3 29/842/3 478/70/3
f 657/63/3 611/843/3 658/815/3
f 758/844/2 614/790/2 31/693/2
f 829/845/2 613/60/2 614/790/2
f 751/846/1 607/847/1 833/848/1
f 833/848/1 608/55/1 836/57/1
f 745/849/1 557/850/1 558/851/1
f 744/852/1 748/853/1 745/849/1
f 743/812/1 747/854/1 744/852/1
f 659/855/1 558/851/1 17/856/1
f 660/857/1 745/849/1 659/855/1
f 661/40/1 744/852/1 660/857/1
f 560/44/2 737/858/2 559/806/2
f 740/859/2 738/860/2 737/858/2
f 741/861/2 739/807/2 738/860/2
f 559/806/2 670/862/2 21/805/2
f 737/858/2 669/863/2 670/862/2
f 738/860/2 668/809/2 669/863/2
f 733/864/4 521/43/4 520/778/4
f 732/865/4 736/866/4 733/864/4
f 731/757/4 735/867/4 732/865/4
f 730/868/4 520/778/4 519/776/4
f 729/869/4 733/864/4 730/868/4
f 728/755/4 732/865/4 729/869/4
f 727/870/4 519/776/4 518/774/4
f 726/871/4 730/868/4 727/870/4
f 725/753/4 729/869/4 726/871/4
f 724/872/4 518/774/4 517/772/4
f 723/873/4 727/870/4 724/872/4
f 722/751/4 726/871/4 723/873/4
f 721/874/4 517/772/4 516/770/4
f 720/875/4 724/872/4 721/874/4
f 719/749/4 723/873/4 720/875/4
f 718/876/4 516/770/4 515/768/4
f 717/877/4 721/874/4 718/876/4
f 716/747/4 720/875/4 717/877/4
f 715/878/4 515/768/4 514/766/4
f 714/879/4 718/876/4 715/878/4
f 713/745/4 717/877/4 714/879/4
f 712/880/4 514/766/4 513/764/4
f 711/881/4 715/878/4 712/880/4
f 710/743/4 714/879/4 711/881/4
f 709/882/4 513/764/4 512/762/4
f 708/883/4 712/880/4 709/882/4
f 707/741/4 711/881/4 708/883/4
f 706/884/4 512/762/4 511/760/4
f 705/885/4 709/882/4 706/884/4
f 704/738/4 708/883/4 705/885/4
f 664/847/4 511/760/4 18/59/4
f 663/55/4 706/884/4 664/847/4
f 662/739/4 705/885/4 663/55/4
f 700/886/6 554/13/6 553/887/6
f 699/888/6 703/889/6 700/886/6
f 698/713/6 702/890/6 699/888/6
f 697/891/6 553/887/6 552/892/6
f 696/893/6 700/886/6 697/891/6
f 695/711/6 699/888/6 696/893/6
f 694/894/6 552/892/6 551/895/6
f 693/896/6 697/891/6 694/894/6
f 692/709/6 696/893/6 693/896/6
f 691/897/6 551/895/6 550/898/6
f 690/899/6 694/894/6 691/897/6
f 689/707/6 693/896/6 690/899/6
f 688/900/6 550/898/6 549/901/6
f 687/902/6 691/897/6 688/900/6
f 686/705/6 690/899/6 687/902/6
f 685/903/6 549/901/6 548/904/6
f 684/905/6 688/900/6 685/903/6
f 683/703/6 687/902/6 684/905/6
f 682/906/6 548/904/6 547/907/6
f 681/908/6 685/903/6 682/906/6
f 680/701/6 684/905/6 681/908/6
f 679/909/6 547/907/6 546/910/6
f 678/911/6 682/906/6 679/909/6
f 677/699/6 681/908/6 678/911/6
f 676/912/6 546/910/6 545/913/6
f 675/914/6 679/909/6 676/912/6
f 674/697/6 678/911/6 675/914/6
f 673/915/6 545/913/6 544/916/6
f 672/917/6 676/912/6 673/915/6
f 671/694/6 675/914/6 672/917/6
f 661/918/6 544/916/6 19/919/6
f 660/920/6 673/915/6 661/918/6
f 659/695/6 672/917/6 660/920/6
f 703/889/6 23/921/6 554/13/6
f 702/890/6 668/922/6 703/889/6
f 701/54/6 669/923/6 702/890/6
f 736/866/4 22/856/4 521/43/4
f 735/867/4 665/851/4 736/866/4
f 734/48/4 666/850/4 735/867/4
f 22/856/2 740/859/2 560/44/2
f 665/855/2 741/861/2 740/859/2
f 666/857/2 742/42/2 741/861/2
f 748/853/1 18/47/1 557/850/1
f 747/854/1 664/924/1 748/853/1
f 746/39/1 663/925/1 747/854/1
f 610/926/1 838/927/1 609/928/1
f 835/929/1 837/930/1 838/927/1
f 834/931/1 836/57/1 837/930/1
f 25/932/1 835/929/1 610/926/1
f 749/933/1 834/931/1 835/929/1
f 750/934/1 833/848/1 834/931/1
f 612/62/2 827/935/2 611/843/2
f 827/935/2 831/936/2 828/937/2
f 828/937/2 832/58/2 829/845/2
f 611/843/2 760/938/2 29/842/2
f 760/938/2 828/937/2 759/939/2
f 828/937/2 758/844/2 759/939/2
f 476/692/4 826/940/4 477/61/4
f 822/941/4 826/940/4 823/942/4
f 821/669/4 825/943/4 822/941/4
f 475/690/4 823/942/4 476/692/4
f 819/944/4 823/942/4 820/945/4
f 818/667/4 822/941/4 819/944/4
f 817/946/4 475/690/4 474/688/4
f 817/946/4 819/944/4 820/945/4
f 816/947/4 818/667/4 819/944/4
f 473/686/4 817/946/4 474/688/4
f 813/948/4 817/946/4 814/949/4
f 813/948/4 815/666/4 816/947/4
f 472/684/4 814/949/4 473/686/4
f 811/950/4 813/948/4 814/949/4
f 809/662/4 813/948/4 810/951/4
f 471/682/4 811/950/4 472/684/4
f 807/952/4 811/950/4 808/953/4
f 806/661/4 810/951/4 807/952/4
f 470/680/4 808/953/4 471/682/4
f 804/954/4 808/953/4 805/955/4
f 804/954/4 806/661/4 807/952/4
f 469/678/4 805/955/4 470/680/4
f 802/956/4 804/954/4 805/955/4
f 800/657/4 804/954/4 801/957/4
f 468/676/4 802/956/4 469/678/4
f 798/958/4 802/956/4 799/959/4
f 797/656/4 801/957/4 798/958/4
f 467/674/4 799/959/4 468/676/4
f 795/960/4 799/959/4 796/961/4
f 795/960/4 797/656/4 798/958/4
f 754/962/4 467/674/4 26/671/4
f 754/962/4 795/960/4 796/961/4
f 752/654/4 795/960/4 753/963/4
f 790/964/6 510/965/6 509/966/6
f 789/967/6 793/968/6 790/964/6
f 788/630/6 792/969/6 789/967/6
f 787/970/6 509/966/6 508/971/6
f 786/972/6 790/964/6 787/970/6
f 785/628/6 789/967/6 786/972/6
f 784/973/6 508/971/6 507/974/6
f 783/975/6 787/970/6 784/973/6
f 782/626/6 786/972/6 783/975/6
f 781/976/6 507/974/6 506/977/6
f 780/978/6 784/973/6 781/976/6
f 779/624/6 783/975/6 780/978/6
f 778/979/6 506/977/6 505/980/6
f 777/981/6 781/976/6 778/979/6
f 776/622/6 780/978/6 777/981/6
f 775/982/6 505/980/6 504/983/6
f 774/984/6 778/979/6 775/982/6
f 773/620/6 777/981/6 774/984/6
f 772/985/6 504/983/6 503/986/6
f 771/987/6 775/982/6 772/985/6
f 770/618/6 774/984/6 771/987/6
f 769/988/6 503/986/6 502/989/6
f 768/990/6 772/985/6 769/988/6
f 767/616/6 771/987/6 768/990/6
f 766/991/6 502/989/6 501/992/6
f 765/993/6 769/988/6 766/991/6
f 764/614/6 768/990/6 765/993/6
f 763/994/6 501/992/6 500/995/6
f 762/996/6 766/991/6 763/994/6
f 761/611/6 765/993/6 762/996/6
f 751/73/6 500/995/6 27/327/6
f 750/997/6 763/994/6 751/73/6
f 749/612/6 762/996/6 750/997/6
f 793/968/6 31/998/6 510/965/6
f 792/969/6 758/999/6 793/968/6
f 791/72/6 759/1000/6 792/969/6
f 477/61/4 755/926/4 30/932/4
f 826/940/4 756/928/4 755/926/4
f 825/943/4 757/66/4 756/928/4
f 612/62/2 755/933/2 830/1001/2
f 830/1001/2 756/934/2 831/936/2
f 831/936/2 757/846/2 832/58/2
f 838/927/1 26/66/1 609/928/1
f 838/927/1 753/1002/1 754/1003/1
f 836/57/1 753/1002/1 837/930/1
f 921/1004/5 8/1005/5 899/10/5
f 932/1006/5 860/1007/5 921/1004/5
f 943/1008/5 861/1009/5 932/1006/5
f 954/1010/5 862/1011/5 943/1008/5
f 965/1012/5 863/1013/5 954/1010/5
f 976/1014/5 864/1015/5 965/1012/5
f 987/15/5 865/1016/5 976/1014/5
f 998/1017/3 5/1018/3 878/16/3
f 1009/1019/3 853/1020/3 998/1017/3
f 1020/1021/3 854/1022/3 1009/1019/3
f 1031/1023/3 855/1024/3 1020/1021/3
f 1042/1025/3 856/1026/3 1031/1023/3
f 1053/1027/3 857/1028/3 1042/1025/3
f 1064/9/3 858/1029/3 1053/1027/3
f 1079/1030/2 7/1031/2 1074/1032/2
f 1082/1033/2 866/1034/2 1079/1030/2
f 1085/1035/2 865/1036/2 1082/1033/2
f 1088/1037/2 864/1038/2 1085/1035/2
f 1091/1039/2 863/1040/2 1088/1037/2
f 1094/1041/2 862/1042/2 1091/1039/2
f 1097/6/2 861/1043/2 1094/1041/2
f 3/1044/1 1098/1045/1 1067/4/1
f 839/1046/1 1101/1047/1 1098/1045/1
f 840/1048/1 1104/1049/1 1101/1047/1
f 841/1050/1 1107/1051/1 1104/1049/1
f 842/1052/1 1110/1053/1 1107/1051/1
f 843/1054/1 1113/1055/1 1110/1053/1
f 844/1056/1 1116/3/1 1113/1055/1
f 846/23/3 1043/1057/3 847/1058/3
f 1054/1059/3 1044/1060/3 1043/1057/3
f 1055/1061/3 1045/1062/3 1044/1060/3
f 1056/1063/3 1046/1064/3 1045/1062/3
f 1057/1065/3 1047/1066/3 1046/1064/3
f 1058/1067/3 1048/1068/3 1047/1066/3
f 1059/1069/3 1049/1070/3 1048/1068/3
f 1060/1071/3 1050/1072/3 1049/1070/3
f 1061/1073/3 1051/1074/3 1050/1072/3
f 1062/1075/3 1052/1076/3 1051/1074/3
f 1063/1077/3 1053/1027/3 1052/1076/3
f 847/1058/3 1032/1078/3 848/1079/3
f 1043/1057/3 1033/1080/3 1032/1078/3
f 1044/1060/3 1034/1081/3 1033/1080/3
f 1045/1062/3 1035/1082/3 1034/1081/3
f 1046/1064/3 1036/1083/3 1035/1082/3
f 1047/1066/3 1037/1084/3 1036/1083/3
f 1048/1068/3 1038/1085/3 1037/1084/3
f 1049/1070/3 1039/1086/3 1038/1085/3
f 1050/1072/3 1040/1087/3 1039/1086/3
f 1051/1074/3 1041/1088/3 1040/1087/3
f 1052/1076/3 1042/1025/3 1041/1088/3
f 848/1079/3 1021/1089/3 849/1090/3
f 1032/1078/3 1022/1091/3 1021/1089/3
f 1033/1080/3 1023/1092/3 1022/1091/3
f 1034/1081/3 1024/1093/3 1023/1092/3
f 1035/1082/3 1025/1094/3 1024/1093/3
f 1036/1083/3 1026/1095/3 1025/1094/3
f 1037/1084/3 1027/1096/3 1026/1095/3
f 1038/1085/3 1028/1097/3 1027/1096/3
f 1039/1086/3 1029/1098/3 1028/1097/3
f 1040/1087/3 1030/1099/3 1029/1098/3
f 1041/1088/3 1031/1023/3 1030/1099/3
f 849/1090/3 1010/1100/3 850/1101/3
f 1021/1089/3 1011/1102/3 1010/1100/3
f 1022/1091/3 1012/1103/3 1011/1102/3
f 1023/1092/3 1013/1104/3 1012/1103/3
f 1024/1093/3 1014/1105/3 1013/1104/3
f 1025/1094/3 1015/1106/3 1014/1105/3
f 1026/1095/3 1016/1107/3 1015/1106/3
f 1027/1096/3 1017/1108/3 1016/1107/3
f 1028/1097/3 1018/1109/3 1017/1108/3
f 1029/1098/3 1019/1110/3 1018/1109/3
f 1030/1099/3 1020/1021/3 1019/1110/3
f 850/1101/3 999/1111/3 851/1112/3
f 1010/1100/3 1000/1113/3 999/1111/3
f 1011/1102/3 1001/1114/3 1000/1113/3
f 1012/1103/3 1002/1115/3 1001/1114/3
f 1013/1104/3 1003/1116/3 1002/1115/3
f 1014/1105/3 1004/1117/3 1003/1116/3
f 1015/1106/3 1005/1118/3 1004/1117/3
f 1016/1107/3 1006/1119/3 1005/1118/3
f 1017/1108/3 1007/1120/3 1006/1119/3
f 1018/1109/3 1008/1121/3 1007/1120/3
f 1019/1110/3 1009/1019/3 1008/1121/3
f 851/1112/3 988/1122/3 852/1123/3
f 999/1111/3 989/1124/3 988/1122/3
f 1000/1113/3 990/1125/3 989/1124/3
f 1001/1114/3 991/1126/3 990/1125/3
f 1002/1115/3 992/1127/3 991/1126/3
f 1003/1116/3 993/1128/3 992/1127/3
f 1004/1117/3 994/1129/3 993/1128/3
f 1005/1118/3 995/1130/3 994/1129/3
f 1006/1119/3 996/1131/3 995/1130/3
f 1007/1120/3 997/1132/3 996/1131/3
f 1008/1121/3 998/1017/3 997/1132/3
f 852/1123/3 888/1133/3 1/1134/3
f 988/1122/3 887/1135/3 888/1133/3
f 989/1124/3 886/1136/3 887/1135/3
f 990/1125/3 885/1137/3 886/1136/3
f 991/1126/3 884/1138/3 885/1137/3
f 992/1127/3 883/1139/3 884/1138/3
f 993/1128/3 882/1140/3 883/1139/3
f 994/1129/3 881/1141/3 882/1140/3
f 995/1130/3 880/1142/3 881/1141/3
f 996/1131/3 879/1143/3 880/1142/3
f 997/1132/3 878/16/3 879/1143/3
f 839/1144/5 966/1145/5 840/1146/5
f 977/1147/5 967/1148/5 966/1145/5
f 978/1149/5 968/1150/5 967/1148/5
f 979/1151/5 969/1152/5 968/1150/5
f 980/1153/5 970/1154/5 969/1152/5
f 981/1155/5 971/1156/5 970/1154/5
f 982/1157/5 972/1158/5 971/1156/5
f 983/1159/5 973/1160/5 972/1158/5
f 984/1161/5 974/1162/5 973/1160/5
f 985/1163/5 975/1164/5 974/1162/5
f 986/1165/5 976/1014/5 975/1164/5
f 840/1146/5 955/1166/5 841/1167/5
f 966/1145/5 956/1168/5 955/1166/5
f 967/1148/5 957/1169/5 956/1168/5
f 968/1150/5 958/1170/5 957/1169/5
f 969/1152/5 959/1171/5 958/1170/5
f 970/1154/5 960/1172/5 959/1171/5
f 971/1156/5 961/1173/5 960/1172/5
f 972/1158/5 962/1174/5 961/1173/5
f 973/1160/5 963/1175/5 962/1174/5
f 974/1162/5 964/1176/5 963/1175/5
f 975/1164/5 965/1012/5 964/1176/5
f 841/1167/5 944/1177/5 842/1178/5
f 955/1166/5 945/1179/5 944/1177/5
f 956/1168/5 946/1180/5 945/1179/5
f 957/1169/5 947/1181/5 946/1180/5
f 958/1170/5 948/1182/5 947/1181/5
f 959/1171/5 949/1183/5 948/1182/5
f 960/1172/5 950/1184/5 949/1183/5
f 961/1173/5 951/1185/5 950/1184/5
f 962/1174/5 952/1186/5 951/1185/5
f 963/1175/5 953/1187/5 952/1186/5
f 964/1176/5 954/1010/5 953/1187/5
f 842/1178/5 933/1188/5 843/19/5
f 944/1177/5 934/1189/5 933/1188/5
f 945/1179/5 935/1190/5 934/1189/5
f 946/1180/5 936/1191/5 935/1190/5
f 947/1181/5 937/1192/5 936/1191/5
f 948/1182/5 938/1193/5 937/1192/5
f 949/1183/5 939/1194/5 938/1193/5
f 950/1184/5 940/1195/5 939/1194/5
f 951/1185/5 941/1196/5 940/1195/5
f 952/1186/5 942/1197/5 941/1196/5
f 953/1187/5 943/1008/5 942/1197/5
f 843/19/5 922/1198/5 844/1199/5
f 933/1188/5 923/1200/5 922/1198/5
f 934/1189/5 924/1201/5 923/1200/5
f 935/1190/5 925/1202/5 924/1201/5
f 936/1191/5 926/1203/5 925/1202/5
f 937/1192/5 927/1204/5 926/1203/5
f 938/1193/5 928/1205/5 927/1204/5
f 939/1194/5 929/1206/5 928/1205/5
f 940/1195/5 930/1207/5 929/1206/5
f 941/1196/5 931/1208/5 930/1207/5
f 942/1197/5 932/1006/5 931/1208/5
f 844/1199/5 911/1209/5 845/1210/5
f 922/1198/5 912/1211/5 911/1209/5
f 923/1200/5 913/1212/5 912/1211/5
f 924/1201/5 914/1213/5 913/1212/5
f 925/1202/5 915/1214/5 914/1213/5
f 926/1203/5 916/1215/5 915/1214/5
f 927/1204/5 917/1216/5 916/1215/5
f 928/1205/5 918/1217/5 917/1216/5
f 929/1206/5 919/1218/5 918/1217/5
f 930/1207/5 920/1219/5 919/1218/5
f 931/1208/5 921/1004/5 920/1219/5
f 845/1210/5 889/1220/5 4/1221/5
f 911/1209/5 890/1222/5 889/1220/5
f 912/1211/5 891/1223/5 890/1222/5
f 913/1212/5 892/1224/5 891/1223/5
f 914/1213/5 893/1225/5 892/1224/5
f 915/1214/5 894/1226/5 893/1225/5
f 916/1215/5 895/1227/5 894/1226/5
f 917/1216/5 896/1228/5 895/1227/5
f 918/1217/5 897/1229/5 896/1228/5
f 919/1218/5 898/1230/5 897/1229/5
f 920/1219/5 899/10/5 898/1230/5
f 1/1134/6 1119/1231/6 1065/1232/6
f 888/1133/6 1122/1233/6 1119/1231/6
f 887/1135/6 1125/1234/6 1122/1233/6
f 886/1136/6 1128/1235/6 1125/1234/6
f 885/1137/6 1131/1236/6 1128/1235/6
f 884/1138/6 1134/1237/6 1131/1236/6
f 883/1139/6 1137/1238/6 1134/1237/6
f 882/1140/6 1140/1239/6 1137/1238/6
f 881/1141/6 1143/1240/6 1140/1239/6
f 880/1142/6 1146/1241/6 1143/1240/6
f 879/1143/6 1149/18/6 1146/1241/6
f 3/919/5 977/1147/5 839/1144/5
f 900/916/5 978/1149/5 977/1147/5
f 901/913/5 979/1151/5 978/1149/5
f 902/910/5 980/1153/5 979/1151/5
f 903/907/5 981/1155/5 980/1153/5
f 904/904/5 982/1157/5 981/1155/5
f 905/901/5 983/1159/5 982/1157/5
f 906/898/5 984/1161/5 983/1159/5
f 907/895/5 985/1163/5 984/1161/5
f 908/892/5 986/1165/5 985/1163/5
f 909/887/5 987/15/5 986/1165/5
f 4/1221/4 1152/1242/4 1068/1243/4
f 889/1220/4 1155/1244/4 1152/1242/4
f 890/1222/4 1158/1245/4 1155/1244/4
f 891/1223/4 1161/1246/4 1158/1245/4
f 892/1224/4 1164/1247/4 1161/1246/4
f 893/1225/4 1167/1248/4 1164/1247/4
f 894/1226/4 1170/1249/4 1167/1248/4
f 895/1227/4 1173/1250/4 1170/1249/4
f 896/1228/4 1176/1251/4 1173/1250/4
f 897/1229/4 1179/1252/4 1176/1251/4
f 898/1230/4 1182/12/4 1179/1252/4
f 2/1253/3 1054/1059/3 846/23/3
f 867/1254/3 1055/1061/3 1054/1059/3
f 868/1255/3 1056/1063/3 1055/1061/3
f 869/1256/3 1057/1065/3 1056/1063/3
f 870/1257/3 1058/1067/3 1057/1065/3
f 871/1258/3 1059/1069/3 1058/1067/3
f 872/1259/3 1060/1071/3 1059/1069/3
f 873/1260/3 1061/1073/3 1060/1071/3
f 874/1261/3 1062/1075/3 1061/1073/3
f 875/1262/3 1063/1077/3 1062/1075/3
f 876/1263/3 1064/9/3 1063/1077/3
f 1181/1264/4 877/7/4 876/1263/4
f 1180/1265/4 1184/1266/4 1181/1264/4
f 1179/1252/4 1183/1267/4 1180/1265/4
f 1178/1268/4 876/1263/4 875/1262/4
f 1177/1269/4 1181/1264/4 1178/1268/4
f 1176/1251/4 1180/1265/4 1177/1269/4
f 1175/1270/4 875/1262/4 874/1261/4
f 1174/1271/4 1178/1268/4 1175/1270/4
f 1173/1250/4 1177/1269/4 1174/1271/4
f 1172/1272/4 874/1261/4 873/1260/4
f 1171/1273/4 1175/1270/4 1172/1272/4
f 1170/1249/4 1174/1271/4 1171/1273/4
f 1169/1274/4 873/1260/4 872/1259/4
f 1168/1275/4 1172/1272/4 1169/1274/4
f 1167/1248/4 1171/1273/4 1168/1275/4
f 1166/1276/4 872/1259/4 871/1258/4
f 1165/1277/4 1169/1274/4 1166/1276/4
f 1164/1247/4 1168/1275/4 1165/1277/4
f 1163/1278/4 871/1258/4 870/1257/4
f 1162/1279/4 1166/1276/4 1163/1278/4
f 1161/1246/4 1165/1277/4 1162/1279/4
f 1160/1280/4 870/1257/4 869/1256/4
f 1159/1281/4 1163/1278/4 1160/1280/4
f 1158/1245/4 1162/1279/4 1159/1281/4
f 1157/1282/4 869/1256/4 868/1255/4
f 1156/1283/4 1160/1280/4 1157/1282/4
f 1155/1244/4 1159/1281/4 1156/1283/4
f 1154/1284/4 868/1255/4 867/1254/4
f 1153/1285/4 1157/1282/4 1154/1284/4
f 1152/1242/4 1156/1283/4 1153/1285/4
f 1070/1286/4 867/1254/4 2/1253/4
f 1069/1287/4 1154/1284/4 1070/1286/4
f 1068/1243/4 1153/1285/4 1069/1287/4
f 1148/1288/6 910/1289/6 909/1290/6
f 1147/1291/6 1151/1292/6 1148/1288/6
f 1146/1241/6 1150/1293/6 1147/1291/6
f 1145/1294/6 909/1290/6 908/1295/6
f 1144/1296/6 1148/1288/6 1145/1294/6
f 1143/1240/6 1147/1291/6 1144/1296/6
f 1142/1297/6 908/1295/6 907/1298/6
f 1141/1299/6 1145/1294/6 1142/1297/6
f 1140/1239/6 1144/1296/6 1141/1299/6
f 1139/1300/6 907/1298/6 906/1301/6
f 1138/1302/6 1142/1297/6 1139/1300/6
f 1137/1238/6 1141/1299/6 1138/1302/6
f 1136/1303/6 906/1301/6 905/1304/6
f 1135/1305/6 1139/1300/6 1136/1303/6
f 1134/1237/6 1138/1302/6 1135/1305/6
f 1133/1306/6 905/1304/6 904/1307/6
f 1132/1308/6 1136/1303/6 1133/1306/6
f 1131/1236/6 1135/1305/6 1132/1308/6
f 1130/1309/6 904/1307/6 903/1310/6
f 1129/1311/6 1133/1306/6 1130/1309/6
f 1128/1235/6 1132/1308/6 1129/1311/6
f 1127/1312/6 903/1310/6 902/1313/6
f 1126/1314/6 1130/1309/6 1127/1312/6
f 1125/1234/6 1129/1311/6 1126/1314/6
f 1124/1315/6 902/1313/6 901/1316/6
f 1123/1317/6 1127/1312/6 1124/1315/6
f 1122/1233/6 1126/1314/6 1123/1317/6
f 1121/1318/6 901/1316/6 900/1319/6
f 1120/1320/6 1124/1315/6 1121/1318/6
f 1119/1231/6 1123/1317/6 1120/1320/6
f 1067/1321/6 900/1319/6 3/1322/6
f 1066/1323/6 1121/1318/6 1067/1321/6
f 1065/1232/6 1120/1320/6 1066/1323/6
f 1115/1324/1 846/1011/1 847/1009/1
f 1114/1325/1 1118/1326/1 1115/1324/1
f 1113/1055/1 1117/1327/1 1114/1325/1
f 1112/1328/1 847/1009/1 848/1007/1
f 1111/1329/1 1115/1324/1 1112/1328/1
f 1110/1053/1 1114/1325/1 1111/1329/1
f 1109/1330/1 848/1007/1 849/1005/1
f 1108/1331/1 1112/1328/1 1109/1330/1
f 1107/1051/1 1111/1329/1 1108/1331/1
f 1106/1332/1 849/1005/1 850/11/1
f 1105/1333/1 1109/1330/1 1106/1332/1
f 1104/1049/1 1108/1331/1 1105/1333/1
f 1103/1334/1 850/11/1 851/1335/1
f 1102/1336/1 1106/1332/1 1103/1334/1
f 1101/1047/1 1105/1333/1 1102/1336/1
f 1100/1337/1 851/1335/1 852/1338/1
f 1099/1339/1 1103/1334/1 1100/1337/1
f 1098/1045/1 1102/1336/1 1099/1339/1
f 1065/1340/1 852/1338/1 1/1341/1
f 1066/1342/1 1100/1337/1 1065/1340/1
f 1067/4/1 1099/1339/1 1066/1342/1
f 859/8/2 1092/1343/2 858/1029/2
f 1095/1344/2 1093/1345/2 1092/1343/2
f 1096/1346/2 1094/1041/2 1093/1345/2
f 858/1029/2 1089/1347/2 857/1028/2
f 1092/1343/2 1090/1348/2 1089/1347/2
f 1093/1345/2 1091/1039/2 1090/1348/2
f 857/1028/2 1086/1349/2 856/1026/2
f 1089/1347/2 1087/1350/2 1086/1349/2
f 1090/1348/2 1088/1037/2 1087/1350/2
f 856/1026/2 1083/1351/2 855/1024/2
f 1086/1349/2 1084/1352/2 1083/1351/2
f 1087/1350/2 1085/1035/2 1084/1352/2
f 855/1024/2 1080/1353/2 854/1022/2
f 1083/1351/2 1081/1354/2 1080/1353/2
f 1084/1352/2 1082/1033/2 1081/1354/2
f 854/1022/2 1077/1355/2 853/1020/2
f 1080/1353/2 1078/1356/2 1077/1355/2
f 1081/1354/2 1079/1030/2 1078/1356/2
f 853/1020/2 1076/1357/2 5/1018/2
f 1077/1355/2 1075/1358/2 1076/1357/2
f 1078/1356/2 1074/1032/2 1075/1358/2
f 1151/1292/6 7/1359/6 910/1289/6
f 1150/1293/6 1074/1360/6 1151/1292/6
f 1149/18/6 1075/1361/6 1150/1293/6
f 1184/1266/4 6/1341/4 877/7/4
f 1183/1267/4 1071/1338/4 1184/1266/4
f 1182/12/4 1072/1335/4 1183/1267/4
f 6/1341/2 1095/1344/2 859/8/2
f 1071/1340/2 1096/1346/2 1095/1344/2
f 1072/1342/2 1097/6/2 1096/1346/2
f 1118/1326/1 2/1013/1 846/1011/1
f 1117/1327/1 1070/1362/1 1118/1326/1
f 1116/3/1 1069/1363/1 1117/1327/1
f 9/1364/6 1241/1365/6 1229/1366/6
f 1206/1367/6 1244/1368/6 1241/1365/6
f 1205/1369/6 1247/1370/6 1244/1368/6
f 1204/1371/6 1250/1372/6 1247/1370/6
f 1203/1373/6 1253/1374/6 1250/1372/6
f 1202/1375/6 1256/1376/6 1253/1374/6
f 1201/1377/6 1259/1378/6 1256/1376/6
f 1200/1379/6 1262/1380/6 1259/1378/6
f 1199/1381/6 1265/1382/6 1262/1380/6
f 1198/1383/6 1268/1384/6 1265/1382/6
f 1197/1385/6 1271/36/6 1268/1384/6
f 11/327/5 1335/1386/5 1307/325/5
f 1218/995/5 1342/1387/5 1335/1386/5
f 1219/992/5 1349/1388/5 1342/1387/5
f 1220/1389/5 1356/1390/5 1349/1388/5
f 1221/986/5 1363/1391/5 1356/1390/5
f 1222/1392/5 1370/1393/5 1363/1391/5
f 1223/1394/5 1377/1395/5 1370/1393/5
f 1224/1396/5 1384/1397/5 1377/1395/5
f 1225/974/5 1391/1398/5 1384/1397/5
f 1226/971/5 1398/1399/5 1391/1398/5
f 1227/966/5 1405/33/5 1398/1399/5
f 12/1400/4 1274/1401/4 1232/1402/4
f 1207/1403/4 1277/1404/4 1274/1401/4
f 1208/1405/4 1280/1406/4 1277/1404/4
f 1209/1407/4 1283/1408/4 1280/1406/4
f 1210/1409/4 1286/1410/4 1283/1408/4
f 1211/1411/4 1289/1412/4 1286/1410/4
f 1212/1413/4 1292/1414/4 1289/1412/4
f 1213/1415/4 1295/1416/4 1292/1414/4
f 1214/1417/4 1298/1418/4 1295/1416/4
f 1215/1419/4 1301/1420/4 1298/1418/4
f 1216/1421/4 1304/30/4 1301/1420/4
f 10/1422/3 1412/1423/3 1314/133/3
f 1185/1424/3 1419/1425/3 1412/1423/3
f 1186/1426/3 1426/1427/3 1419/1425/3
f 1187/1428/3 1433/1429/3 1426/1427/3
f 1188/1430/3 1440/1431/3 1433/1429/3
f 1189/1432/3 1447/1433/3 1440/1431/3
f 1190/1434/3 1454/1435/3 1447/1433/3
f 1191/1436/3 1461/1437/3 1454/1435/3
f 1192/1438/3 1468/1439/3 1461/1437/3
f 1193/1440/3 1475/1441/3 1468/1439/3
f 1194/1442/3 1482/27/3 1475/1441/3
f 1303/1443/4 1195/25/4 1194/1442/4
f 1302/1444/4 1306/1445/4 1303/1443/4
f 1301/1420/4 1305/1446/4 1302/1444/4
f 1300/1447/4 1194/1442/4 1193/1440/4
f 1299/1448/4 1303/1443/4 1300/1447/4
f 1298/1418/4 1302/1444/4 1299/1448/4
f 1297/1449/4 1193/1440/4 1192/1438/4
f 1296/1450/4 1300/1447/4 1297/1449/4
f 1295/1416/4 1299/1448/4 1296/1450/4
f 1294/1451/4 1192/1438/4 1191/1436/4
f 1293/1452/4 1297/1449/4 1294/1451/4
f 1292/1414/4 1296/1450/4 1293/1452/4
f 1291/1453/4 1191/1436/4 1190/1434/4
f 1290/1454/4 1294/1451/4 1291/1453/4
f 1289/1412/4 1293/1452/4 1290/1454/4
f 1288/1455/4 1190/1434/4 1189/1432/4
f 1287/1456/4 1291/1453/4 1288/1455/4
f 1286/1410/4 1290/1454/4 1287/1456/4
f 1285/1457/4 1189/1432/4 1188/1430/4
f 1284/1458/4 1288/1455/4 1285/1457/4
f 1283/1408/4 1287/1456/4 1284/1458/4
f 1282/1459/4 1188/1430/4 1187/1428/4
f 1281/1460/4 1285/1457/4 1282/1459/4
f 1280/1406/4 1284/1458/4 1281/1460/4
f 1279/1461/4 1187/1428/4 1186/1426/4
f 1278/1462/4 1282/1459/4 1279/1461/4
f 1277/1404/4 1281/1460/4 1278/1462/4
f 1276/1463/4 1186/1426/4 1185/1424/4
f 1275/1464/4 1279/1461/4 1276/1463/4
f 1274/1401/4 1278/1462/4 1275/1464/4
f 1234/1465/4 1185/1424/4 10/1422/4
f 1233/1466/4 1276/1463/4 1234/1465/4
f 1232/1402/4 1275/1464/4 1233/1466/4
f 1270/1467/6 1228/127/6 1227/1468/6
f 1269/1469/6 1273/1470/6 1270/1467/6
f 1268/1384/6 1272/1471/6 1269/1469/6
f 1267/1472/6 1227/1468/6 1226/1473/6
f 1266/1474/6 1270/1467/6 1267/1472/6
f 1265/1382/6 1269/1469/6 1266/1474/6
f 1264/1475/6 1226/1473/6 1225/1476/6
f 1263/1477/6 1267/1472/6 1264/1475/6
f 1262/1380/6 1266/1474/6 1263/1477/6
f 1261/1478/6 1225/1476/6 1224/1479/6
f 1260/1480/6 1264/1475/6 1261/1478/6
f 1259/1378/6 1263/1477/6 1260/1480/6
f 1258/1481/6 1224/1479/6 1223/1482/6
f 1257/1483/6 1261/1478/6 1258/1481/6
f 1256/1376/6 1260/1480/6 1257/1483/6
f 1255/1484/6 1223/1482/6 1222/1485/6
f 1254/1486/6 1258/1481/6 1255/1484/6
f 1253/1374/6 1257/1483/6 1254/1486/6
f 1252/1487/6 1222/1485/6 1221/1488/6
f 1251/1489/6 1255/1484/6 1252/1487/6
f 1250/1372/6 1254/1486/6 1251/1489/6
f 1249/1490/6 1221/1488/6 1220/1491/6
f 1248/1492/6 1252/1487/6 1249/1490/6
f 1247/1370/6 1251/1489/6 1248/1492/6
f 1246/1493/6 1220/1491/6 1219/1494/6
f 1245/1495/6 1249/1490/6 1246/1493/6
f 1244/1368/6 1248/1492/6 1245/1495/6
f 1243/1496/6 1219/1494/6 1218/1497/6
f 1242/1498/6 1246/1493/6 1243/1496/6
f 1241/1365/6 1245/1495/6 1242/1498/6
f 1231/1499/6 1218/1497/6 11/1500/6
f 1230/1501/6 1243/1496/6 1231/1499/6
f 1229/1366/6 1242/1498/6 1230/1501/6
f 1273/1470/6 15/1502/6 1228/127/6
f 1272/1471/6 1238/1503/6 1273/1470/6
f 1271/36/6 1239/1504/6 1272/1471/6
f 1306/1445/4 14/1505/4 1195/25/4
f 1305/1446/4 1235/1506/4 1306/1445/4
f 1304/30/4 1236/1507/4 1305/1446/4
f 14/1505/2 1489/1508/2 1327/26/2
f 1235/1509/2 1496/1510/2 1489/1508/2
f 1236/1511/2 1503/24/2 1496/1510/2
f 1516/1512/1 10/1513/1 1314/1514/1
f 1523/1515/1 1234/1516/1 1516/1512/1
f 1530/21/1 1233/1517/1 1523/1515/1
f 1231/22/1 1517/1518/1 1230/1511/1
f 1524/1519/1 1518/1520/1 1517/1518/1
f 1525/1521/1 1519/1522/1 1518/1520/1
f 1526/1523/1 1520/1524/1 1519/1522/1
f 1527/1525/1 1521/1526/1 1520/1524/1
f 1528/1527/1 1522/1528/1 1521/1526/1
f 1522/1528/1 1530/21/1 1523/1515/1
f 1230/1511/1 1510/1529/1 1229/1509/1
f 1517/1518/1 1511/1530/1 1510/1529/1
f 1518/1520/1 1512/1531/1 1511/1530/1
f 1519/1522/1 1513/1532/1 1512/1531/1
f 1513/1532/1 1521/1526/1 1514/1533/1
f 1521/1526/1 1515/1534/1 1514/1533/1
f 1522/1528/1 1516/1512/1 1515/1534/1
f 1229/1509/1 1320/1535/1 9/1505/1
f 1510/1529/1 1319/1536/1 1320/1535/1
f 1511/1530/1 1318/1537/1 1319/1536/1
f 1512/1531/1 1317/1538/1 1318/1537/1
f 1513/1532/1 1316/1539/1 1317/1538/1
f 1514/1533/1 1315/1540/1 1316/1539/1
f 1515/1534/1 1314/1514/1 1315/1540/1
f 1502/1541/2 1238/1542/2 1239/1543/2
f 1501/1544/2 1509/1545/2 1502/1541/2
f 1500/1546/2 1508/1547/2 1501/1544/2
f 1499/1548/2 1507/1549/2 1500/1546/2
f 1498/1550/2 1506/1551/2 1499/1548/2
f 1497/1552/2 1505/1553/2 1498/1550/2
f 1496/1510/2 1504/1554/2 1497/1552/2
f 1495/1555/2 1239/1543/2 1240/1556/2
f 1494/1557/2 1502/1541/2 1495/1555/2
f 1493/1558/2 1501/1544/2 1494/1557/2
f 1492/1559/2 1500/1546/2 1493/1558/2
f 1491/1560/2 1499/1548/2 1492/1559/2
f 1490/1561/2 1498/1550/2 1491/1560/2
f 1489/1508/2 1497/1552/2 1490/1561/2
f 1321/1562/2 1240/1556/2 13/1563/2
f 1322/1564/2 1495/1555/2 1321/1562/2
f 1323/1565/2 1494/1557/2 1322/1564/2
f 1324/1566/2 1493/1558/2 1323/1565/2
f 1325/1567/2 1492/1559/2 1324/1566/2
f 1326/1568/2 1491/1560/2 1325/1567/2
f 1327/26/2 1490/1561/2 1326/1568/2
f 1481/1569/3 1196/34/3 1197/1385/3
f 1481/1569/3 1487/1570/3 1488/1571/3
f 1479/1572/3 1487/1570/3 1480/1573/3
f 1478/1574/3 1486/1575/3 1479/1572/3
f 1477/1576/3 1485/1577/3 1478/1574/3
f 1476/1578/3 1484/1579/3 1477/1576/3
f 1475/1441/3 1483/1580/3 1476/1578/3
f 1198/1383/3 1481/1569/3 1197/1385/3
f 1474/1581/3 1480/1573/3 1481/1569/3
f 1472/1582/3 1480/1573/3 1473/1583/3
f 1471/1584/3 1479/1572/3 1472/1582/3
f 1470/1585/3 1478/1574/3 1471/1584/3
f 1469/1586/3 1477/1576/3 1470/1585/3
f 1468/1439/3 1476/1578/3 1469/1586/3
f 1199/1381/3 1474/1581/3 1198/1383/3
f 1466/1587/3 1474/1581/3 1467/1588/3
f 1465/1589/3 1473/1583/3 1466/1587/3
f 1464/1590/3 1472/1582/3 1465/1589/3
f 1463/1591/3 1471/1584/3 1464/1590/3
f 1462/1592/3 1470/1585/3 1463/1591/3
f 1461/1437/3 1469/1586/3 1462/1592/3
f 1460/1593/3 1199/1381/3 1200/1379/3
f 1459/1594/3 1467/1588/3 1460/1593/3
f 1458/1595/3 1466/1587/3 1459/1594/3
f 1457/1596/3 1465/1589/3 1458/1595/3
f 1456/1597/3 1464/1590/3 1457/1596/3
f 1455/1598/3 1463/1591/3 1456/1597/3
f 1454/1435/3 1462/1592/3 1455/1598/3
f 1453/1599/3 1200/1379/3 1201/1377/3
f 1452/1600/3 1460/1593/3 1453/1599/3
f 1452/1600/3 1458/1595/3 1459/1594/3
f 1450/1601/3 1458/1595/3 1451/1602/3
f 1449/1603/3 1457/1596/3 1450/1601/3
f 1448/1604/3 1456/1597/3 1449/1603/3
f 1447/1433/3 1455/1598/3 1448/1604/3
f 1446/1605/3 1201/1377/3 1202/1375/3
f 1446/1605/3 1452/1600/3 1453/1599/3
f 1445/1606/3 1451/1602/3 1452/1600/3
f 1443/1607/3 1451/1602/3 1444/1608/3
f 1442/1609/3 1450/1601/3 1443/1607/3
f 1441/1610/3 1449/1603/3 1442/1609/3
f 1440/1431/3 1448/1604/3 1441/1610/3
f 1439/1611/3 1202/1375/3 1203/1373/3
f 1439/1611/3 1445/1606/3 1446/1605/3
f 1437/1612/3 1445/1606/3 1438/1613/3
f 1436/1614/3 1444/1608/3 1437/1612/3
f 1435/1615/3 1443/1607/3 1436/1614/3
f 1434/1616/3 1442/1609/3 1435/1615/3
f 1433/1429/3 1441/1610/3 1434/1616/3
f 1432/1617/3 1203/1373/3 1204/1371/3
f 1431/1618/3 1439/1611/3 1432/1617/3
f 1430/1619/3 1438/1613/3 1431/1618/3
f 1429/1620/3 1437/1612/3 1430/1619/3
f 1428/1621/3 1436/1614/3 1429/1620/3
f 1427/1622/3 1435/1615/3 1428/1621/3
f 1426/1427/3 1434/1616/3 1427/1622/3
f 1425/1623/3 1204/1371/3 1205/1369/3
f 1424/1624/3 1432/1617/3 1425/1623/3
f 1423/1625/3 1431/1618/3 1424/1624/3
f 1422/1626/3 1430/1619/3 1423/1625/3
f 1421/1627/3 1429/1620/3 1422/1626/3
f 1420/1628/3 1428/1621/3 1421/1627/3
f 1419/1425/3 1427/1622/3 1420/1628/3
f 1418/1629/3 1205/1369/3 1206/1367/3
f 1417/1630/3 1425/1623/3 1418/1629/3
f 1416/1631/3 1424/1624/3 1417/1630/3
f 1415/1632/3 1423/1625/3 1416/1631/3
f 1414/1633/3 1422/1626/3 1415/1632/3
f 1413/1634/3 1421/1627/3 1414/1633/3
f 1412/1423/3 1420/1628/3 1413/1634/3
f 1320/1635/3 1206/1367/3 9/1364/3
f 1319/1636/3 1418/1629/3 1320/1635/3
f 1318/137/3 1417/1630/3 1319/1636/3
f 1317/1637/3 1416/1631/3 1318/137/3
f 1316/1638/3 1415/1632/3 1317/1637/3
f 1315/1639/3 1414/1633/3 1316/1638/3
f 1314/133/3 1413/1634/3 1315/1639/3
f 1404/1640/5 1217/28/5 1216/1421/5
f 1403/1641/5 1411/1642/5 1404/1640/5
f 1402/1643/5 1410/1644/5 1403/1641/5
f 1401/1645/5 1409/1646/5 1402/1643/5
f 1400/1647/5 1408/1648/5 1401/1645/5
f 1399/1649/5 1407/1650/5 1400/1647/5
f 1398/1399/5 1406/1651/5 1399/1649/5
f 1397/1652/5 1216/1421/5 1215/1419/5
f 1396/1653/5 1404/1640/5 1397/1652/5
f 1395/1654/5 1403/1641/5 1396/1653/5
f 1394/1655/5 1402/1643/5 1395/1654/5
f 1393/1656/5 1401/1645/5 1394/1655/5
f 1392/1657/5 1400/1647/5 1393/1656/5
f 1391/1398/5 1399/1649/5 1392/1657/5
f 1390/1658/5 1215/1419/5 1214/1417/5
f 1389/1659/5 1397/1652/5 1390/1658/5
f 1388/1660/5 1396/1653/5 1389/1659/5
f 1387/1661/5 1395/1654/5 1388/1660/5
f 1386/1662/5 1394/1655/5 1387/1661/5
f 1385/1663/5 1393/1656/5 1386/1662/5
f 1384/1397/5 1392/1657/5 1385/1663/5
f 1383/1664/5 1214/1417/5 1213/1415/5
f 1382/1665/5 1390/1658/5 1383/1664/5
f 1381/1666/5 1389/1659/5 1382/1665/5
f 1380/1667/5 1388/1660/5 1381/1666/5
f 1379/1668/5 1387/1661/5 1380/1667/5
f 1378/1669/5 1386/1662/5 1379/1668/5
f 1377/1395/5 1385/1663/5 1378/1669/5
f 1376/1670/5 1213/1415/5 1212/1413/5
f 1375/1671/5 1383/1664/5 1376/1670/5
f 1374/1672/5 1382/1665/5 1375/1671/5
f 1373/1673/5 1381/1666/5 1374/1672/5
f 1372/1674/5 1380/1667/5 1373/1673/5
f 1371/1675/5 1379/1668/5 1372/1674/5
f 1370/1393/5 1378/1669/5 1371/1675/5
f 1369/1676/5 1212/1413/5 1211/1411/5
f 1368/1677/5 1376/1670/5 1369/1676/5
f 1367/1678/5 1375/1671/5 1368/1677/5
f 1366/1679/5 1374/1672/5 1367/1678/5
f 1365/1680/5 1373/1673/5 1366/1679/5
f 1364/1681/5 1372/1674/5 1365/1680/5
f 1363/1391/5 1371/1675/5 1364/1681/5
f 1362/1682/5 1211/1411/5 1210/1409/5
f 1361/1683/5 1369/1676/5 1362/1682/5
f 1360/1684/5 1368/1677/5 1361/1683/5
f 1359/1685/5 1367/1678/5 1360/1684/5
f 1358/1686/5 1366/1679/5 1359/1685/5
f 1357/1687/5 1365/1680/5 1358/1686/5
f 1356/1390/5 1364/1681/5 1357/1687/5
f 1355/1688/5 1210/1409/5 1209/1407/5
f 1354/1689/5 1362/1682/5 1355/1688/5
f 1353/1690/5 1361/1683/5 1354/1689/5
f 1352/1691/5 1360/1684/5 1353/1690/5
f 1351/1692/5 1359/1685/5 1352/1691/5
f 1350/1693/5 1358/1686/5 1351/1692/5
f 1349/1388/5 1357/1687/5 1350/1693/5
f 1348/1694/5 1209/1407/5 1208/1405/5
f 1347/1695/5 1355/1688/5 1348/1694/5
f 1346/1696/5 1354/1689/5 1347/1695/5
f 1345/1697/5 1353/1690/5 1346/1696/5
f 1344/1698/5 1352/1691/5 1345/1697/5
f 1343/1699/5 1351/1692/5 1344/1698/5
f 1342/1387/5 1350/1693/5 1343/1699/5
f 1341/1700/5 1208/1405/5 1207/1403/5
f 1340/1701/5 1348/1694/5 1341/1700/5
f 1339/1702/5 1347/1695/5 1340/1701/5
f 1338/1703/5 1346/1696/5 1339/1702/5
f 1337/1704/5 1345/1697/5 1338/1703/5
f 1336/1705/5 1344/1698/5 1337/1704/5
f 1335/1386/5 1343/1699/5 1336/1705/5
f 1313/1706/5 1207/1403/5 12/1400/5
f 1312/1707/5 1341/1700/5 1313/1706/5
f 1311/1708/5 1340/1701/5 1312/1707/5
f 1310/1709/5 1339/1702/5 1311/1708/5
f 1309/1710/5 1338/1703/5 1310/1709/5
f 1308/1711/5 1337/1704/5 1309/1710/5
f 1307/325/5 1336/1705/5 1308/1711/5
f 1411/1642/5 16/1712/5 1217/28/5
f 1410/1644/5 1328/1713/5 1411/1642/5
f 1409/1646/5 1329/1714/5 1410/1644/5
f 1408/1648/5 1330/1715/5 1409/1646/5
f 1407/1650/5 1331/1716/5 1408/1648/5
f 1406/1651/5 1332/1717/5 1407/1650/5
f 1405/33/5 1333/1718/5 1406/1651/5
f 1488/1571/3 13/1563/3 1196/34/3
f 1487/1570/3 1321/1562/3 1488/1571/3
f 1486/1575/3 1322/1564/3 1487/1570/3
f 1485/1577/3 1323/1565/3 1486/1575/3
f 1484/1579/3 1324/1566/3 1485/1577/3
f 1483/1580/3 1325/1567/3 1484/1579/3
f 1482/27/3 1326/1568/3 1483/1580/3
f 1509/1545/2 15/1134/2 1238/1542/2
f 1508/1547/2 1334/1123/2 1509/1545/2
f 1507/1549/2 1333/1112/2 1508/1547/2
f 1506/1551/2 1332/1101/2 1507/1549/2
f 1505/1553/2 1331/1090/2 1506/1551/2
f 1504/1554/2 1330/1079/2 1505/1553/2
f 1503/24/2 1329/1058/2 1504/1554/2
f 11/1253/1 1524/1519/1 1231/22/1
f 1307/1286/1 1525/1521/1 1524/1519/1
f 1308/1287/1 1526/1523/1 1525/1521/1
f 1309/1243/1 1527/1525/1 1526/1523/1
f 1310/1221/1 1528/1527/1 1527/1525/1
f 1311/1210/1 1529/1719/1 1528/1527/1
f 1529/1719/1 1313/19/1 1530/21/1
f 1621/1720/6 85/1721/6 1614/1722/6
f 1628/1723/6 1580/1724/6 1621/1720/6
f 1635/1725/6 1581/1726/6 1628/1723/6
f 1642/1727/6 1582/1728/6 1635/1725/6
f 1649/1729/6 1583/1730/6 1642/1727/6
f 1656/1731/6 1584/1732/6 1649/1729/6
f 1663/186/6 1585/1733/6 1656/1731/6
f 1537/1734/6 1608/1735/6 81/1736/6
f 1615/1737/6 1609/1738/6 1608/1735/6
f 1616/1739/6 1610/1740/6 1609/1738/6
f 1617/1741/6 1611/1742/6 1610/1740/6
f 1618/1743/6 1612/1744/6 1611/1742/6
f 1619/1745/6 1613/1746/6 1612/1744/6
f 1620/1747/6 1614/1722/6 1613/1746/6
f 1536/1748/6 1615/1737/6 1537/1734/6
f 1622/1749/6 1616/1739/6 1615/1737/6
f 1623/1750/6 1617/1741/6 1616/1739/6
f 1624/1751/6 1618/1743/6 1617/1741/6
f 1625/1752/6 1619/1745/6 1618/1743/6
f 1626/1753/6 1620/1747/6 1619/1745/6
f 1627/1754/6 1621/1720/6 1620/1747/6
f 1535/1755/6 1622/1749/6 1536/1748/6
f 1629/1756/6 1623/1750/6 1622/1749/6
f 1630/1757/6 1624/1751/6 1623/1750/6
f 1631/1758/6 1625/1752/6 1624/1751/6
f 1632/1759/6 1626/1753/6 1625/1752/6
f 1633/1760/6 1627/1754/6 1626/1753/6
f 1634/1761/6 1628/1723/6 1627/1754/6
f 1534/1762/6 1629/1756/6 1535/1755/6
f 1636/1763/6 1630/1757/6 1629/1756/6
f 1637/1764/6 1631/1758/6 1630/1757/6
f 1638/1765/6 1632/1759/6 1631/1758/6
f 1639/1766/6 1633/1760/6 1632/1759/6
f 1640/1767/6 1634/1761/6 1633/1760/6
f 1641/1768/6 1635/1725/6 1634/1761/6
f 1533/1769/6 1636/1763/6 1534/1762/6
f 1643/1770/6 1637/1764/6 1636/1763/6
f 1644/1771/6 1638/1765/6 1637/1764/6
f 1645/1772/6 1639/1766/6 1638/1765/6
f 1646/1773/6 1640/1767/6 1639/1766/6
f 1647/1774/6 1641/1768/6 1640/1767/6
f 1648/1775/6 1642/1727/6 1641/1768/6
f 1532/1776/6 1643/1770/6 1533/1769/6
f 1650/1777/6 1644/1771/6 1643/1770/6
f 1651/1778/6 1645/1772/6 1644/1771/6
f 1652/1779/6 1646/1773/6 1645/1772/6
f 1653/1780/6 1647/1774/6 1646/1773/6
f 1654/1781/6 1648/1775/6 1647/1774/6
f 1655/1782/6 1649/1729/6 1648/1775/6
f 1531/113/6 1650/1777/6 1532/1776/6
f 1657/1783/6 1651/1778/6 1650/1777/6
f 1658/1784/6 1652/1779/6 1651/1778/6
f 1659/1785/6 1653/1780/6 1652/1779/6
f 1660/1786/6 1654/1781/6 1653/1780/6
f 1661/1787/6 1655/1782/6 1654/1781/6
f 1662/1788/6 1656/1731/6 1655/1782/6
f 79/1789/6 1657/1783/6 1531/113/6
f 1600/1790/6 1658/1784/6 1657/1783/6
f 1599/1791/6 1659/1785/6 1658/1784/6
f 1598/1792/6 1660/1786/6 1659/1785/6
f 1597/1793/6 1661/1787/6 1660/1786/6
f 1596/1794/6 1662/1788/6 1661/1787/6
f 1595/1795/6 1663/186/6 1662/1788/6
f 1670/1796/5 86/1797/5 1607/178/5
f 1677/1798/5 1573/1799/5 1670/1796/5
f 1684/1800/5 1574/1801/5 1677/1798/5
f 1691/1802/5 1575/1803/5 1684/1800/5
f 1698/1804/5 1576/1805/5 1691/1802/5
f 1705/1806/5 1577/1807/5 1698/1804/5
f 1712/183/5 1578/1808/5 1705/1806/5
f 1544/1042/5 1601/1809/5 82/1040/5
f 1664/1810/5 1602/1811/5 1601/1809/5
f 1665/1812/5 1603/1813/5 1602/1811/5
f 1666/1814/5 1604/1815/5 1603/1813/5
f 1667/1816/5 1605/1817/5 1604/1815/5
f 1668/1818/5 1606/1819/5 1605/1817/5
f 1669/1820/5 1607/178/5 1606/1819/5
f 1543/1043/5 1664/1810/5 1544/1042/5
f 1671/1821/5 1665/1812/5 1664/1810/5
f 1672/1822/5 1666/1814/5 1665/1812/5
f 1673/1823/5 1667/1816/5 1666/1814/5
f 1674/1824/5 1668/1818/5 1667/1816/5
f 1675/1825/5 1669/1820/5 1668/1818/5
f 1676/1826/5 1670/1796/5 1669/1820/5
f 1542/5/5 1671/1821/5 1543/1043/5
f 1678/1827/5 1672/1822/5 1671/1821/5
f 1679/1828/5 1673/1823/5 1672/1822/5
f 1680/1829/5 1674/1824/5 1673/1823/5
f 1681/1830/5 1675/1825/5 1674/1824/5
f 1682/1831/5 1676/1826/5 1675/1825/5
f 1683/1832/5 1677/1798/5 1676/1826/5
f 1541/1044/5 1678/1827/5 1542/5/5
f 1685/1833/5 1679/1828/5 1678/1827/5
f 1686/1834/5 1680/1829/5 1679/1828/5
f 1687/1835/5 1681/1830/5 1680/1829/5
f 1688/1836/5 1682/1831/5 1681/1830/5
f 1689/1837/5 1683/1832/5 1682/1831/5
f 1690/1838/5 1684/1800/5 1683/1832/5
f 1540/1046/5 1685/1833/5 1541/1044/5
f 1692/1839/5 1686/1834/5 1685/1833/5
f 1693/1840/5 1687/1835/5 1686/1834/5
f 1694/1841/5 1688/1836/5 1687/1835/5
f 1695/1842/5 1689/1837/5 1688/1836/5
f 1696/1843/5 1690/1838/5 1689/1837/5
f 1697/1844/5 1691/1802/5 1690/1838/5
f 1539/1048/5 1692/1839/5 1540/1046/5
f 1699/1845/5 1693/1840/5 1692/1839/5
f 1700/1846/5 1694/1841/5 1693/1840/5
f 1701/1847/5 1695/1842/5 1694/1841/5
f 1702/1848/5 1696/1843/5 1695/1842/5
f 1703/1849/5 1697/1844/5 1696/1843/5
f 1704/1850/5 1698/1804/5 1697/1844/5
f 1538/1050/5 1699/1845/5 1539/1048/5
f 1706/1851/5 1700/1846/5 1699/1845/5
f 1707/1852/5 1701/1847/5 1700/1846/5
f 1708/1853/5 1702/1848/5 1701/1847/5
f 1709/1854/5 1703/1849/5 1702/1848/5
f 1710/1855/5 1704/1850/5 1703/1849/5
f 1711/1856/5 1705/1806/5 1704/1850/5
f 81/1052/5 1706/1851/5 1538/1050/5
f 1608/1857/5 1707/1852/5 1706/1851/5
f 1609/1858/5 1708/1853/5 1707/1852/5
f 1610/1859/5 1709/1854/5 1708/1853/5
f 1611/1860/5 1710/1855/5 1709/1854/5
f 1612/1861/5 1711/1856/5 1710/1855/5
f 1613/1862/5 1712/183/5 1711/1856/5
f 1719/1863/4 84/1864/4 1593/175/4
f 1726/1865/4 1566/1866/4 1719/1863/4
f 1733/1867/4 1567/1868/4 1726/1865/4
f 1740/1869/4 1568/1870/4 1733/1867/4
f 1747/1871/4 1569/1872/4 1740/1869/4
f 1754/1873/4 1570/1874/4 1747/1871/4
f 1761/180/4 1571/1875/4 1754/1873/4
f 1551/1876/4 1587/1877/4 80/1878/4
f 1713/1879/4 1588/1880/4 1587/1877/4
f 1714/1881/4 1589/1882/4 1588/1880/4
f 1715/1883/4 1590/1884/4 1589/1882/4
f 1716/1885/4 1591/1886/4 1590/1884/4
f 1717/1887/4 1592/1888/4 1591/1886/4
f 1718/1889/4 1593/175/4 1592/1888/4
f 1550/1890/4 1713/1879/4 1551/1876/4
f 1720/1891/4 1714/1881/4 1713/1879/4
f 1721/1892/4 1715/1883/4 1714/1881/4
f 1722/1893/4 1716/1885/4 1715/1883/4
f 1723/1894/4 1717/1887/4 1716/1885/4
f 1724/1895/4 1718/1889/4 1717/1887/4
f 1725/1896/4 1719/1863/4 1718/1889/4
f 1549/1897/4 1720/1891/4 1550/1890/4
f 1727/1898/4 1721/1892/4 1720/1891/4
f 1728/1899/4 1722/1893/4 1721/1892/4
f 1729/1900/4 1723/1894/4 1722/1893/4
f 1730/1901/4 1724/1895/4 1723/1894/4
f 1731/1902/4 1725/1896/4 1724/1895/4
f 1732/1903/4 1726/1865/4 1725/1896/4
f 1548/1031/4 1727/1898/4 1549/1897/4
f 1734/1904/4 1728/1899/4 1727/1898/4
f 1735/1905/4 1729/1900/4 1728/1899/4
f 1736/1906/4 1730/1901/4 1729/1900/4
f 1737/1907/4 1731/1902/4 1730/1901/4
f 1738/1908/4 1732/1903/4 1731/1902/4
f 1739/1909/4 1733/1867/4 1732/1903/4
f 1547/1034/4 1734/1904/4 1548/1031/4
f 1741/1910/4 1735/1905/4 1734/1904/4
f 1742/1911/4 1736/1906/4 1735/1905/4
f 1743/1912/4 1737/1907/4 1736/1906/4
f 1744/1913/4 1738/1908/4 1737/1907/4
f 1745/1914/4 1739/1909/4 1738/1908/4
f 1746/1915/4 1740/1869/4 1739/1909/4
f 1546/1036/4 1741/1910/4 1547/1034/4
f 1748/1916/4 1742/1911/4 1741/1910/4
f 1749/1917/4 1743/1912/4 1742/1911/4
f 1750/1918/4 1744/1913/4 1743/1912/4
f 1751/1919/4 1745/1914/4 1744/1913/4
f 1752/1920/4 1746/1915/4 1745/1914/4
f 1753/1921/4 1747/1871/4 1746/1915/4
f 1545/1038/4 1748/1916/4 1546/1036/4
f 1755/1922/4 1749/1917/4 1748/1916/4
f 1756/1923/4 1750/1918/4 1749/1917/4
f 1757/1924/4 1751/1919/4 1750/1918/4
f 1758/1925/4 1752/1920/4 1751/1919/4
f 1759/1926/4 1753/1921/4 1752/1920/4
f 1760/1927/4 1754/1873/4 1753/1921/4
f 82/1040/4 1755/1922/4 1545/1038/4
f 1601/1809/4 1756/1923/4 1755/1922/4
f 1602/1811/4 1757/1924/4 1756/1923/4
f 1603/1813/4 1758/1925/4 1757/1924/4
f 1604/1815/4 1759/1926/4 1758/1925/4
f 1605/1817/4 1760/1927/4 1759/1926/4
f 1606/1819/4 1761/180/4 1760/1927/4
f 1768/1928/3 83/1929/3 1594/184/3
f 1775/1930/3 1559/1931/3 1768/1928/3
f 1782/1932/3 1560/1933/3 1775/1930/3
f 1789/1934/3 1561/1935/3 1782/1932/3
f 1796/1936/3 1562/1937/3 1789/1934/3
f 1803/1938/3 1563/1939/3 1796/1936/3
f 1810/177/3 1564/1940/3 1803/1938/3
f 1558/1941/3 1600/1790/3 79/1789/3
f 1762/1942/3 1599/1791/3 1600/1790/3
f 1763/1943/3 1598/1792/3 1599/1791/3
f 1764/1944/3 1597/1793/3 1598/1792/3
f 1765/1945/3 1596/1794/3 1597/1793/3
f 1766/1946/3 1595/1795/3 1596/1794/3
f 1767/1947/3 1594/184/3 1595/1795/3
f 1557/1948/3 1762/1942/3 1558/1941/3
f 1769/1949/3 1763/1943/3 1762/1942/3
f 1770/1950/3 1764/1944/3 1763/1943/3
f 1771/1951/3 1765/1945/3 1764/1944/3
f 1772/1952/3 1766/1946/3 1765/1945/3
f 1773/1953/3 1767/1947/3 1766/1946/3
f 1774/1954/3 1768/1928/3 1767/1947/3
f 1556/109/3 1769/1949/3 1557/1948/3
f 1776/1955/3 1770/1950/3 1769/1949/3
f 1777/1956/3 1771/1951/3 1770/1950/3
f 1778/1957/3 1772/1952/3 1771/1951/3
f 1779/1958/3 1773/1953/3 1772/1952/3
f 1780/1959/3 1774/1954/3 1773/1953/3
f 1781/1960/3 1775/1930/3 1774/1954/3
f 1555/1961/3 1776/1955/3 1556/109/3
f 1783/1962/3 1777/1956/3 1776/1955/3
f 1784/1963/3 1778/1957/3 1777/1956/3
f 1785/1964/3 1779/1958/3 1778/1957/3
f 1786/1965/3 1780/1959/3 1779/1958/3
f 1787/1966/3 1781/1960/3 1780/1959/3
f 1788/1967/3 1782/1932/3 1781/1960/3
f 1554/1968/3 1783/1962/3 1555/1961/3
f 1790/1969/3 1784/1963/3 1783/1962/3
f 1791/1970/3 1785/1964/3 1784/1963/3
f 1792/1971/3 1786/1965/3 1785/1964/3
f 1793/1972/3 1787/1966/3 1786/1965/3
f 1794/1973/3 1788/1967/3 1787/1966/3
f 1795/1974/3 1789/1934/3 1788/1967/3
f 1553/1975/3 1790/1969/3 1554/1968/3
f 1797/1976/3 1791/1970/3 1790/1969/3
f 1798/1977/3 1792/1971/3 1791/1970/3
f 1799/1978/3 1793/1972/3 1792/1971/3
f 1800/1979/3 1794/1973/3 1793/1972/3
f 1801/1980/3 1795/1974/3 1794/1973/3
f 1802/1981/3 1796/1936/3 1795/1974/3
f 1552/1982/3 1797/1976/3 1553/1975/3
f 1804/1983/3 1798/1977/3 1797/1976/3
f 1805/1984/3 1799/1978/3 1798/1977/3
f 1806/1985/3 1800/1979/3 1799/1978/3
f 1807/1986/3 1801/1980/3 1800/1979/3
f 1808/1987/3 1802/1981/3 1801/1980/3
f 1809/1988/3 1803/1938/3 1802/1981/3
f 80/1878/3 1804/1983/3 1552/1982/3
f 1587/1877/3 1805/1984/3 1804/1983/3
f 1588/1880/3 1806/1985/3 1805/1984/3
f 1589/1882/3 1807/1986/3 1806/1985/3
f 1590/1884/3 1808/1987/3 1807/1986/3
f 1591/1886/3 1809/1988/3 1808/1987/3
f 1592/1888/3 1810/177/3 1809/1988/3
f 1817/1989/2 85/1990/2 1580/1991/2
f 1824/1992/2 1579/1993/2 1817/1989/2
f 1831/1994/2 1578/1995/2 1824/1992/2
f 1838/1996/2 1577/1997/2 1831/1994/2
f 1845/1998/2 1576/1999/2 1838/1996/2
f 1852/2000/2 1575/2001/2 1845/1998/2
f 1859/174/2 1574/2002/2 1852/2000/2
f 1559/1931/2 1586/2003/2 83/1929/2
f 1811/2004/2 1585/2005/2 1586/2003/2
f 1812/2006/2 1584/2007/2 1585/2005/2
f 1813/2008/2 1583/2009/2 1584/2007/2
f 1814/2010/2 1582/2011/2 1583/2009/2
f 1815/2012/2 1581/2013/2 1582/2011/2
f 1816/2014/2 1580/1991/2 1581/2013/2
f 1560/1933/2 1811/2004/2 1559/1931/2
f 1818/2015/2 1812/2006/2 1811/2004/2
f 1819/2016/2 1813/2008/2 1812/2006/2
f 1820/2017/2 1814/2010/2 1813/2008/2
f 1821/2018/2 1815/2012/2 1814/2010/2
f 1822/2019/2 1816/2014/2 1815/2012/2
f 1823/2020/2 1817/1989/2 1816/2014/2
f 1561/1935/2 1818/2015/2 1560/1933/2
f 1825/2021/2 1819/2016/2 1818/2015/2
f 1826/2022/2 1820/2017/2 1819/2016/2
f 1827/2023/2 1821/2018/2 1820/2017/2
f 1828/2024/2 1822/2019/2 1821/2018/2
f 1829/2025/2 1823/2020/2 1822/2019/2
f 1830/2026/2 1824/1992/2 1823/2020/2
f 1562/1937/2 1825/2021/2 1561/1935/2
f 1832/2027/2 1826/2022/2 1825/2021/2
f 1833/2028/2 1827/2023/2 1826/2022/2
f 1834/2029/2 1828/2024/2 1827/2023/2
f 1835/2030/2 1829/2025/2 1828/2024/2
f 1836/2031/2 1830/2026/2 1829/2025/2
f 1837/2032/2 1831/1994/2 1830/2026/2
f 1563/1939/2 1832/2027/2 1562/1937/2
f 1839/2033/2 1833/2028/2 1832/2027/2
f 1840/2034/2 1834/2029/2 1833/2028/2
f 1841/2035/2 1835/2030/2 1834/2029/2
f 1842/2036/2 1836/2031/2 1835/2030/2
f 1843/2037/2 1837/2032/2 1836/2031/2
f 1844/2038/2 1838/1996/2 1837/2032/2
f 1564/1940/2 1839/2033/2 1563/1939/2
f 1846/2039/2 1840/2034/2 1839/2033/2
f 1847/2040/2 1841/2035/2 1840/2034/2
f 1848/2041/2 1842/2036/2 1841/2035/2
f 1849/2042/2 1843/2037/2 1842/2036/2
f 1850/2043/2 1844/2038/2 1843/2037/2
f 1851/2044/2 1845/1998/2 1844/2038/2
f 1565/176/2 1846/2039/2 1564/1940/2
f 1853/2045/2 1847/2040/2 1846/2039/2
f 1854/2046/2 1848/2041/2 1847/2040/2
f 1855/2047/2 1849/2042/2 1848/2041/2
f 1856/2048/2 1850/2043/2 1849/2042/2
f 1857/2049/2 1851/2044/2 1850/2043/2
f 1858/2050/2 1852/2000/2 1851/2044/2
f 84/1864/2 1853/2045/2 1565/176/2
f 1566/2051/2 1854/2046/2 1853/2045/2
f 1567/2052/2 1855/2047/2 1854/2046/2
f 1568/2053/2 1856/2048/2 1855/2047/2
f 1569/2054/2 1857/2049/2 1856/2048/2
f 1570/2055/2 1858/2050/2 1857/2049/2
f 1571/2056/2 1859/174/2 1858/2050/2
f 1866/2057/1 80/1797/1 1552/179/1
f 1873/2058/1 1551/2059/1 1866/2057/1
f 1880/2060/1 1550/2061/1 1873/2058/1
f 1887/2062/1 1549/2063/1 1880/2060/1
f 1894/2064/1 1548/2065/1 1887/2062/1
f 1901/2066/1 1547/2067/1 1894/2064/1
f 1908/171/1 1546/2068/1 1901/2066/1
f 1531/2051/1 1558/1866/1 79/1864/1
f 1860/2069/1 1557/1868/1 1558/1866/1
f 1861/2070/1 1556/1870/1 1557/1868/1
f 1862/2071/1 1555/1872/1 1556/1870/1
f 1863/2072/1 1554/1874/1 1555/1872/1
f 1864/2073/1 1553/1875/1 1554/1874/1
f 1865/2074/1 1552/179/1 1553/1875/1
f 1532/2052/1 1860/2069/1 1531/2051/1
f 1867/2075/1 1861/2070/1 1860/2069/1
f 1868/2076/1 1862/2071/1 1861/2070/1
f 1869/2077/1 1863/2072/1 1862/2071/1
f 1870/2078/1 1864/2073/1 1863/2072/1
f 1871/2079/1 1865/2074/1 1864/2073/1
f 1872/2080/1 1866/2057/1 1865/2074/1
f 1533/2053/1 1867/2075/1 1532/2052/1
f 1874/2081/1 1868/2076/1 1867/2075/1
f 1875/2082/1 1869/2077/1 1868/2076/1
f 1876/2083/1 1870/2078/1 1869/2077/1
f 1877/2084/1 1871/2079/1 1870/2078/1
f 1878/2085/1 1872/2080/1 1871/2079/1
f 1879/2086/1 1873/2058/1 1872/2080/1
f 1534/2054/1 1874/2081/1 1533/2053/1
f 1881/2087/1 1875/2082/1 1874/2081/1
f 1882/2088/1 1876/2083/1 1875/2082/1
f 1883/2089/1 1877/2084/1 1876/2083/1
f 1884/2090/1 1878/2085/1 1877/2084/1
f 1885/2091/1 1879/2086/1 1878/2085/1
f 1886/2092/1 1880/2060/1 1879/2086/1
f 1535/2055/1 1881/2087/1 1534/2054/1
f 1888/2093/1 1882/2088/1 1881/2087/1
f 1889/2094/1 1883/2089/1 1882/2088/1
f 1890/2095/1 1884/2090/1 1883/2089/1
f 1891/2096/1 1885/2091/1 1884/2090/1
f 1892/2097/1 1886/2092/1 1885/2091/1
f 1893/2098/1 1887/2062/1 1886/2092/1
f 1536/2056/1 1888/2093/1 1535/2055/1
f 1895/2099/1 1889/2094/1 1888/2093/1
f 1896/2100/1 1890/2095/1 1889/2094/1
f 1897/2101/1 1891/2096/1 1890/2095/1
f 1898/2102/1 1892/2097/1 1891/2096/1
f 1899/2103/1 1893/2098/1 1892/2097/1
f 1900/2104/1 1894/2064/1 1893/2098/1
f 1537/172/1 1895/2099/1 1536/2056/1
f 1902/2105/1 1896/2100/1 1895/2099/1
f 1903/2106/1 1897/2101/1 1896/2100/1
f 1904/2107/1 1898/2102/1 1897/2101/1
f 1905/2108/1 1899/2103/1 1898/2102/1
f 1906/2109/1 1900/2104/1 1899/2103/1
f 1907/2110/1 1901/2066/1 1900/2104/1
f 81/2111/1 1902/2105/1 1537/172/1
f 1538/2112/1 1903/2106/1 1902/2105/1
f 1539/2113/1 1904/2107/1 1903/2106/1
f 1540/2114/1 1905/2108/1 1904/2107/1
f 1541/2115/1 1906/2109/1 1905/2108/1
f 1542/2116/1 1907/2110/1 1906/2109/1
f 1543/2117/1 1908/171/1 1907/2110/1
f 1999/2118/6 93/2119/6 1992/181/6
f 2006/2120/6 1958/2121/6 1999/2118/6
f 2013/2122/6 1959/2123/6 2006/2120/6
f 2020/2124/6 1960/2125/6 2013/2122/6
f 2027/2126/6 1961/2127/6 2020/2124/6
f 2034/2128/6 1962/2129/6 2027/2126/6
f 2041/204/6 1963/2130/6 2034/2128/6
f 1915/1054/6 1986/1857/6 89/1052/6
f 1993/2131/6 1987/1858/6 1986/1857/6
f 1994/2132/6 1988/1859/6 1987/1858/6
f 1995/2133/6 1989/1860/6 1988/1859/6
f 1996/2134/6 1990/1861/6 1989/1860/6
f 1997/2135/6 1991/1862/6 1990/1861/6
f 1998/2136/6 1992/181/6 1991/1862/6
f 1914/1056/6 1993/2131/6 1915/1054/6
f 2000/2137/6 1994/2132/6 1993/2131/6
f 2001/2138/6 1995/2133/6 1994/2132/6
f 2002/2139/6 1996/2134/6 1995/2133/6
f 2003/2140/6 1997/2135/6 1996/2134/6
f 2004/2141/6 1998/2136/6 1997/2135/6
f 2005/2142/6 1999/2118/6 1998/2136/6
f 1913/2143/6 2000/2137/6 1914/1056/6
f 2007/2144/6 2001/2138/6 2000/2137/6
f 2008/2145/6 2002/2139/6 2001/2138/6
f 2009/2146/6 2003/2140/6 2002/2139/6
f 2010/2147/6 2004/2141/6 2003/2140/6
f 2011/2148/6 2005/2142/6 2004/2141/6
f 2012/2149/6 2006/2120/6 2005/2142/6
f 1912/2150/6 2007/2144/6 1913/2143/6
f 2014/2151/6 2008/2145/6 2007/2144/6
f 2015/2152/6 2009/2146/6 2008/2145/6
f 2016/2153/6 2010/2147/6 2009/2146/6
f 2017/2154/6 2011/2148/6 2010/2147/6
f 2018/2155/6 2012/2149/6 2011/2148/6
f 2019/2156/6 2013/2122/6 2012/2149/6
f 1911/2157/6 2014/2151/6 1912/2150/6
f 2021/2158/6 2015/2152/6 2014/2151/6
f 2022/2159/6 2016/2153/6 2015/2152/6
f 2023/2160/6 2017/2154/6 2016/2153/6
f 2024/2161/6 2018/2155/6 2017/2154/6
f 2025/2162/6 2019/2156/6 2018/2155/6
f 2026/2163/6 2020/2124/6 2019/2156/6
f 1910/2164/6 2021/2158/6 1911/2157/6
f 2028/2165/6 2022/2159/6 2021/2158/6
f 2029/2166/6 2023/2160/6 2022/2159/6
f 2030/2167/6 2024/2161/6 2023/2160/6
f 2031/2168/6 2025/2162/6 2024/2161/6
f 2032/2169/6 2026/2163/6 2025/2162/6
f 2033/2170/6 2027/2126/6 2026/2163/6
f 1909/2171/6 2028/2165/6 1910/2164/6
f 2035/2172/6 2029/2166/6 2028/2165/6
f 2036/2173/6 2030/2167/6 2029/2166/6
f 2037/2174/6 2031/2168/6 2030/2167/6
f 2038/2175/6 2032/2169/6 2031/2168/6
f 2039/2176/6 2033/2170/6 2032/2169/6
f 2040/2177/6 2034/2128/6 2033/2170/6
f 87/2178/6 2035/2172/6 1909/2171/6
f 1978/2179/6 2036/2173/6 2035/2172/6
f 1977/2180/6 2037/2174/6 2036/2173/6
f 1976/2181/6 2038/2175/6 2037/2174/6
f 1975/2182/6 2039/2176/6 2038/2175/6
f 1974/2183/6 2040/2177/6 2039/2176/6
f 1973/2184/6 2041/204/6 2040/2177/6
f 2048/2185/5 94/2186/5 1985/196/5
f 2055/2187/5 1951/2188/5 2048/2185/5
f 2062/2189/5 1952/2190/5 2055/2187/5
f 2069/2191/5 1953/2192/5 2062/2189/5
f 2076/2193/5 1954/2194/5 2069/2191/5
f 2083/2195/5 1955/2196/5 2076/2193/5
f 2090/201/5 1956/2197/5 2083/2195/5
f 1922/2198/5 1979/2199/5 90/2200/5
f 2042/2201/5 1980/2202/5 1979/2199/5
f 2043/2203/5 1981/2204/5 1980/2202/5
f 2044/2205/5 1982/2206/5 1981/2204/5
f 2045/2207/5 1983/2208/5 1982/2206/5
f 2046/2209/5 1984/2210/5 1983/2208/5
f 2047/2211/5 1985/196/5 1984/2210/5
f 1921/2212/5 2042/2201/5 1922/2198/5
f 2049/2213/5 2043/2203/5 2042/2201/5
f 2050/2214/5 2044/2205/5 2043/2203/5
f 2051/2215/5 2045/2207/5 2044/2205/5
f 2052/2216/5 2046/2209/5 2045/2207/5
f 2053/2217/5 2047/2211/5 2046/2209/5
f 2054/2218/5 2048/2185/5 2047/2211/5
f 1920/2219/5 2049/2213/5 1921/2212/5
f 2056/2220/5 2050/2214/5 2049/2213/5
f 2057/2221/5 2051/2215/5 2050/2214/5
f 2058/2222/5 2052/2216/5 2051/2215/5
f 2059/2223/5 2053/2217/5 2052/2216/5
f 2060/2224/5 2054/2218/5 2053/2217/5
f 2061/2225/5 2055/2187/5 2054/2218/5
f 1919/2226/5 2056/2220/5 1920/2219/5
f 2063/2227/5 2057/2221/5 2056/2220/5
f 2064/2228/5 2058/2222/5 2057/2221/5
f 2065/2229/5 2059/2223/5 2058/2222/5
f 2066/2230/5 2060/2224/5 2059/2223/5
f 2067/2231/5 2061/2225/5 2060/2224/5
f 2068/2232/5 2062/2189/5 2061/2225/5
f 1918/2233/5 2063/2227/5 1919/2226/5
f 2070/2234/5 2064/2228/5 2063/2227/5
f 2071/2235/5 2065/2229/5 2064/2228/5
f 2072/2236/5 2066/2230/5 2065/2229/5
f 2073/2237/5 2067/2231/5 2066/2230/5
f 2074/2238/5 2068/2232/5 2067/2231/5
f 2075/2239/5 2069/2191/5 2068/2232/5
f 1917/2240/5 2070/2234/5 1918/2233/5
f 2077/2241/5 2071/2235/5 2070/2234/5
f 2078/2242/5 2072/2236/5 2071/2235/5
f 2079/2243/5 2073/2237/5 2072/2236/5
f 2080/2244/5 2074/2238/5 2073/2237/5
f 2081/2245/5 2075/2239/5 2074/2238/5
f 2082/2246/5 2076/2193/5 2075/2239/5
f 1916/2247/5 2077/2241/5 1917/2240/5
f 2084/2248/5 2078/2242/5 2077/2241/5
f 2085/2249/5 2079/2243/5 2078/2242/5
f 2086/2250/5 2080/2244/5 2079/2243/5
f 2087/2251/5 2081/2245/5 2080/2244/5
f 2088/2252/5 2082/2246/5 2081/2245/5
f 2089/2253/5 2083/2195/5 2082/2246/5
f 89/2254/5 2084/2248/5 1916/2247/5
f 1986/2255/5 2085/2249/5 2084/2248/5
f 1987/2256/5 2086/2250/5 2085/2249/5
f 1988/2257/5 2087/2251/5 2086/2250/5
f 1989/2258/5 2088/2252/5 2087/2251/5
f 1990/2259/5 2089/2253/5 2088/2252/5
f 1991/2260/5 2090/201/5 2089/2253/5
f 2097/2261/4 92/2262/4 1971/193/4
f 2104/2263/4 1944/2264/4 2097/2261/4
f 2111/2265/4 1945/2266/4 2104/2263/4
f 2118/2267/4 1946/2268/4 2111/2265/4
f 2125/2269/4 1947/2270/4 2118/2267/4
f 2132/2271/4 1948/2272/4 2125/2269/4
f 2139/198/4 1949/2273/4 2132/2271/4
f 1929/37/4 1965/2274/4 88/813/4
f 2091/2275/4 1966/2276/4 1965/2274/4
f 2092/2277/4 1967/2278/4 1966/2276/4
f 2093/2279/4 1968/2280/4 1967/2278/4
f 2094/2281/4 1969/2282/4 1968/2280/4
f 2095/2283/4 1970/2284/4 1969/2282/4
f 2096/2285/4 1971/193/4 1970/2284/4
f 1928/2286/4 2091/2275/4 1929/37/4
f 2098/2287/4 2092/2277/4 2091/2275/4
f 2099/2288/4 2093/2279/4 2092/2277/4
f 2100/2289/4 2094/2281/4 2093/2279/4
f 2101/2290/4 2095/2283/4 2094/2281/4
f 2102/2291/4 2096/2285/4 2095/2283/4
f 2103/2292/4 2097/2261/4 2096/2285/4
f 1927/2293/4 2098/2287/4 1928/2286/4
f 2105/2294/4 2099/2288/4 2098/2287/4
f 2106/2295/4 2100/2289/4 2099/2288/4
f 2107/2296/4 2101/2290/4 2100/2289/4
f 2108/2297/4 2102/2291/4 2101/2290/4
f 2109/2298/4 2103/2292/4 2102/2291/4
f 2110/2299/4 2104/2263/4 2103/2292/4
f 1926/2300/4 2105/2294/4 1927/2293/4
f 2112/2301/4 2106/2295/4 2105/2294/4
f 2113/2302/4 2107/2296/4 2106/2295/4
f 2114/2303/4 2108/2297/4 2107/2296/4
f 2115/2304/4 2109/2298/4 2108/2297/4
f 2116/2305/4 2110/2299/4 2109/2298/4
f 2117/2306/4 2111/2265/4 2110/2299/4
f 1925/2307/4 2112/2301/4 1926/2300/4
f 2119/2308/4 2113/2302/4 2112/2301/4
f 2120/2309/4 2114/2303/4 2113/2302/4
f 2121/2310/4 2115/2304/4 2114/2303/4
f 2122/2311/4 2116/2305/4 2115/2304/4
f 2123/2312/4 2117/2306/4 2116/2305/4
f 2124/2313/4 2118/2267/4 2117/2306/4
f 1924/2314/4 2119/2308/4 1925/2307/4
f 2126/2315/4 2120/2309/4 2119/2308/4
f 2127/2316/4 2121/2310/4 2120/2309/4
f 2128/2317/4 2122/2311/4 2121/2310/4
f 2129/2318/4 2123/2312/4 2122/2311/4
f 2130/2319/4 2124/2313/4 2123/2312/4
f 2131/2320/4 2125/2269/4 2124/2313/4
f 1923/2321/4 2126/2315/4 1924/2314/4
f 2133/2322/4 2127/2316/4 2126/2315/4
f 2134/2323/4 2128/2317/4 2127/2316/4
f 2135/2324/4 2129/2318/4 2128/2317/4
f 2136/2325/4 2130/2319/4 2129/2318/4
f 2137/2326/4 2131/2320/4 2130/2319/4
f 2138/2327/4 2132/2271/4 2131/2320/4
f 90/2200/4 2133/2322/4 1923/2321/4
f 1979/2199/4 2134/2323/4 2133/2322/4
f 1980/2202/4 2135/2324/4 2134/2323/4
f 1981/2204/4 2136/2325/4 2135/2324/4
f 1982/2206/4 2137/2326/4 2136/2325/4
f 1983/2208/4 2138/2327/4 2137/2326/4
f 1984/2210/4 2139/198/4 2138/2327/4
f 2146/2328/3 91/2329/3 1972/202/3
f 2153/2330/3 1937/2331/3 2146/2328/3
f 2160/2332/3 1938/2333/3 2153/2330/3
f 2167/2334/3 1939/2335/3 2160/2332/3
f 2174/2336/3 1940/2337/3 2167/2334/3
f 2181/2338/3 1941/2339/3 2174/2336/3
f 2188/195/3 1942/2340/3 2181/2338/3
f 1936/2341/3 1978/2179/3 87/2178/3
f 2140/2342/3 1977/2180/3 1978/2179/3
f 1977/2180/3 2142/2343/3 1976/2181/3
f 1976/2181/3 2143/2344/3 1975/2182/3
f 1975/2182/3 2144/2345/3 1974/2183/3
f 2144/2345/3 1973/2184/3 1974/2183/3
f 2145/2346/3 1972/202/3 1973/2184/3
f 1935/2347/3 2140/2342/3 1936/2341/3
f 2147/2348/3 2141/2349/3 2140/2342/3
f 2148/2350/3 2142/2343/3 2141/2349/3
f 2149/2351/3 2143/2344/3 2142/2343/3
f 2150/2352/3 2144/2345/3 2143/2344/3
f 2151/2353/3 2145/2346/3 2144/2345/3
f 2152/2354/3 2146/2328/3 2145/2346/3
f 1934/2355/3 2147/2348/3 1935/2347/3
f 2154/2356/3 2148/2350/3 2147/2348/3
f 2155/2357/3 2149/2351/3 2148/2350/3
f 2156/2358/3 2150/2352/3 2149/2351/3
f 2157/2359/3 2151/2353/3 2150/2352/3
f 2158/2360/3 2152/2354/3 2151/2353/3
f 2159/2361/3 2153/2330/3 2152/2354/3
f 1933/808/3 2154/2356/3 1934/2355/3
f 2161/2362/3 2155/2357/3 2154/2356/3
f 2162/2363/3 2156/2358/3 2155/2357/3
f 2163/2364/3 2157/2359/3 2156/2358/3
f 2164/2365/3 2158/2360/3 2157/2359/3
f 2165/2366/3 2159/2361/3 2158/2360/3
f 2166/2367/3 2160/2332/3 2159/2361/3
f 1932/810/3 2161/2362/3 1933/808/3
f 2168/2368/3 2162/2363/3 2161/2362/3
f 2169/2369/3 2163/2364/3 2162/2363/3
f 2170/2370/3 2164/2365/3 2163/2364/3
f 2171/2371/3 2165/2366/3 2164/2365/3
f 2172/2372/3 2166/2367/3 2165/2366/3
f 2173/2373/3 2167/2334/3 2166/2367/3
f 1931/41/3 2168/2368/3 1932/810/3
f 2175/2374/3 2169/2369/3 2168/2368/3
f 2176/2375/3 2170/2370/3 2169/2369/3
f 2177/2376/3 2171/2371/3 2170/2370/3
f 2178/2377/3 2172/2372/3 2171/2371/3
f 2179/2378/3 2173/2373/3 2172/2372/3
f 2180/2379/3 2174/2336/3 2173/2373/3
f 1930/811/3 2175/2374/3 1931/41/3
f 2182/2380/3 2176/2375/3 2175/2374/3
f 2183/2381/3 2177/2376/3 2176/2375/3
f 2184/2382/3 2178/2377/3 2177/2376/3
f 2185/2383/3 2179/2378/3 2178/2377/3
f 2186/2384/3 2180/2379/3 2179/2378/3
f 2187/2385/3 2181/2338/3 2180/2379/3
f 88/813/3 2182/2380/3 1930/811/3
f 1965/2274/3 2183/2381/3 2182/2380/3
f 1966/2276/3 2184/2382/3 2183/2381/3
f 1967/2278/3 2185/2383/3 2184/2382/3
f 1968/2280/3 2186/2384/3 2185/2383/3
f 1969/2282/3 2187/2385/3 2186/2384/3
f 1970/2284/3 2188/195/3 2187/2385/3
f 2195/2386/2 93/2387/2 1958/2388/2
f 2202/2389/2 1957/2390/2 2195/2386/2
f 2209/2391/2 1956/2392/2 2202/2389/2
f 2216/2393/2 1955/2394/2 2209/2391/2
f 2223/2395/2 1954/2396/2 2216/2393/2
f 2230/2397/2 1953/2398/2 2223/2395/2
f 2237/192/2 1952/2399/2 2230/2397/2
f 1937/2331/2 1964/2400/2 91/2329/2
f 2189/2401/2 1963/2402/2 1964/2400/2
f 2190/2403/2 1962/2404/2 1963/2402/2
f 2191/2405/2 1961/2406/2 1962/2404/2
f 2192/2407/2 1960/2408/2 1961/2406/2
f 2193/2409/2 1959/2410/2 1960/2408/2
f 2194/2411/2 1958/2388/2 1959/2410/2
f 1938/2333/2 2189/2401/2 1937/2331/2
f 2196/2412/2 2190/2403/2 2189/2401/2
f 2197/2413/2 2191/2405/2 2190/2403/2
f 2198/2414/2 2192/2407/2 2191/2405/2
f 2199/2415/2 2193/2409/2 2192/2407/2
f 2200/2416/2 2194/2411/2 2193/2409/2
f 2201/2417/2 2195/2386/2 2194/2411/2
f 1939/2335/2 2196/2412/2 1938/2333/2
f 2203/2418/2 2197/2413/2 2196/2412/2
f 2204/2419/2 2198/2414/2 2197/2413/2
f 2205/2420/2 2199/2415/2 2198/2414/2
f 2206/2421/2 2200/2416/2 2199/2415/2
f 2207/2422/2 2201/2417/2 2200/2416/2
f 2208/2423/2 2202/2389/2 2201/2417/2
f 1940/2337/2 2203/2418/2 1939/2335/2
f 2210/2424/2 2204/2419/2 2203/2418/2
f 2211/2425/2 2205/2420/2 2204/2419/2
f 2212/2426/2 2206/2421/2 2205/2420/2
f 2213/2427/2 2207/2422/2 2206/2421/2
f 2214/2428/2 2208/2423/2 2207/2422/2
f 2215/2429/2 2209/2391/2 2208/2423/2
f 1941/2339/2 2210/2424/2 1940/2337/2
f 2217/2430/2 2211/2425/2 2210/2424/2
f 2218/2431/2 2212/2426/2 2211/2425/2
f 2219/2432/2 2213/2427/2 2212/2426/2
f 2220/2433/2 2214/2428/2 2213/2427/2
f 2221/2434/2 2215/2429/2 2214/2428/2
f 2222/2435/2 2216/2393/2 2215/2429/2
f 1942/2340/2 2217/2430/2 1941/2339/2
f 2224/2436/2 2218/2431/2 2217/2430/2
f 2225/2437/2 2219/2432/2 2218/2431/2
f 2226/2438/2 2220/2433/2 2219/2432/2
f 2227/2439/2 2221/2434/2 2220/2433/2
f 2228/2440/2 2222/2435/2 2221/2434/2
f 2229/2441/2 2223/2395/2 2222/2435/2
f 1943/194/2 2224/2436/2 1942/2340/2
f 2231/2442/2 2225/2437/2 2224/2436/2
f 2232/2443/2 2226/2438/2 2225/2437/2
f 2233/2444/2 2227/2439/2 2226/2438/2
f 2234/2445/2 2228/2440/2 2227/2439/2
f 2235/2446/2 2229/2441/2 2228/2440/2
f 2236/2447/2 2230/2397/2 2229/2441/2
f 92/2262/2 2231/2442/2 1943/194/2
f 1944/2448/2 2232/2443/2 2231/2442/2
f 1945/2449/2 2233/2444/2 2232/2443/2
f 1946/2450/2 2234/2445/2 2233/2444/2
f 1947/2451/2 2235/2446/2 2234/2445/2
f 1948/2452/2 2236/2447/2 2235/2446/2
f 1949/2453/2 2237/192/2 2236/2447/2
f 2244/2454/1 88/2186/1 1930/197/1
f 2251/2455/1 1929/2456/1 2244/2454/1
f 2258/2457/1 1928/2458/1 2251/2455/1
f 2265/2459/1 1927/2460/1 2258/2457/1
f 2272/2461/1 1926/2462/1 2265/2459/1
f 2279/2463/1 1925/2464/1 2272/2461/1
f 2286/189/1 1924/2465/1 2279/2463/1
f 1909/2448/1 1936/2264/1 87/2262/1
f 2238/2466/1 1935/2467/1 1936/2264/1
f 2239/2468/1 1934/2268/1 1935/2467/1
f 2240/2469/1 1933/2270/1 1934/2268/1
f 2241/2470/1 1932/2272/1 1933/2270/1
f 2242/2471/1 1931/2273/1 1932/2272/1
f 2243/2472/1 1930/197/1 1931/2273/1
f 1910/2449/1 2238/2466/1 1909/2448/1
f 2245/2473/1 2239/2468/1 2238/2466/1
f 2246/2474/1 2240/2469/1 2239/2468/1
f 2247/2475/1 2241/2470/1 2240/2469/1
f 2248/2476/1 2242/2471/1 2241/2470/1
f 2249/2477/1 2243/2472/1 2242/2471/1
f 2250/2478/1 2244/2454/1 2243/2472/1
f 1911/2450/1 2245/2473/1 1910/2449/1
f 2252/2479/1 2246/2474/1 2245/2473/1
f 2253/2480/1 2247/2475/1 2246/2474/1
f 2254/2481/1 2248/2476/1 2247/2475/1
f 2255/2482/1 2249/2477/1 2248/2476/1
f 2256/2483/1 2250/2478/1 2249/2477/1
f 2257/2484/1 2251/2455/1 2250/2478/1
f 1912/2451/1 2252/2479/1 1911/2450/1
f 2259/2485/1 2253/2480/1 2252/2479/1
f 2260/2486/1 2254/2481/1 2253/2480/1
f 2261/2487/1 2255/2482/1 2254/2481/1
f 2262/2488/1 2256/2483/1 2255/2482/1
f 2263/2489/1 2257/2484/1 2256/2483/1
f 2264/2490/1 2258/2457/1 2257/2484/1
f 1913/2452/1 2259/2485/1 1912/2451/1
f 2266/2491/1 2260/2486/1 2259/2485/1
f 2267/2492/1 2261/2487/1 2260/2486/1
f 2268/2493/1 2262/2488/1 2261/2487/1
f 2269/2494/1 2263/2489/1 2262/2488/1
f 2270/2495/1 2264/2490/1 2263/2489/1
f 2271/2496/1 2265/2459/1 2264/2490/1
f 1914/2453/1 2266/2491/1 1913/2452/1
f 2273/2497/1 2267/2492/1 2266/2491/1
f 2274/2498/1 2268/2493/1 2267/2492/1
f 2275/2499/1 2269/2494/1 2268/2493/1
f 2276/2500/1 2270/2495/1 2269/2494/1
f 2277/2501/1 2271/2496/1 2270/2495/1
f 2278/2502/1 2272/2461/1 2271/2496/1
f 1915/190/1 2273/2497/1 1914/2453/1
f 2280/2503/1 2274/2498/1 2273/2497/1
f 2281/2504/1 2275/2499/1 2274/2498/1
f 2282/2505/1 2276/2500/1 2275/2499/1
f 2283/2506/1 2277/2501/1 2276/2500/1
f 2284/2507/1 2278/2502/1 2277/2501/1
f 2285/2508/1 2279/2463/1 2278/2502/1
f 89/2509/1 2280/2503/1 1915/190/1
f 1916/2510/1 2281/2504/1 2280/2503/1
f 1917/2511/1 2282/2505/1 2281/2504/1
f 1918/2512/1 2283/2506/1 2282/2505/1
f 1919/2513/1 2284/2507/1 2283/2506/1
f 1920/2514/1 2285/2508/1 2284/2507/1
f 1921/2515/1 2286/189/1 2285/2508/1
f 63/2516/6 2387/2517/6 2375/2518/6
f 2308/2519/6 2390/2520/6 2387/2517/6
f 2307/2521/6 2393/2522/6 2390/2520/6
f 2306/2523/6 2396/2524/6 2393/2522/6
f 2305/2525/6 2399/2526/6 2396/2524/6
f 2304/2527/6 2402/2528/6 2399/2526/6
f 2303/2529/6 2405/2530/6 2402/2528/6
f 2302/2531/6 2408/2532/6 2405/2530/6
f 2301/2533/6 2411/2534/6 2408/2532/6
f 2300/2535/6 2414/2536/6 2411/2534/6
f 2299/2537/6 2417/150/6 2414/2536/6
f 65/400/5 2541/2538/5 2529/2539/5
f 2320/397/5 2544/2540/5 2541/2538/5
f 2321/394/5 2547/2541/5 2544/2540/5
f 2322/391/5 2550/2542/5 2547/2541/5
f 2323/388/5 2553/2543/5 2550/2542/5
f 2324/385/5 2556/2544/5 2553/2543/5
f 2325/382/5 2559/2545/5 2556/2544/5
f 2326/379/5 2562/2546/5 2559/2545/5
f 2327/376/5 2565/2547/5 2562/2546/5
f 2328/373/5 2568/2548/5 2565/2547/5
f 2329/368/5 2571/147/5 2568/2548/5
f 66/2549/4 2420/2550/4 2378/2551/4
f 2309/2552/4 2423/2553/4 2420/2550/4
f 2310/2554/4 2426/2555/4 2423/2553/4
f 2311/2556/4 2429/2557/4 2426/2555/4
f 2312/2558/4 2432/2559/4 2429/2557/4
f 2313/2560/4 2435/2561/4 2432/2559/4
f 2314/2562/4 2438/2563/4 2435/2561/4
f 2315/2564/4 2441/2565/4 2438/2563/4
f 2316/2566/4 2444/2567/4 2441/2565/4
f 2317/2568/4 2447/2569/4 2444/2567/4
f 2318/2570/4 2450/144/4 2447/2569/4
f 64/2571/3 2574/2572/3 2532/2573/3
f 2287/2574/3 2577/2575/3 2574/2572/3
f 2288/2576/3 2580/2577/3 2577/2575/3
f 2289/2578/3 2583/2579/3 2580/2577/3
f 2290/2580/3 2586/2581/3 2583/2579/3
f 2291/2582/3 2589/2583/3 2586/2581/3
f 2292/2584/3 2592/2585/3 2589/2583/3
f 2293/2586/3 2595/2587/3 2592/2585/3
f 2294/2588/3 2598/2589/3 2595/2587/3
f 2295/2590/3 2601/2591/3 2598/2589/3
f 2296/2592/3 2604/141/3 2601/2591/3
f 49/2593/6 2463/2594/6 2453/2595/6
f 2352/2596/6 2466/2597/6 2463/2594/6
f 2351/2598/6 2469/2599/6 2466/2597/6
f 2350/2600/6 2472/2601/6 2469/2599/6
f 2349/2602/6 2475/2603/6 2472/2601/6
f 2348/2604/6 2478/2605/6 2475/2603/6
f 2347/2606/6 2481/2607/6 2478/2605/6
f 2346/2608/6 2484/2609/6 2481/2607/6
f 2345/2610/6 2487/2611/6 2484/2609/6
f 2344/2612/6 2490/2613/6 2487/2611/6
f 2343/2614/6 2493/2615/6 2490/2613/6
f 51/1322/5 2637/2616/5 2625/2617/5
f 2364/1319/5 2640/2618/5 2637/2616/5
f 2365/1316/5 2643/2619/5 2640/2618/5
f 2366/1313/5 2646/2620/5 2643/2619/5
f 2367/1310/5 2649/2621/5 2646/2620/5
f 2368/1307/5 2652/2622/5 2649/2621/5
f 2369/1304/5 2655/2623/5 2652/2622/5
f 2370/1301/5 2658/2624/5 2655/2623/5
f 2371/1298/5 2661/2625/5 2658/2624/5
f 2372/1295/5 2664/2626/5 2661/2625/5
f 2373/1290/5 2667/2627/5 2664/2626/5
f 52/2628/4 2496/2629/4 2456/115/4
f 2353/2630/4 2499/2631/4 2496/2629/4
f 2354/2632/4 2502/2633/4 2499/2631/4
f 2355/2634/4 2505/2635/4 2502/2633/4
f 2356/2636/4 2508/2637/4 2505/2635/4
f 2357/2638/4 2511/2639/4 2508/2637/4
f 2358/2640/4 2514/2641/4 2511/2639/4
f 2359/2642/4 2517/2643/4 2514/2641/4
f 2360/2644/4 2520/2645/4 2517/2643/4
f 2361/2646/4 2523/2647/4 2520/2645/4
f 2362/2648/4 2526/2649/4 2523/2647/4
f 50/2650/3 2670/2651/3 2628/119/3
f 2331/2652/3 2673/2653/3 2670/2651/3
f 2332/2654/3 2676/2655/3 2673/2653/3
f 2333/2656/3 2679/2657/3 2676/2655/3
f 2334/2658/3 2682/2659/3 2679/2657/3
f 2335/2660/3 2685/2661/3 2682/2659/3
f 2336/2662/3 2688/2663/3 2685/2661/3
f 2337/2664/3 2691/2665/3 2688/2663/3
f 2338/2666/3 2694/2667/3 2691/2665/3
f 2339/2668/3 2697/2669/3 2694/2667/3
f 2340/2670/3 2700/2671/3 2697/2669/3
f 2449/2672/4 2297/139/4 2296/2592/4
f 2448/2673/4 2452/2674/4 2449/2672/4
f 2447/2569/4 2451/2675/4 2448/2673/4
f 2446/2676/4 2296/2592/4 2295/2590/4
f 2445/2677/4 2449/2672/4 2446/2676/4
f 2444/2567/4 2448/2673/4 2445/2677/4
f 2443/2678/4 2295/2590/4 2294/2588/4
f 2442/2679/4 2446/2676/4 2443/2678/4
f 2441/2565/4 2445/2677/4 2442/2679/4
f 2440/2680/4 2294/2588/4 2293/2586/4
f 2439/2681/4 2443/2678/4 2440/2680/4
f 2438/2563/4 2442/2679/4 2439/2681/4
f 2437/2682/4 2293/2586/4 2292/2584/4
f 2436/2683/4 2440/2680/4 2437/2682/4
f 2435/2561/4 2439/2681/4 2436/2683/4
f 2434/2684/4 2292/2584/4 2291/2582/4
f 2433/2685/4 2437/2682/4 2434/2684/4
f 2432/2559/4 2436/2683/4 2433/2685/4
f 2431/2686/4 2291/2582/4 2290/2580/4
f 2430/2687/4 2434/2684/4 2431/2686/4
f 2429/2557/4 2433/2685/4 2430/2687/4
f 2428/2688/4 2290/2580/4 2289/2578/4
f 2427/2689/4 2431/2686/4 2428/2688/4
f 2426/2555/4 2430/2687/4 2427/2689/4
f 2425/2690/4 2289/2578/4 2288/2576/4
f 2424/2691/4 2428/2688/4 2425/2690/4
f 2423/2553/4 2427/2689/4 2424/2691/4
f 2422/2692/4 2288/2576/4 2287/2574/4
f 2421/2693/4 2425/2690/4 2422/2692/4
f 2420/2550/4 2424/2691/4 2421/2693/4
f 2380/2694/4 2287/2574/4 64/2571/4
f 2379/2695/4 2422/2692/4 2380/2694/4
f 2378/2551/4 2421/2693/4 2379/2695/4
f 2416/2696/6 2330/163/6 2329/2697/6
f 2415/2698/6 2419/2699/6 2416/2696/6
f 2414/2536/6 2418/2700/6 2415/2698/6
f 2413/2701/6 2329/2697/6 2328/2702/6
f 2412/2703/6 2416/2696/6 2413/2701/6
f 2411/2534/6 2415/2698/6 2412/2703/6
f 2410/2704/6 2328/2702/6 2327/2705/6
f 2409/2706/6 2413/2701/6 2410/2704/6
f 2408/2532/6 2412/2703/6 2409/2706/6
f 2407/2707/6 2327/2705/6 2326/2708/6
f 2406/2709/6 2410/2704/6 2407/2707/6
f 2405/2530/6 2409/2706/6 2406/2709/6
f 2404/2710/6 2326/2708/6 2325/2711/6
f 2403/2712/6 2407/2707/6 2404/2710/6
f 2402/2528/6 2406/2709/6 2403/2712/6
f 2401/2713/6 2325/2711/6 2324/2714/6
f 2400/2715/6 2404/2710/6 2401/2713/6
f 2399/2526/6 2403/2712/6 2400/2715/6
f 2398/2716/6 2324/2714/6 2323/2717/6
f 2397/2718/6 2401/2713/6 2398/2716/6
f 2396/2524/6 2400/2715/6 2397/2718/6
f 2395/2719/6 2323/2717/6 2322/2720/6
f 2394/2721/6 2398/2716/6 2395/2719/6
f 2393/2522/6 2397/2718/6 2394/2721/6
f 2392/2722/6 2322/2720/6 2321/2723/6
f 2391/2724/6 2395/2719/6 2392/2722/6
f 2390/2520/6 2394/2721/6 2391/2724/6
f 2389/2725/6 2321/2723/6 2320/2726/6
f 2388/2727/6 2392/2722/6 2389/2725/6
f 2387/2517/6 2391/2724/6 2388/2727/6
f 2377/2728/6 2320/2726/6 65/2729/6
f 2376/2730/6 2389/2725/6 2377/2728/6
f 2375/2518/6 2388/2727/6 2376/2730/6
f 2419/2699/6 69/2731/6 2330/163/6
f 2418/2700/6 2384/2732/6 2419/2699/6
f 2417/150/6 2385/2733/6 2418/2700/6
f 2452/2674/4 68/2734/4 2297/139/4
f 2451/2675/4 2381/2735/4 2452/2674/4
f 2450/144/4 2382/2736/4 2451/2675/4
f 68/2734/2 2607/2737/2 2537/140/2
f 2381/2738/2 2610/2739/2 2607/2737/2
f 2382/2740/2 2613/138/2 2610/2739/2
f 2618/2741/1 64/2742/1 2532/143/1
f 2621/2743/1 2380/2744/1 2618/2741/1
f 2624/135/1 2379/2745/1 2621/2743/1
f 2525/2746/4 2341/2747/4 2340/2670/4
f 2524/2748/4 2528/2749/4 2525/2746/4
f 2523/2647/4 2527/2750/4 2524/2748/4
f 2522/2751/4 2340/2670/4 2339/2668/4
f 2521/2752/4 2525/2746/4 2522/2751/4
f 2520/2645/4 2524/2748/4 2521/2752/4
f 2519/2753/4 2339/2668/4 2338/2666/4
f 2518/2754/4 2522/2751/4 2519/2753/4
f 2517/2643/4 2521/2752/4 2518/2754/4
f 2516/2755/4 2338/2666/4 2337/2664/4
f 2515/2756/4 2519/2753/4 2516/2755/4
f 2514/2641/4 2518/2754/4 2515/2756/4
f 2513/2757/4 2337/2664/4 2336/2662/4
f 2512/2758/4 2516/2755/4 2513/2757/4
f 2511/2639/4 2515/2756/4 2512/2758/4
f 2510/2759/4 2336/2662/4 2335/2660/4
f 2509/2760/4 2513/2757/4 2510/2759/4
f 2508/2637/4 2512/2758/4 2509/2760/4
f 2507/2761/4 2335/2660/4 2334/2658/4
f 2506/2762/4 2510/2759/4 2507/2761/4
f 2505/2635/4 2509/2760/4 2506/2762/4
f 2504/2763/4 2334/2658/4 2333/2656/4
f 2503/2764/4 2507/2761/4 2504/2763/4
f 2502/2633/4 2506/2762/4 2503/2764/4
f 2501/2765/4 2333/2656/4 2332/2654/4
f 2500/2766/4 2504/2763/4 2501/2765/4
f 2499/2631/4 2503/2764/4 2500/2766/4
f 2498/2767/4 2332/2654/4 2331/2652/4
f 2497/2768/4 2501/2765/4 2498/2767/4
f 2496/2629/4 2500/2766/4 2497/2768/4
f 2458/2769/4 2331/2652/4 50/2650/4
f 2457/2770/4 2498/2767/4 2458/2769/4
f 2456/115/4 2497/2768/4 2457/2770/4
f 2492/2771/6 2374/2772/6 2373/2773/6
f 2491/2774/6 2495/2775/6 2492/2771/6
f 2490/2613/6 2494/2776/6 2491/2774/6
f 2489/2777/6 2373/2773/6 2372/2778/6
f 2488/2779/6 2492/2771/6 2489/2777/6
f 2487/2611/6 2491/2774/6 2488/2779/6
f 2486/2780/6 2372/2778/6 2371/2781/6
f 2485/2782/6 2489/2777/6 2486/2780/6
f 2484/2609/6 2488/2779/6 2485/2782/6
f 2483/2783/6 2371/2781/6 2370/2784/6
f 2482/2785/6 2486/2780/6 2483/2783/6
f 2481/2607/6 2485/2782/6 2482/2785/6
f 2480/2786/6 2370/2784/6 2369/2787/6
f 2479/2788/6 2483/2783/6 2480/2786/6
f 2478/2605/6 2482/2785/6 2479/2788/6
f 2477/2789/6 2369/2787/6 2368/2790/6
f 2476/2791/6 2480/2786/6 2477/2789/6
f 2475/2603/6 2479/2788/6 2476/2791/6
f 2474/2792/6 2368/2790/6 2367/2793/6
f 2473/2794/6 2477/2789/6 2474/2792/6
f 2472/2601/6 2476/2791/6 2473/2794/6
f 2471/2795/6 2367/2793/6 2366/2796/6
f 2470/2797/6 2474/2792/6 2471/2795/6
f 2469/2599/6 2473/2794/6 2470/2797/6
f 2468/2798/6 2366/2796/6 2365/2799/6
f 2467/2800/6 2471/2795/6 2468/2798/6
f 2466/2597/6 2470/2797/6 2467/2800/6
f 2465/2801/6 2365/2799/6 2364/2802/6
f 2464/2803/6 2468/2798/6 2465/2801/6
f 2463/2594/6 2467/2800/6 2464/2803/6
f 2455/2804/6 2364/2802/6 51/2805/6
f 2454/2806/6 2465/2801/6 2455/2804/6
f 2453/2595/6 2464/2803/6 2454/2806/6
f 53/2807/9 2703/2808/2 2633/2809/10
f 2459/2810/11 2706/2811/2 2703/2808/2
f 3160/2812/12 2709/114/2 2706/2811/2
f 2714/2813/1 50/2814/1 2628/2815/1
f 2717/2816/1 2458/2817/1 2714/2813/1
f 2720/111/1 2457/2818/1 2717/2816/1
f 2377/136/1 2619/2819/1 2376/2740/1
f 2622/2820/1 2620/2821/1 2619/2819/1
f 2623/2822/1 2621/2743/1 2620/2821/1
f 2376/2740/1 2616/2823/1 2375/2738/1
f 2619/2819/1 2617/2824/1 2616/2823/1
f 2620/2821/1 2618/2741/1 2617/2824/1
f 2375/2738/1 2534/2735/1 63/2734/1
f 2616/2823/1 2533/2736/1 2534/2735/1
f 2617/2824/1 2532/143/1 2533/2736/1
f 2612/2825/2 2384/2826/2 2385/2827/2
f 2611/2828/2 2615/2829/2 2612/2825/2
f 2610/2739/2 2614/2830/2 2611/2828/2
f 2609/2831/2 2385/2827/2 2386/2832/2
f 2608/2833/2 2612/2825/2 2609/2831/2
f 2607/2737/2 2611/2828/2 2608/2833/2
f 2535/2834/2 2386/2832/2 67/2835/2
f 2536/2836/2 2609/2831/2 2535/2834/2
f 2537/140/2 2608/2833/2 2536/2836/2
f 2603/2837/3 2298/148/3 2299/2537/3
f 2602/2838/3 2606/2839/3 2603/2837/3
f 2601/2591/3 2605/2840/3 2602/2838/3
f 2600/2841/3 2299/2537/3 2300/2535/3
f 2599/2842/3 2603/2837/3 2600/2841/3
f 2598/2589/3 2602/2838/3 2599/2842/3
f 2597/2843/3 2300/2535/3 2301/2533/3
f 2596/2844/3 2600/2841/3 2597/2843/3
f 2595/2587/3 2599/2842/3 2596/2844/3
f 2594/2845/3 2301/2533/3 2302/2531/3
f 2593/2846/3 2597/2843/3 2594/2845/3
f 2592/2585/3 2596/2844/3 2593/2846/3
f 2591/2847/3 2302/2531/3 2303/2529/3
f 2590/2848/3 2594/2845/3 2591/2847/3
f 2589/2583/3 2593/2846/3 2590/2848/3
f 2588/2849/3 2303/2529/3 2304/2527/3
f 2587/2850/3 2591/2847/3 2588/2849/3
f 2586/2581/3 2590/2848/3 2587/2850/3
f 2585/2851/3 2304/2527/3 2305/2525/3
f 2584/2852/3 2588/2849/3 2585/2851/3
f 2583/2579/3 2587/2850/3 2584/2852/3
f 2582/2853/3 2305/2525/3 2306/2523/3
f 2581/2854/3 2585/2851/3 2582/2853/3
f 2580/2577/3 2584/2852/3 2581/2854/3
f 2579/2855/3 2306/2523/3 2307/2521/3
f 2578/2856/3 2582/2853/3 2579/2855/3
f 2577/2575/3 2581/2854/3 2578/2856/3
f 2576/2857/3 2307/2521/3 2308/2519/3
f 2575/2858/3 2579/2855/3 2576/2857/3
f 2574/2572/3 2578/2856/3 2575/2858/3
f 2534/2859/3 2308/2519/3 63/2516/3
f 2533/2860/3 2576/2857/3 2534/2859/3
f 2532/2573/3 2575/2858/3 2533/2860/3
f 2570/2861/5 2319/142/5 2318/2570/5
f 2569/2862/5 2573/2863/5 2570/2861/5
f 2568/2548/5 2572/2864/5 2569/2862/5
f 2567/2865/5 2318/2570/5 2317/2568/5
f 2566/2866/5 2570/2861/5 2567/2865/5
f 2565/2547/5 2569/2862/5 2566/2866/5
f 2564/2867/5 2317/2568/5 2316/2566/5
f 2563/2868/5 2567/2865/5 2564/2867/5
f 2562/2546/5 2566/2866/5 2563/2868/5
f 2561/2869/5 2316/2566/5 2315/2564/5
f 2560/2870/5 2564/2867/5 2561/2869/5
f 2559/2545/5 2563/2868/5 2560/2870/5
f 2558/2871/5 2315/2564/5 2314/2562/5
f 2557/2872/5 2561/2869/5 2558/2871/5
f 2556/2544/5 2560/2870/5 2557/2872/5
f 2555/2873/5 2314/2562/5 2313/2560/5
f 2554/2874/5 2558/2871/5 2555/2873/5
f 2553/2543/5 2557/2872/5 2554/2874/5
f 2552/2875/5 2313/2560/5 2312/2558/5
f 2551/2876/5 2555/2873/5 2552/2875/5
f 2550/2542/5 2554/2874/5 2551/2876/5
f 2549/2877/5 2312/2558/5 2311/2556/5
f 2548/2878/5 2552/2875/5 2549/2877/5
f 2547/2541/5 2551/2876/5 2548/2878/5
f 2546/2879/5 2311/2556/5 2310/2554/5
f 2545/2880/5 2549/2877/5 2546/2879/5
f 2544/2540/5 2548/2878/5 2545/2880/5
f 2543/2881/5 2310/2554/5 2309/2552/5
f 2542/2882/5 2546/2879/5 2543/2881/5
f 2541/2538/5 2545/2880/5 2542/2882/5
f 2531/2883/5 2309/2552/5 66/2549/5
f 2530/2884/5 2543/2881/5 2531/2883/5
f 2529/2539/5 2542/2882/5 2530/2884/5
f 2573/2863/5 70/2742/5 2319/142/5
f 2572/2864/5 2538/2885/5 2573/2863/5
f 2571/147/5 2539/2886/5 2572/2864/5
f 2606/2839/3 67/2835/3 2298/148/3
f 2605/2840/3 2535/2834/3 2606/2839/3
f 2604/141/3 2536/2836/3 2605/2840/3
f 2615/2829/2 69/1364/2 2384/2826/2
f 2614/2830/2 2540/1635/2 2615/2829/2
f 2613/138/2 2539/1636/2 2614/2830/2
f 65/1637/1 2622/2820/1 2377/136/1
f 2529/1638/1 2623/2822/1 2622/2820/1
f 2530/1639/1 2624/135/1 2623/2822/1
f 2455/112/1 2715/2887/1 2454/2812/1
f 2718/2888/1 2716/2889/1 2715/2887/1
f 2719/2890/1 2717/2816/1 2716/2889/1
f 2454/2812/1 2712/2891/1 2453/2810/1
f 2715/2887/1 2713/2892/1 2712/2891/1
f 2716/2889/1 2714/2813/1 2713/2892/1
f 2453/2810/1 2630/2893/1 49/2807/1
f 2712/2891/1 2629/2894/1 2630/2893/1
f 2713/2892/1 2628/2815/1 2629/2894/1
f 2708/2895/2 2461/2896/13 2462/2897/13
f 2707/2898/2 2711/2899/2 2708/2895/2
f 2706/2811/2 2710/2900/2 2707/2898/2
f 2705/2901/2 2462/2897/13 3159/2902/14
f 2704/2903/2 2708/2895/2 2705/2901/2
f 2703/2808/2 2707/2898/2 2704/2903/2
f 2631/2904/15 3159/2902/14 3157/2905/16
f 2632/2906/10 2705/2901/2 2631/2904/15
f 2633/2809/10 2704/2903/2 2632/2906/10
f 2699/2907/3 2342/2908/3 2343/2614/3
f 2698/2909/3 2702/2910/3 2699/2907/3
f 2697/2669/3 2701/2911/3 2698/2909/3
f 2696/2912/3 2343/2614/3 2344/2612/3
f 2695/2913/3 2699/2907/3 2696/2912/3
f 2694/2667/3 2698/2909/3 2695/2913/3
f 2693/2914/3 2344/2612/3 2345/2610/3
f 2692/2915/3 2696/2912/3 2693/2914/3
f 2691/2665/3 2695/2913/3 2692/2915/3
f 2690/2916/3 2345/2610/3 2346/2608/3
f 2689/2917/3 2693/2914/3 2690/2916/3
f 2688/2663/3 2692/2915/3 2689/2917/3
f 2687/2918/3 2346/2608/3 2347/2606/3
f 2686/2919/3 2690/2916/3 2687/2918/3
f 2685/2661/3 2689/2917/3 2686/2919/3
f 2684/2920/3 2347/2606/3 2348/2604/3
f 2683/2921/3 2687/2918/3 2684/2920/3
f 2682/2659/3 2686/2919/3 2683/2921/3
f 2681/2922/3 2348/2604/3 2349/2602/3
f 2680/2923/3 2684/2920/3 2681/2922/3
f 2679/2657/3 2683/2921/3 2680/2923/3
f 2678/2924/3 2349/2602/3 2350/2600/3
f 2677/2925/3 2681/2922/3 2678/2924/3
f 2676/2655/3 2680/2923/3 2677/2925/3
f 2675/2926/3 2350/2600/3 2351/2598/3
f 2674/2927/3 2678/2924/3 2675/2926/3
f 2673/2653/3 2677/2925/3 2674/2927/3
f 2672/2928/3 2351/2598/3 2352/2596/3
f 2671/2929/3 2675/2926/3 2672/2928/3
f 2670/2651/3 2674/2927/3 2671/2929/3
f 2630/2930/3 2352/2596/3 49/2593/3
f 2629/2931/3 2672/2928/3 2630/2930/3
f 2628/119/3 2671/2929/3 2629/2931/3
f 2666/2932/5 2363/2933/5 2362/2648/5
f 2665/2934/5 2669/2935/5 2666/2932/5
f 2664/2626/5 2668/2936/5 2665/2934/5
f 2663/2937/5 2362/2648/5 2361/2646/5
f 2662/2938/5 2666/2932/5 2663/2937/5
f 2661/2625/5 2665/2934/5 2662/2938/5
f 2660/2939/5 2361/2646/5 2360/2644/5
f 2659/2940/5 2663/2937/5 2660/2939/5
f 2658/2624/5 2662/2938/5 2659/2940/5
f 2657/2941/5 2360/2644/5 2359/2642/5
f 2656/2942/5 2660/2939/5 2657/2941/5
f 2655/2623/5 2659/2940/5 2656/2942/5
f 2654/2943/5 2359/2642/5 2358/2640/5
f 2653/2944/5 2657/2941/5 2654/2943/5
f 2652/2622/5 2656/2942/5 2653/2944/5
f 2651/2945/5 2358/2640/5 2357/2638/5
f 2650/2946/5 2654/2943/5 2651/2945/5
f 2649/2621/5 2653/2944/5 2650/2946/5
f 2648/2947/5 2357/2638/5 2356/2636/5
f 2647/2948/5 2651/2945/5 2648/2947/5
f 2646/2620/5 2650/2946/5 2647/2948/5
f 2645/2949/5 2356/2636/5 2355/2634/5
f 2644/2950/5 2648/2947/5 2645/2949/5
f 2643/2619/5 2647/2948/5 2644/2950/5
f 2642/2951/5 2355/2634/5 2354/2632/5
f 2641/2952/5 2645/2949/5 2642/2951/5
f 2640/2618/5 2644/2950/5 2641/2952/5
f 2639/2953/5 2354/2632/5 2353/2630/5
f 2638/2954/5 2642/2951/5 2639/2953/5
f 2637/2616/5 2641/2952/5 2638/2954/5
f 2627/2955/5 2353/2630/5 52/2628/5
f 2626/2956/5 2639/2953/5 2627/2955/5
f 2625/2617/5 2638/2954/5 2626/2956/5
f 2711/2899/2 54/1762/17 2461/2896/13
f 2710/2900/2 2636/1769/18 2711/2899/2
f 2709/114/2 2635/1776/18 2710/2900/2
f 51/1789/1 2718/2888/1 2455/112/1
f 2625/1941/1 2719/2890/1 2718/2888/1
f 2626/1948/1 2720/111/1 2719/2890/1
f 71/2957/6 3073/2958/6 3061/2959/6
f 2742/2960/6 3076/2961/6 3073/2958/6
f 2741/2962/6 3079/2963/6 3076/2961/6
f 2740/2964/6 3082/2965/6 3079/2963/6
f 2739/2966/6 3085/2967/6 3082/2965/6
f 2738/2968/6 3088/2969/6 3085/2967/6
f 2737/2970/6 3091/2971/6 3088/2969/6
f 2736/2972/6 3094/2973/6 3091/2971/6
f 2735/2974/6 3097/2975/6 3094/2973/6
f 2734/2976/6 3100/2977/6 3097/2975/6
f 2733/2978/6 3103/168/6 3100/2977/6
f 73/2729/5 2821/2979/5 2809/2980/5
f 2754/2726/5 2824/2981/5 2821/2979/5
f 2755/2723/5 2827/2982/5 2824/2981/5
f 2756/2720/5 2830/2983/5 2827/2982/5
f 2757/2717/5 2833/2984/5 2830/2983/5
f 2758/2714/5 2836/2985/5 2833/2984/5
f 2759/2711/5 2839/2986/5 2836/2985/5
f 2760/2708/5 2842/2987/5 2839/2986/5
f 2761/2705/5 2845/2988/5 2842/2987/5
f 2762/2702/5 2848/2989/5 2845/2988/5
f 2763/2697/5 2851/165/5 2848/2989/5
f 74/2990/4 3106/2991/4 3064/2992/4
f 2743/2993/4 3109/2994/4 3106/2991/4
f 2744/2995/4 3112/2996/4 3109/2994/4
f 2745/2997/4 3115/2998/4 3112/2996/4
f 2746/2999/4 3118/3000/4 3115/2998/4
f 2747/3001/4 3121/3002/4 3118/3000/4
f 2748/3003/4 3124/3004/4 3121/3002/4
f 2749/3005/4 3127/3006/4 3124/3004/4
f 2750/3007/4 3130/3008/4 3127/3006/4
f 2751/3009/4 3133/3010/4 3130/3008/4
f 2752/3011/4 3136/162/4 3133/3010/4
f 72/3012/3 2854/3013/3 2812/3014/3
f 2721/3015/3 2857/3016/3 2854/3013/3
f 2722/3017/3 2860/3018/3 2857/3016/3
f 2723/3019/3 2863/3020/3 2860/3018/3
f 2724/3021/3 2866/3022/3 2863/3020/3
f 2725/3023/3 2869/3024/3 2866/3022/3
f 2726/3025/3 2872/3026/3 2869/3024/3
f 2727/3027/3 2875/3028/3 2872/3026/3
f 2728/3029/3 2878/3030/3 2875/3028/3
f 2729/3031/3 2881/3032/3 2878/3030/3
f 2730/3033/3 2884/159/3 2881/3032/3
f 55/3034/6 2977/3035/6 2965/3036/6
f 2786/3037/6 2980/3038/6 2977/3035/6
f 2785/3039/6 2983/3040/6 2980/3038/6
f 2784/3041/6 2986/3042/6 2983/3040/6
f 2783/3043/6 2989/3044/6 2986/3042/6
f 2782/3045/6 2992/3046/6 2989/3044/6
f 2781/3047/6 2995/3048/6 2992/3046/6
f 2780/3049/6 2998/3050/6 2995/3048/6
f 2779/3051/6 3001/3052/6 2998/3050/6
f 2778/3053/6 3004/3054/6 3001/3052/6
f 2777/3055/6 3007/132/6 3004/3054/6
f 57/1500/5 2899/3056/5 2887/3057/5
f 2798/1497/5 2902/3058/5 2899/3056/5
f 2799/1494/5 2905/3059/5 2902/3058/5
f 2800/1491/5 2908/3060/5 2905/3059/5
f 2801/3061/5 2911/3062/5 2908/3060/5
f 2802/3063/5 2914/3064/5 2911/3062/5
f 2803/3065/5 2917/3066/5 2914/3064/5
f 2804/1479/5 2920/3067/5 2917/3066/5
f 2805/1476/5 2923/3068/5 2920/3067/5
f 2806/1473/5 2926/3069/5 2923/3068/5
f 2807/1468/5 2929/129/5 2926/3069/5
f 58/3070/4 3010/3071/4 2968/151/4
f 2787/3072/4 3013/3073/4 3010/3071/4
f 2788/3074/4 3016/3075/4 3013/3073/4
f 2789/3076/4 3019/3077/4 3016/3075/4
f 2790/3078/4 3022/3079/4 3019/3077/4
f 2791/3080/4 3025/3081/4 3022/3079/4
f 2792/3082/4 3028/3083/4 3025/3081/4
f 2793/3084/4 3031/3085/4 3028/3083/4
f 2794/3086/4 3034/3087/4 3031/3085/4
f 2795/3088/4 3037/3089/4 3034/3087/4
f 2796/3090/4 3040/126/4 3037/3089/4
f 56/3091/3 2932/3092/3 2890/155/3
f 2765/3093/3 2935/3094/3 2932/3092/3
f 2766/3095/3 2938/3096/3 2935/3094/3
f 2767/3097/3 2941/3098/3 2938/3096/3
f 2768/3099/3 2944/3100/3 2941/3098/3
f 2769/3101/3 2947/3102/3 2944/3100/3
f 2770/3103/3 2950/3104/3 2947/3102/3
f 2771/3105/3 2953/3106/3 2950/3104/3
f 2772/3107/3 2956/3108/3 2953/3106/3
f 2773/3109/3 2959/3110/3 2956/3108/3
f 2774/3111/3 2962/123/3 2959/3110/3
f 2883/3112/3 2732/166/3 2733/2978/3
f 2882/3113/3 2886/3114/3 2883/3112/3
f 2881/3032/3 2885/3115/3 2882/3113/3
f 2880/3116/3 2733/2978/3 2734/2976/3
f 2879/3117/3 2883/3112/3 2880/3116/3
f 2878/3030/3 2882/3113/3 2879/3117/3
f 2877/3118/3 2734/2976/3 2735/2974/3
f 2876/3119/3 2880/3116/3 2877/3118/3
f 2875/3028/3 2879/3117/3 2876/3119/3
f 2874/3120/3 2735/2974/3 2736/2972/3
f 2873/3121/3 2877/3118/3 2874/3120/3
f 2872/3026/3 2876/3119/3 2873/3121/3
f 2871/3122/3 2736/2972/3 2737/2970/3
f 2870/3123/3 2874/3120/3 2871/3122/3
f 2869/3024/3 2873/3121/3 2870/3123/3
f 2868/3124/3 2737/2970/3 2738/2968/3
f 2867/3125/3 2871/3122/3 2868/3124/3
f 2866/3022/3 2870/3123/3 2867/3125/3
f 2865/3126/3 2738/2968/3 2739/2966/3
f 2864/3127/3 2868/3124/3 2865/3126/3
f 2863/3020/3 2867/3125/3 2864/3127/3
f 2862/3128/3 2739/2966/3 2740/2964/3
f 2861/3129/3 2865/3126/3 2862/3128/3
f 2860/3018/3 2864/3127/3 2861/3129/3
f 2859/3130/3 2740/2964/3 2741/2962/3
f 2858/3131/3 2862/3128/3 2859/3130/3
f 2857/3016/3 2861/3129/3 2858/3131/3
f 2856/3132/3 2741/2962/3 2742/2960/3
f 2855/3133/3 2859/3130/3 2856/3132/3
f 2854/3013/3 2858/3131/3 2855/3133/3
f 2814/3134/3 2742/2960/3 71/2957/3
f 2813/3135/3 2856/3132/3 2814/3134/3
f 2812/3014/3 2855/3133/3 2813/3135/3
f 2850/3136/5 2753/160/5 2752/3011/5
f 2849/3137/5 2853/3138/5 2850/3136/5
f 2848/2989/5 2852/3139/5 2849/3137/5
f 2847/3140/5 2752/3011/5 2751/3009/5
f 2846/3141/5 2850/3136/5 2847/3140/5
f 2845/2988/5 2849/3137/5 2846/3141/5
f 2844/3142/5 2751/3009/5 2750/3007/5
f 2843/3143/5 2847/3140/5 2844/3142/5
f 2842/2987/5 2846/3141/5 2843/3143/5
f 2841/3144/5 2750/3007/5 2749/3005/5
f 2840/3145/5 2844/3142/5 2841/3144/5
f 2839/2986/5 2843/3143/5 2840/3145/5
f 2838/3146/5 2749/3005/5 2748/3003/5
f 2837/3147/5 2841/3144/5 2838/3146/5
f 2836/2985/5 2840/3145/5 2837/3147/5
f 2835/3148/5 2748/3003/5 2747/3001/5
f 2834/3149/5 2838/3146/5 2835/3148/5
f 2833/2984/5 2837/3147/5 2834/3149/5
f 2832/3150/5 2747/3001/5 2746/2999/5
f 2831/3151/5 2835/3148/5 2832/3150/5
f 2830/2983/5 2834/3149/5 2831/3151/5
f 2829/3152/5 2746/2999/5 2745/2997/5
f 2828/3153/5 2832/3150/5 2829/3152/5
f 2827/2982/5 2831/3151/5 2828/3153/5
f 2826/3154/5 2745/2997/5 2744/2995/5
f 2825/3155/5 2829/3152/5 2826/3154/5
f 2824/2981/5 2828/3153/5 2825/3155/5
f 2823/3156/5 2744/2995/5 2743/2993/5
f 2822/3157/5 2826/3154/5 2823/3156/5
f 2821/2979/5 2825/3155/5 2822/3157/5
f 2811/3158/5 2743/2993/5 74/2990/5
f 2810/3159/5 2823/3156/5 2811/3158/5
f 2809/2980/5 2822/3157/5 2810/3159/5
f 2853/3138/5 78/3160/5 2753/160/5
f 2852/3139/5 2818/3161/5 2853/3138/5
f 2851/165/5 2819/3162/5 2852/3139/5
f 2886/3114/3 75/3163/3 2732/166/3
f 2885/3115/3 2815/3164/3 2886/3114/3
f 2884/159/3 2816/3165/3 2885/3115/3
f 3141/3166/2 77/3034/2 3070/3167/2
f 3144/3168/2 2820/3169/2 3141/3166/2
f 3147/156/2 2819/3170/2 3144/3168/2
f 73/3091/1 3148/3171/1 3063/154/1
f 2809/3172/1 3151/3173/1 3148/3171/1
f 2810/3174/1 3154/153/1 3151/3173/1
f 2961/3175/3 2776/130/3 2777/3055/3
f 2960/3176/3 2964/3177/3 2961/3175/3
f 2959/3110/3 2963/3178/3 2960/3176/3
f 2958/3179/3 2777/3055/3 2778/3053/3
f 2957/3180/3 2961/3175/3 2958/3179/3
f 2956/3108/3 2960/3176/3 2957/3180/3
f 2955/3181/3 2778/3053/3 2779/3051/3
f 2954/3182/3 2958/3179/3 2955/3181/3
f 2953/3106/3 2957/3180/3 2954/3182/3
f 2952/3183/3 2779/3051/3 2780/3049/3
f 2951/3184/3 2955/3181/3 2952/3183/3
f 2950/3104/3 2954/3182/3 2951/3184/3
f 2949/3185/3 2780/3049/3 2781/3047/3
f 2948/3186/3 2952/3183/3 2949/3185/3
f 2947/3102/3 2951/3184/3 2948/3186/3
f 2946/3187/3 2781/3047/3 2782/3045/3
f 2945/3188/3 2949/3185/3 2946/3187/3
f 2944/3100/3 2948/3186/3 2945/3188/3
f 2943/3189/3 2782/3045/3 2783/3043/3
f 2942/3190/3 2946/3187/3 2943/3189/3
f 2941/3098/3 2945/3188/3 2942/3190/3
f 2940/3191/3 2783/3043/3 2784/3041/3
f 2939/3192/3 2943/3189/3 2940/3191/3
f 2938/3096/3 2942/3190/3 2939/3192/3
f 2937/3193/3 2784/3041/3 2785/3039/3
f 2936/3194/3 2940/3191/3 2937/3193/3
f 2935/3094/3 2939/3192/3 2936/3194/3
f 2934/3195/3 2785/3039/3 2786/3037/3
f 2933/3196/3 2937/3193/3 2934/3195/3
f 2932/3092/3 2936/3194/3 2933/3196/3
f 2892/3169/3 2786/3037/3 55/3034/3
f 2891/3170/3 2934/3195/3 2892/3169/3
f 2890/155/3 2933/3196/3 2891/3170/3
f 2928/3197/5 2797/124/5 2796/3090/5
f 2927/3198/5 2931/3199/5 2928/3197/5
f 2926/3069/5 2930/3200/5 2927/3198/5
f 2925/3201/5 2796/3090/5 2795/3088/5
f 2924/3202/5 2928/3197/5 2925/3201/5
f 2923/3068/5 2927/3198/5 2924/3202/5
f 2922/3203/5 2795/3088/5 2794/3086/5
f 2921/3204/5 2925/3201/5 2922/3203/5
f 2920/3067/5 2924/3202/5 2921/3204/5
f 2919/3205/5 2794/3086/5 2793/3084/5
f 2918/3206/5 2922/3203/5 2919/3205/5
f 2917/3066/5 2921/3204/5 2918/3206/5
f 2916/3207/5 2793/3084/5 2792/3082/5
f 2915/3208/5 2919/3205/5 2916/3207/5
f 2914/3064/5 2918/3206/5 2915/3208/5
f 2913/3209/5 2792/3082/5 2791/3080/5
f 2912/3210/5 2916/3207/5 2913/3209/5
f 2911/3062/5 2915/3208/5 2912/3210/5
f 2910/3211/5 2791/3080/5 2790/3078/5
f 2909/3212/5 2913/3209/5 2910/3211/5
f 2908/3060/5 2912/3210/5 2909/3212/5
f 2907/3213/5 2790/3078/5 2789/3076/5
f 2906/3214/5 2910/3211/5 2907/3213/5
f 2905/3059/5 2909/3212/5 2906/3214/5
f 2904/3215/5 2789/3076/5 2788/3074/5
f 2903/3216/5 2907/3213/5 2904/3215/5
f 2902/3058/5 2906/3214/5 2903/3216/5
f 2901/3217/5 2788/3074/5 2787/3072/5
f 2900/3218/5 2904/3215/5 2901/3217/5
f 2899/3056/5 2903/3216/5 2900/3218/5
f 2889/3219/5 2787/3072/5 58/3070/5
f 2888/3220/5 2901/3217/5 2889/3219/5
f 2887/3057/5 2900/3218/5 2888/3220/5
f 2931/3199/5 62/3221/5 2797/124/5
f 2930/3200/5 2896/3222/5 2931/3199/5
f 2929/129/5 2897/3223/5 2930/3200/5
f 2964/3177/3 59/3224/3 2776/130/3
f 2963/3178/3 2893/3225/3 2964/3177/3
f 2962/123/3 2894/3226/3 2963/3178/3
f 3045/3227/2 61/2593/2 2974/3228/2
f 3048/3229/2 2898/2930/2 3045/3227/2
f 3051/120/2 2897/2931/2 3048/3229/2
f 57/2650/1 3052/3230/1 2967/118/1
f 2887/2769/1 3055/3231/1 3052/3230/1
f 2888/2770/1 3058/117/1 3055/3231/1
f 3057/3232/1 2890/125/1 2891/3233/1
f 3056/3234/1 3060/3235/1 3057/3232/1
f 3055/3231/1 3059/3236/1 3056/3234/1
f 3054/3237/1 2891/3233/1 2892/3238/1
f 3053/3239/1 3057/3232/1 3054/3237/1
f 3052/3230/1 3056/3234/1 3053/3239/1
f 2965/3240/1 2892/3238/1 55/3241/1
f 2965/3240/1 3053/3239/1 3054/3237/1
f 2967/118/1 3053/3239/1 2966/3242/1
f 2895/122/2 3046/3243/2 2894/3226/2
f 3049/3244/2 3047/3245/2 3046/3243/2
f 3050/3246/2 3048/3229/2 3047/3245/2
f 2894/3226/2 3043/3247/2 2893/3225/2
f 3046/3243/2 3044/3248/2 3043/3247/2
f 3047/3245/2 3045/3227/2 3044/3248/2
f 2893/3225/2 2976/3249/2 59/3224/2
f 3043/3247/2 2975/3250/2 2976/3249/2
f 3044/3248/2 2974/3228/2 2975/3250/2
f 3039/3251/4 2775/121/4 2774/3111/4
f 3038/3252/4 3042/3253/4 3039/3251/4
f 3037/3089/4 3041/3254/4 3038/3252/4
f 3036/3255/4 2774/3111/4 2773/3109/4
f 3035/3256/4 3039/3251/4 3036/3255/4
f 3034/3087/4 3038/3252/4 3035/3256/4
f 3033/3257/4 2773/3109/4 2772/3107/4
f 3032/3258/4 3036/3255/4 3033/3257/4
f 3031/3085/4 3035/3256/4 3032/3258/4
f 3030/3259/4 2772/3107/4 2771/3105/4
f 3029/3260/4 3033/3257/4 3030/3259/4
f 3028/3083/4 3032/3258/4 3029/3260/4
f 3027/3261/4 2771/3105/4 2770/3103/4
f 3026/3262/4 3030/3259/4 3027/3261/4
f 3025/3081/4 3029/3260/4 3026/3262/4
f 3024/3263/4 2770/3103/4 2769/3101/4
f 3023/3264/4 3027/3261/4 3024/3263/4
f 3022/3079/4 3026/3262/4 3023/3264/4
f 3021/3265/4 2769/3101/4 2768/3099/4
f 3020/3266/4 3024/3263/4 3021/3265/4
f 3019/3077/4 3023/3264/4 3020/3266/4
f 3018/3267/4 2768/3099/4 2767/3097/4
f 3017/3268/4 3021/3265/4 3018/3267/4
f 3016/3075/4 3020/3266/4 3017/3268/4
f 3015/3269/4 2767/3097/4 2766/3095/4
f 3014/3270/4 3018/3267/4 3015/3269/4
f 3013/3073/4 3017/3268/4 3014/3270/4
f 3012/3271/4 2766/3095/4 2765/3093/4
f 3011/3272/4 3015/3269/4 3012/3271/4
f 3010/3071/4 3014/3270/4 3011/3272/4
f 2970/3172/4 2765/3093/4 56/3091/4
f 2969/3174/4 3012/3271/4 2970/3172/4
f 2968/151/4 3011/3272/4 2969/3174/4
f 3006/3273/6 2808/3274/6 2807/3275/6
f 3005/3276/6 3009/3277/6 3006/3273/6
f 3005/3276/6 3007/132/6 3008/3278/6
f 3003/3279/6 2807/3275/6 2806/3280/6
f 3002/3281/6 3006/3273/6 3003/3279/6
f 3002/3281/6 3004/3054/6 3005/3276/6
f 3000/3282/6 2806/3280/6 2805/3283/6
f 2999/3284/6 3003/3279/6 3000/3282/6
f 2998/3050/6 3002/3281/6 2999/3284/6
f 2804/3285/6 3000/3282/6 2805/3283/6
f 2996/3286/6 3000/3282/6 2997/3287/6
f 2995/3048/6 2999/3284/6 2996/3286/6
f 2994/3288/6 2804/3285/6 2803/3289/6
f 2993/3290/6 2997/3287/6 2994/3288/6
f 2992/3046/6 2996/3286/6 2993/3290/6
f 2991/3291/6 2803/3289/6 2802/3292/6
f 2991/3291/6 2993/3290/6 2994/3288/6
f 2989/3044/6 2993/3290/6 2990/3293/6
f 2801/3294/6 2991/3291/6 2802/3292/6
f 2987/3295/6 2991/3291/6 2988/3296/6
f 2986/3042/6 2990/3293/6 2987/3295/6
f 2800/3297/6 2988/3296/6 2801/3294/6
f 2985/3298/6 2987/3295/6 2988/3296/6
f 2983/3040/6 2987/3295/6 2984/3299/6
f 2799/3300/6 2985/3298/6 2800/3297/6
f 2982/3301/6 2984/3299/6 2985/3298/6
f 2980/3038/6 2984/3299/6 2981/3302/6
f 2798/3303/6 2982/3301/6 2799/3300/6
f 2978/3304/6 2982/3301/6 2979/3305/6
f 2977/3035/6 2981/3302/6 2978/3304/6
f 2967/3306/6 2798/3303/6 57/3307/6
f 2966/3308/6 2979/3305/6 2967/3306/6
f 2965/3036/6 2978/3304/6 2966/3308/6
f 3009/3277/6 61/3309/6 2808/3274/6
f 3008/3278/6 2974/3310/6 3009/3277/6
f 3007/132/6 2975/3311/6 3008/3278/6
f 3042/3253/4 60/3241/4 2775/121/4
f 3041/3254/4 2971/3238/4 3042/3253/4
f 3040/126/4 2972/3233/4 3041/3254/4
f 60/3241/2 3049/3244/2 2895/122/2
f 2971/3240/2 3050/3246/2 3049/3244/2
f 2972/3242/2 3051/120/2 3050/3246/2
f 3060/3235/1 56/3221/1 2890/125/1
f 3059/3236/1 2970/3312/1 3060/3235/1
f 3058/117/1 2969/3313/1 3059/3236/1
f 3153/3314/1 2812/161/1 2813/3315/1
f 3152/3316/1 3156/3317/1 3153/3314/1
f 3151/3173/1 3155/3318/1 3152/3316/1
f 3150/3319/1 2813/3315/1 2814/3320/1
f 3149/3321/1 3153/3314/1 3150/3319/1
f 3148/3171/1 3152/3316/1 3149/3321/1
f 3061/3322/1 2814/3320/1 71/3323/1
f 3061/3322/1 3149/3321/1 3150/3319/1
f 3063/154/1 3149/3321/1 3062/3324/1
f 2817/158/2 3142/3325/2 2816/3165/2
f 3145/3326/2 3143/3327/2 3142/3325/2
f 3146/3328/2 3144/3168/2 3143/3327/2
f 2816/3165/2 3139/3329/2 2815/3164/2
f 3142/3325/2 3140/3330/2 3139/3329/2
f 3143/3327/2 3141/3166/2 3140/3330/2
f 2815/3164/2 3072/3331/2 75/3163/2
f 3139/3329/2 3071/3332/2 3072/3331/2
f 3140/3330/2 3070/3167/2 3071/3332/2
f 3135/3333/4 2731/157/4 2730/3033/4
f 3134/3334/4 3138/3335/4 3135/3333/4
f 3133/3010/4 3137/3336/4 3134/3334/4
f 3132/3337/4 2730/3033/4 2729/3031/4
f 3131/3338/4 3135/3333/4 3132/3337/4
f 3130/3008/4 3134/3334/4 3131/3338/4
f 3129/3339/4 2729/3031/4 2728/3029/4
f 3128/3340/4 3132/3337/4 3129/3339/4
f 3127/3006/4 3131/3338/4 3128/3340/4
f 3126/3341/4 2728/3029/4 2727/3027/4
f 3125/3342/4 3129/3339/4 3126/3341/4
f 3124/3004/4 3128/3340/4 3125/3342/4
f 3123/3343/4 2727/3027/4 2726/3025/4
f 3122/3344/4 3126/3341/4 3123/3343/4
f 3121/3002/4 3125/3342/4 3122/3344/4
f 3120/3345/4 2726/3025/4 2725/3023/4
f 3119/3346/4 3123/3343/4 3120/3345/4
f 3118/3000/4 3122/3344/4 3119/3346/4
f 3117/3347/4 2725/3023/4 2724/3021/4
f 3116/3348/4 3120/3345/4 3117/3347/4
f 3115/2998/4 3119/3346/4 3116/3348/4
f 3114/3349/4 2724/3021/4 2723/3019/4
f 3113/3350/4 3117/3347/4 3114/3349/4
f 3112/2996/4 3116/3348/4 3113/3350/4
f 3111/3351/4 2723/3019/4 2722/3017/4
f 3110/3352/4 3114/3349/4 3111/3351/4
f 3109/2994/4 3113/3350/4 3110/3352/4
f 3108/3353/4 2722/3017/4 2721/3015/4
f 3107/3354/4 3111/3351/4 3108/3353/4
f 3106/2991/4 3110/3352/4 3107/3354/4
f 3066/3355/4 2721/3015/4 72/3012/4
f 3065/3356/4 3108/3353/4 3066/3355/4
f 3064/2992/4 3107/3354/4 3065/3356/4
f 3102/3357/6 2764/3358/6 2763/3359/6
f 3101/3360/6 3105/3361/6 3102/3357/6
f 3101/3360/6 3103/168/6 3104/3362/6
f 3099/3363/6 2763/3359/6 2762/3364/6
f 3098/3365/6 3102/3357/6 3099/3363/6
f 3098/3365/6 3100/2977/6 3101/3360/6
f 3096/3366/6 2762/3364/6 2761/3367/6
f 3095/3368/6 3099/3363/6 3096/3366/6
f 3094/2973/6 3098/3365/6 3095/3368/6
f 2760/3369/6 3096/3366/6 2761/3367/6
f 3092/3370/6 3096/3366/6 3093/3371/6
f 3091/2971/6 3095/3368/6 3092/3370/6
f 3090/3372/6 2760/3369/6 2759/3373/6
f 3089/3374/6 3093/3371/6 3090/3372/6
f 3088/2969/6 3092/3370/6 3089/3374/6
f 3087/3375/6 2759/3373/6 2758/3376/6
f 3087/3375/6 3089/3374/6 3090/3372/6
f 3085/2967/6 3089/3374/6 3086/3377/6
f 2757/3378/6 3087/3375/6 2758/3376/6
f 3083/3379/6 3087/3375/6 3084/3380/6
f 3082/2965/6 3086/3377/6 3083/3379/6
f 2756/3381/6 3084/3380/6 2757/3378/6
f 3081/3382/6 3083/3379/6 3084/3380/6
f 3079/2963/6 3083/3379/6 3080/3383/6
f 2755/3384/6 3081/3382/6 2756/3381/6
f 3078/3385/6 3080/3383/6 3081/3382/6
f 3076/2961/6 3080/3383/6 3077/3386/6
f 2754/3387/6 3078/3385/6 2755/3384/6
f 3074/3388/6 3078/3385/6 3075/3389/6
f 3073/2958/6 3077/3386/6 3074/3388/6
f 3063/3390/6 2754/3387/6 73/3391/6
f 3062/3392/6 3075/3389/6 3063/3390/6
f 3061/2959/6 3074/3388/6 3062/3392/6
f 3105/3361/6 77/3393/6 2764/3358/6
f 3104/3362/6 3070/3394/6 3105/3361/6
f 3103/168/6 3071/3395/6 3104/3362/6
f 3138/3335/4 76/3323/4 2731/157/4
f 3137/3336/4 3067/3320/4 3138/3335/4
f 3136/162/4 3068/3315/4 3137/3336/4
f 76/3323/2 3145/3326/2 2817/158/2
f 3067/3322/2 3146/3328/2 3145/3326/2
f 3068/3324/2 3147/156/2 3146/3328/2
f 3156/3317/1 72/3160/1 2812/161/1
f 3155/3318/1 3066/3396/1 3156/3317/1
f 3154/153/1 3065/3397/1 3155/3318/1
f 2341/2747/3 2633/2809/19 2700/2671/3
f 2527/2750/4 2459/2893/20 2528/2749/4
f 2494/2776/6 2461/3398/21 2495/2775/6
f 2700/2671/3 2632/2906/19 2701/2911/3
f 2701/2911/3 2631/2904/22 2702/2910/3
f 2528/2749/4 53/2807/23 2341/2747/4
f 2495/2775/6 54/3399/24 2374/2772/6
f 2374/1289/5 2636/3400/25 2667/2627/5
f 2667/2627/5 2635/3401/25 2668/2936/5
f 2363/2933/4 2460/2815/26 2526/2649/4
f 2342/2908/6 3159/3402/27 2493/2615/6
f 2668/2936/5 2634/3403/28 2669/2935/5
f 2526/2649/4 3160/2894/29 2527/2750/4
f 2702/2910/3 3157/2905/30 2342/2908/3
f 2493/2615/6 2462/3404/21 2494/2776/6
f 2669/2935/5 3158/2814/31 2363/2933/5
f 845/1/1 4/3405/1 1068/2/1
f 1073/4/2 8/1044/2 860/5/2
f 877/7/3 6/1341/3 859/8/3
f 899/10/4 8/1005/4 1073/11/4
f 910/13/5 7/921/5 866/14/5
f 878/16/6 5/1018/6 1076/17/6
f 1313/19/1 12/1178/1 1232/20/1
f 1237/22/2 16/1253/2 1328/23/2
f 1195/25/3 14/1505/3 1327/26/3
f 1217/28/4 16/1712/4 1237/29/4
f 1228/31/5 15/998/5 1334/32/5
f 1196/34/6 13/1563/6 1240/35/6
f 556/37/1 20/3406/1 662/38/1
f 667/40/2 24/811/2 561/41/2
f 521/43/3 22/856/3 560/44/3
f 543/46/4 24/803/4 667/47/4
f 554/49/5 23/3407/5 562/50/5
f 522/52/6 21/805/6 670/53/6
f 608/55/1 28/739/1 752/56/1
f 832/58/2 757/846/2 32/59/2
f 477/61/3 30/932/3 612/62/3
f 824/64/4 499/827/4 32/65/4
f 510/67/5 31/3408/5 614/68/5
f 478/70/6 29/842/6 760/71/6
f 140/73/1 36/997/1 194/74/1
f 199/76/2 40/325/2 145/77/2
f 105/79/3 38/335/3 144/80/3
f 127/82/4 40/317/4 199/83/4
f 138/85/5 39/3409/5 146/86/5
f 106/88/6 37/319/6 202/89/6
f 310/91/1 282/3410/1 44/92/1
f 306/94/2 297/418/2 48/95/2
f 323/97/3 46/427/3 286/98/3
f 345/100/4 48/408/4 297/101/4
f 356/103/5 47/3411/5 288/104/5
f 433/106/6 324/411/6 45/107/6
f 2627/109/1 52/1961/1 2456/110/1
f 2460/112/7 3158/1789/32 2634/113/8
f 2889/115/1 58/2628/1 2968/116/1
f 2973/118/2 62/2650/2 2896/119/2
f 2775/121/3 60/3241/3 2895/122/3
f 2797/124/4 62/3221/4 2973/125/4
f 2808/127/5 61/1502/5 2898/128/5
f 2776/130/6 59/3224/6 2976/131/6
f 2531/133/1 66/1422/1 2378/134/1
f 2383/136/2 70/1637/2 2538/137/2
f 2297/139/3 68/2734/3 2537/140/3
f 2319/142/4 70/2742/4 2383/143/4
f 2330/145/5 69/402/5 2540/146/5
f 2298/148/6 67/2835/6 2386/149/6
f 2811/151/1 74/3070/1 3064/152/1
f 3069/154/2 78/3091/2 2818/155/2
f 2731/157/3 76/3323/3 2817/158/3
f 2753/160/4 78/3160/4 3069/161/4
f 2764/163/5 77/2731/5 2820/164/5
f 2732/166/6 75/3163/6 3072/167/6
f 1544/169/1 82/3412/1 1545/170/1
f 1572/172/2 86/2111/2 1573/173/2
f 1593/175/3 84/1864/3 1565/176/3
f 1607/178/4 86/1797/4 1572/179/4
f 1614/181/5 85/2119/5 1579/182/5
f 1594/184/6 83/1929/6 1586/185/6
f 1922/187/1 90/3413/1 1923/188/1
f 1950/190/2 94/2509/2 1951/191/2
f 1971/193/3 92/2262/3 1943/194/3
f 1985/196/4 94/2186/4 1950/197/4
f 1992/199/5 93/3414/5 1957/200/5
f 1972/202/6 91/2329/6 1964/203/6
f 33/205/6 116/208/6 203/206/6
f 116/208/6 115/210/6 206/209/6
f 115/210/6 114/212/6 209/211/6
f 114/212/6 113/214/6 212/213/6
f 113/214/6 112/216/6 215/215/6
f 112/216/6 111/218/6 218/217/6
f 111/218/6 110/220/6 221/219/6
f 110/220/6 109/222/6 224/221/6
f 109/222/6 108/224/6 227/223/6
f 108/224/6 107/226/6 230/225/6
f 107/226/6 106/88/6 233/90/6
f 35/227/5 128/230/5 147/228/5
f 128/230/5 129/232/5 149/231/5
f 129/232/5 130/234/5 151/233/5
f 130/234/5 131/236/5 153/235/5
f 131/236/5 132/238/5 155/237/5
f 132/238/5 133/240/5 157/239/5
f 133/240/5 134/242/5 159/241/5
f 134/242/5 135/244/5 161/243/5
f 135/244/5 136/246/5 163/245/5
f 136/246/5 137/248/5 165/247/5
f 137/248/5 138/85/5 167/87/5
f 36/249/4 117/252/4 236/250/4
f 117/252/4 118/254/4 239/253/4
f 118/254/4 119/256/4 242/255/4
f 119/256/4 120/258/4 245/257/4
f 120/258/4 121/260/4 248/259/4
f 121/260/4 122/262/4 251/261/4
f 122/262/4 123/264/4 254/263/4
f 123/264/4 124/266/4 257/265/4
f 124/266/4 125/268/4 260/267/4
f 125/268/4 126/270/4 263/269/4
f 126/270/4 127/82/4 266/84/4
f 34/271/3 95/274/3 169/272/3
f 95/274/3 96/276/3 171/275/3
f 96/276/3 97/278/3 173/277/3
f 97/278/3 98/280/3 175/279/3
f 98/280/3 99/282/3 177/281/3
f 99/282/3 100/284/3 179/283/3
f 100/284/3 101/286/3 181/285/3
f 101/286/3 102/288/3 183/287/3
f 102/288/3 103/290/3 185/289/3
f 103/290/3 104/292/3 187/291/3
f 104/292/3 105/79/3 189/81/3
f 188/293/3 190/294/3 106/88/3
f 187/291/3 189/81/3 190/294/3
f 186/295/3 188/293/3 107/226/3
f 185/289/3 187/291/3 188/293/3
f 184/296/3 186/295/3 108/224/3
f 183/287/3 185/289/3 186/295/3
f 182/297/3 184/296/3 109/222/3
f 181/285/3 183/287/3 184/296/3
f 180/298/3 182/297/3 110/220/3
f 179/283/3 181/285/3 182/297/3
f 178/299/3 180/298/3 111/218/3
f 177/281/3 179/283/3 180/298/3
f 176/300/3 178/299/3 112/216/3
f 175/279/3 177/281/3 178/299/3
f 174/301/3 176/300/3 113/214/3
f 173/277/3 175/279/3 176/300/3
f 172/302/3 174/301/3 114/212/3
f 171/275/3 173/277/3 174/301/3
f 170/303/3 172/302/3 115/210/3
f 169/272/3 171/275/3 172/302/3
f 142/304/3 170/303/3 116/208/3
f 141/273/3 169/272/3 170/303/3
f 166/305/5 168/306/5 127/82/5
f 165/247/5 167/87/5 168/306/5
f 164/307/5 166/305/5 126/270/5
f 163/245/5 165/247/5 166/305/5
f 162/308/5 164/307/5 125/268/5
f 161/243/5 163/245/5 164/307/5
f 160/309/5 162/308/5 124/266/5
f 159/241/5 161/243/5 162/308/5
f 158/310/5 160/309/5 123/264/5
f 157/239/5 159/241/5 160/309/5
f 156/311/5 158/310/5 122/262/5
f 155/237/5 157/239/5 158/310/5
f 154/312/5 156/311/5 121/260/5
f 153/235/5 155/237/5 156/311/5
f 152/313/5 154/312/5 120/258/5
f 151/233/5 153/235/5 154/312/5
f 150/314/5 152/313/5 119/256/5
f 149/231/5 151/233/5 152/313/5
f 148/315/5 150/314/5 118/254/5
f 147/228/5 149/231/5 150/314/5
f 140/316/5 148/315/5 117/252/5
f 139/229/5 147/228/5 148/315/5
f 168/306/5 145/318/5 40/317/5
f 167/87/5 146/86/5 145/318/5
f 190/294/3 143/320/3 37/319/3
f 189/81/3 144/80/3 143/320/3
f 271/321/2 146/324/2 39/322/2
f 274/78/2 145/77/2 146/324/2
f 35/325/1 139/327/1 275/326/1
f 139/327/1 140/73/1 278/75/1
f 277/328/1 280/332/1 141/329/1
f 276/331/1 279/333/1 280/332/1
f 275/326/1 278/75/1 279/333/1
f 191/334/1 277/328/1 142/330/1
f 192/336/1 276/331/1 277/328/1
f 193/76/1 275/326/1 276/331/1
f 144/80/2 272/338/2 269/337/2
f 272/338/2 273/340/2 270/339/2
f 273/340/2 274/78/2 271/321/2
f 143/320/2 269/337/2 202/341/2
f 269/337/2 270/339/2 201/342/2
f 270/339/2 271/321/2 200/323/2
f 265/343/4 268/345/4 105/79/4
f 264/344/4 267/346/4 268/345/4
f 263/269/4 266/84/4 267/346/4
f 262/347/4 265/343/4 104/292/4
f 261/348/4 264/344/4 265/343/4
f 260/267/4 263/269/4 264/344/4
f 259/349/4 262/347/4 103/290/4
f 258/350/4 261/348/4 262/347/4
f 257/265/4 260/267/4 261/348/4
f 256/351/4 259/349/4 102/288/4
f 255/352/4 258/350/4 259/349/4
f 254/263/4 257/265/4 258/350/4
f 253/353/4 256/351/4 101/286/4
f 252/354/4 255/352/4 256/351/4
f 251/261/4 254/263/4 255/352/4
f 250/355/4 253/353/4 100/284/4
f 249/356/4 252/354/4 253/353/4
f 248/259/4 251/261/4 252/354/4
f 247/357/4 250/355/4 99/282/4
f 246/358/4 249/356/4 250/355/4
f 245/257/4 248/259/4 249/356/4
f 244/359/4 247/357/4 98/280/4
f 243/360/4 246/358/4 247/357/4
f 242/255/4 245/257/4 246/358/4
f 241/361/4 244/359/4 97/278/4
f 240/362/4 243/360/4 244/359/4
f 239/253/4 242/255/4 243/360/4
f 238/363/4 241/361/4 96/276/4
f 237/364/4 240/362/4 241/361/4
f 236/250/4 239/253/4 240/362/4
f 196/365/4 238/363/4 95/274/4
f 195/366/4 237/364/4 238/363/4
f 194/251/4 236/250/4 237/364/4
f 232/367/6 235/370/6 138/145/6
f 231/369/6 234/371/6 235/370/6
f 230/225/6 233/90/6 234/371/6
f 229/372/6 232/367/6 137/368/6
f 228/374/6 231/369/6 232/367/6
f 227/223/6 230/225/6 231/369/6
f 226/375/6 229/372/6 136/373/6
f 225/377/6 228/374/6 229/372/6
f 224/221/6 227/223/6 228/374/6
f 223/378/6 226/375/6 135/376/6
f 222/380/6 225/377/6 226/375/6
f 221/219/6 224/221/6 225/377/6
f 220/381/6 223/378/6 134/379/6
f 219/383/6 222/380/6 223/378/6
f 218/217/6 221/219/6 222/380/6
f 217/384/6 220/381/6 133/382/6
f 216/386/6 219/383/6 220/381/6
f 215/215/6 218/217/6 219/383/6
f 214/387/6 217/384/6 132/385/6
f 213/389/6 216/386/6 217/384/6
f 212/213/6 215/215/6 216/386/6
f 211/390/6 214/387/6 131/388/6
f 210/392/6 213/389/6 214/387/6
f 209/211/6 212/213/6 213/389/6
f 208/393/6 211/390/6 130/391/6
f 207/395/6 210/392/6 211/390/6
f 206/209/6 209/211/6 210/392/6
f 205/396/6 208/393/6 129/394/6
f 204/398/6 207/395/6 208/393/6
f 203/206/6 206/209/6 207/395/6
f 193/399/6 205/396/6 128/397/6
f 192/401/6 204/398/6 205/396/6
f 191/207/6 203/206/6 204/398/6
f 235/370/6 200/403/6 39/402/6
f 234/371/6 201/404/6 200/403/6
f 233/90/6 202/89/6 201/404/6
f 268/345/4 197/330/4 38/335/4
f 267/346/4 198/329/4 197/330/4
f 266/84/4 199/83/4 198/329/4
f 38/335/2 197/334/2 272/338/2
f 197/334/2 198/336/2 273/340/2
f 198/336/2 199/76/2 274/78/2
f 280/332/1 196/405/1 34/83/1
f 279/333/1 195/406/1 196/405/1
f 278/75/1 194/74/1 195/406/1
f 367/407/5 287/409/5 48/408/5
f 378/105/5 288/104/5 287/409/5
f 389/410/3 285/412/3 45/107/3
f 400/99/3 286/98/3 285/412/3
f 303/413/2 288/416/2 47/414/2
f 306/94/2 287/96/2 288/416/2
f 43/95/1 281/419/1 307/417/1
f 281/419/1 282/3410/1 310/91/1
f 309/420/1 312/424/1 283/421/1
f 309/420/1 308/425/1 311/423/1
f 308/425/1 307/417/1 310/91/1
f 289/426/1 309/420/1 284/422/1
f 289/426/1 290/428/1 308/425/1
f 290/428/1 291/418/1 307/417/1
f 286/98/2 304/442/2 301/429/2
f 301/429/2 304/442/2 305/430/2
f 302/431/2 305/430/2 306/94/2
f 45/107/2 285/412/2 301/429/2
f 301/429/2 302/431/2 299/433/2
f 302/431/2 303/413/2 298/415/2
f 411/434/6 298/438/6 47/435/6
f 422/437/6 299/439/6 298/438/6
f 433/106/6 300/108/6 299/439/6
f 444/440/4 295/422/4 46/427/4
f 455/441/4 296/421/4 295/422/4
f 466/102/4 297/101/4 296/421/4
f 46/427/2 295/426/2 304/442/2
f 295/426/2 296/428/2 305/430/2
f 296/428/2 297/418/2 306/94/2
f 312/424/1 294/444/1 42/101/1
f 312/424/1 311/423/1 293/443/1
f 310/91/1 292/93/1 293/443/1
f 292/445/4 456/448/4 445/446/4
f 456/448/4 457/450/4 446/449/4
f 457/450/4 458/452/4 447/451/4
f 458/452/4 459/454/4 448/453/4
f 459/454/4 460/456/4 449/455/4
f 460/456/4 461/458/4 450/457/4
f 461/458/4 462/460/4 451/459/4
f 462/460/4 463/462/4 452/461/4
f 463/462/4 464/464/4 453/463/4
f 464/464/4 465/466/4 454/465/4
f 465/466/4 466/102/4 455/441/4
f 293/447/4 445/446/4 434/467/4
f 445/446/4 446/449/4 435/469/4
f 446/449/4 447/451/4 436/470/4
f 447/451/4 448/453/4 437/471/4
f 448/453/4 449/455/4 438/472/4
f 449/455/4 450/457/4 439/473/4
f 450/457/4 451/459/4 440/474/4
f 451/459/4 452/461/4 441/475/4
f 452/461/4 453/463/4 442/476/4
f 453/463/4 454/465/4 443/477/4
f 454/465/4 455/441/4 444/440/4
f 294/468/4 434/467/4 313/478/4
f 434/467/4 435/469/4 314/480/4
f 435/469/4 436/470/4 315/481/4
f 436/470/4 437/471/4 316/482/4
f 437/471/4 438/472/4 317/483/4
f 438/472/4 439/473/4 318/484/4
f 439/473/4 440/474/4 319/485/4
f 440/474/4 441/475/4 320/486/4
f 441/475/4 442/476/4 321/487/4
f 442/476/4 443/477/4 322/488/4
f 443/477/4 444/440/4 323/97/4
f 289/489/6 423/492/6 412/490/6
f 423/492/6 424/494/6 413/493/6
f 424/494/6 425/496/6 414/495/6
f 425/496/6 426/498/6 415/497/6
f 426/498/6 427/500/6 416/499/6
f 427/500/6 428/502/6 417/501/6
f 428/502/6 429/504/6 418/503/6
f 429/504/6 430/506/6 419/505/6
f 430/506/6 431/508/6 420/507/6
f 431/508/6 432/510/6 421/509/6
f 432/510/6 433/106/6 422/437/6
f 290/491/6 412/490/6 401/511/6
f 412/490/6 413/493/6 402/513/6
f 413/493/6 414/495/6 403/514/6
f 414/495/6 415/497/6 404/515/6
f 415/497/6 416/499/6 405/516/6
f 416/499/6 417/501/6 406/517/6
f 417/501/6 418/503/6 407/518/6
f 418/503/6 419/505/6 408/519/6
f 419/505/6 420/507/6 409/520/6
f 420/507/6 421/509/6 410/521/6
f 421/509/6 422/437/6 411/434/6
f 291/512/6 401/511/6 346/522/6
f 401/511/6 402/513/6 347/524/6
f 402/513/6 403/514/6 348/525/6
f 403/514/6 404/515/6 349/526/6
f 404/515/6 405/516/6 350/527/6
f 405/516/6 406/517/6 351/528/6
f 406/517/6 407/518/6 352/529/6
f 407/518/6 408/519/6 353/530/6
f 408/519/6 409/520/6 354/531/6
f 409/520/6 410/521/6 355/532/6
f 410/521/6 411/434/6 356/436/6
f 283/533/3 390/536/3 379/534/3
f 390/536/3 391/538/3 380/537/3
f 391/538/3 392/540/3 381/539/3
f 392/540/3 393/542/3 382/541/3
f 393/542/3 394/544/3 383/543/3
f 394/544/3 395/546/3 384/545/3
f 395/546/3 396/548/3 385/547/3
f 396/548/3 397/550/3 386/549/3
f 397/550/3 398/552/3 387/551/3
f 398/552/3 399/554/3 388/553/3
f 399/554/3 400/99/3 389/410/3
f 284/535/3 379/534/3 334/555/3
f 379/534/3 380/537/3 333/557/3
f 380/537/3 381/539/3 332/558/3
f 381/539/3 382/541/3 331/559/3
f 382/541/3 383/543/3 330/560/3
f 383/543/3 384/545/3 329/561/3
f 384/545/3 385/547/3 328/562/3
f 385/547/3 386/549/3 327/563/3
f 386/549/3 387/551/3 326/564/3
f 387/551/3 388/553/3 325/565/3
f 388/553/3 389/410/3 324/411/3
f 281/566/5 368/569/5 357/567/5
f 368/569/5 369/571/5 358/570/5
f 369/571/5 370/573/5 359/572/5
f 370/573/5 371/575/5 360/574/5
f 371/575/5 372/577/5 361/576/5
f 372/577/5 373/579/5 362/578/5
f 373/579/5 374/581/5 363/580/5
f 374/581/5 375/583/5 364/582/5
f 375/583/5 376/585/5 365/584/5
f 376/585/5 377/587/5 366/586/5
f 377/587/5 378/105/5 367/407/5
f 282/568/5 357/567/5 335/588/5
f 357/567/5 358/570/5 336/590/5
f 358/570/5 359/572/5 337/591/5
f 359/572/5 360/574/5 338/592/5
f 360/574/5 361/576/5 339/593/5
f 361/576/5 362/578/5 340/594/5
f 362/578/5 363/580/5 341/595/5
f 363/580/5 364/582/5 342/596/5
f 364/582/5 365/584/5 343/597/5
f 365/584/5 366/586/5 344/598/5
f 366/586/5 367/407/5 345/100/5
f 41/556/6 334/555/6 423/492/6
f 334/555/6 333/557/6 424/494/6
f 333/557/6 332/558/6 425/496/6
f 332/558/6 331/559/6 426/498/6
f 331/559/6 330/560/6 427/500/6
f 330/560/6 329/561/6 428/502/6
f 329/561/6 328/562/6 429/504/6
f 328/562/6 327/563/6 430/506/6
f 327/563/6 326/564/6 431/508/6
f 326/564/6 325/565/6 432/510/6
f 432/510/6 325/565/6 324/411/6
f 43/599/5 346/600/5 368/569/5
f 346/600/5 347/601/5 369/571/5
f 347/601/5 348/602/5 370/573/5
f 348/602/5 349/603/5 371/575/5
f 349/603/5 350/604/5 372/577/5
f 350/604/5 351/605/5 373/579/5
f 351/605/5 352/606/5 374/581/5
f 352/606/5 353/607/5 375/583/5
f 353/607/5 354/608/5 376/585/5
f 354/608/5 355/609/5 377/587/5
f 355/609/5 356/103/5 378/105/5
f 44/589/4 335/588/4 456/448/4
f 335/588/4 336/590/4 457/450/4
f 336/590/4 337/591/4 458/452/4
f 337/591/4 338/592/4 459/454/4
f 338/592/4 339/593/4 460/456/4
f 339/593/4 340/594/4 461/458/4
f 340/594/4 341/595/4 462/460/4
f 341/595/4 342/596/4 463/462/4
f 342/596/4 343/597/4 464/464/4
f 343/597/4 344/598/4 465/466/4
f 344/598/4 345/100/4 466/102/4
f 42/479/3 313/478/3 390/536/3
f 313/478/3 314/480/3 391/538/3
f 314/480/3 315/481/3 392/540/3
f 315/481/3 316/482/3 393/542/3
f 316/482/3 317/483/3 394/544/3
f 317/483/3 318/484/3 395/546/3
f 318/484/3 319/485/3 396/548/3
f 319/485/3 320/486/3 397/550/3
f 320/486/3 321/487/3 398/552/3
f 321/487/3 322/488/3 399/554/3
f 322/488/3 323/97/3 400/99/3
f 25/610/6 488/613/6 761/611/6
f 488/613/6 487/615/6 764/614/6
f 487/615/6 486/617/6 767/616/6
f 486/617/6 485/619/6 770/618/6
f 485/619/6 484/621/6 773/620/6
f 484/621/6 483/623/6 776/622/6
f 483/623/6 482/625/6 779/624/6
f 482/625/6 481/627/6 782/626/6
f 481/627/6 480/629/6 785/628/6
f 480/629/6 479/631/6 788/630/6
f 479/631/6 478/70/6 791/72/6
f 27/96/5 500/633/5 615/632/5
f 500/633/5 501/635/5 617/634/5
f 501/635/5 502/637/5 619/636/5
f 502/637/5 503/639/5 621/638/5
f 503/639/5 504/641/5 623/640/5
f 504/641/5 505/643/5 625/642/5
f 505/643/5 506/645/5 627/644/5
f 506/645/5 507/647/5 629/646/5
f 507/647/5 508/649/5 631/648/5
f 508/649/5 509/651/5 633/650/5
f 509/651/5 510/67/5 635/69/5
f 28/652/4 489/840/4 794/653/4
f 794/653/4 489/840/4 490/655/4
f 490/655/4 491/658/4 800/657/4
f 491/658/4 492/836/4 803/659/4
f 803/659/4 492/836/4 493/660/4
f 493/660/4 494/663/4 809/662/4
f 494/663/4 495/832/4 812/664/4
f 812/664/4 495/832/4 496/665/4
f 496/665/4 497/668/4 818/667/4
f 497/668/4 498/670/4 821/669/4
f 498/670/4 499/827/4 824/64/4
f 26/671/3 467/674/3 637/672/3
f 467/674/3 468/676/3 639/675/3
f 468/676/3 469/678/3 641/677/3
f 469/678/3 470/680/3 643/679/3
f 470/680/3 471/682/3 645/681/3
f 471/682/3 472/684/3 647/683/3
f 472/684/3 473/686/3 649/685/3
f 473/686/3 474/688/3 651/687/3
f 474/688/3 475/690/3 653/689/3
f 475/690/3 476/692/3 655/691/3
f 476/692/3 477/61/3 657/63/3
f 17/693/6 532/696/6 671/694/6
f 532/696/6 531/698/6 674/697/6
f 531/698/6 530/700/6 677/699/6
f 530/700/6 529/702/6 680/701/6
f 529/702/6 528/704/6 683/703/6
f 528/704/6 527/706/6 686/705/6
f 527/706/6 526/708/6 689/707/6
f 526/708/6 525/710/6 692/709/6
f 525/710/6 524/712/6 695/711/6
f 524/712/6 523/714/6 698/713/6
f 523/714/6 522/52/6 701/54/6
f 19/715/5 544/718/5 563/716/5
f 544/718/5 545/720/5 565/719/5
f 545/720/5 546/722/5 567/721/5
f 546/722/5 547/724/5 569/723/5
f 547/724/5 548/726/5 571/725/5
f 548/726/5 549/728/5 573/727/5
f 549/728/5 550/730/5 575/729/5
f 550/730/5 551/732/5 577/731/5
f 551/732/5 552/734/5 579/733/5
f 552/734/5 553/736/5 581/735/5
f 553/736/5 554/49/5 583/51/5
f 20/737/4 533/740/4 704/738/4
f 533/740/4 534/742/4 707/741/4
f 534/742/4 535/744/4 710/743/4
f 535/744/4 536/746/4 713/745/4
f 536/746/4 537/748/4 716/747/4
f 537/748/4 538/750/4 719/749/4
f 538/750/4 539/752/4 722/751/4
f 539/752/4 540/754/4 725/753/4
f 540/754/4 541/756/4 728/755/4
f 541/756/4 542/758/4 731/757/4
f 542/758/4 543/46/4 734/48/4
f 18/59/3 511/760/3 585/759/3
f 511/760/3 512/762/3 587/761/3
f 512/762/3 513/764/3 589/763/3
f 513/764/3 514/766/3 591/765/3
f 514/766/3 515/768/3 593/767/3
f 515/768/3 516/770/3 595/769/3
f 516/770/3 517/772/3 597/771/3
f 517/772/3 518/774/3 599/773/3
f 518/774/3 519/776/3 601/775/3
f 519/776/3 520/778/3 603/777/3
f 520/778/3 521/43/3 605/45/3
f 604/779/3 606/780/3 522/52/3
f 603/777/3 605/45/3 606/780/3
f 602/781/3 604/779/3 523/714/3
f 601/775/3 603/777/3 604/779/3
f 600/782/3 602/781/3 524/712/3
f 599/773/3 601/775/3 602/781/3
f 598/783/3 600/782/3 525/710/3
f 597/771/3 599/773/3 600/782/3
f 596/784/3 598/783/3 526/708/3
f 595/769/3 597/771/3 598/783/3
f 594/785/3 596/784/3 527/706/3
f 593/767/3 595/769/3 596/784/3
f 592/786/3 594/785/3 528/704/3
f 591/765/3 593/767/3 594/785/3
f 590/787/3 592/786/3 529/702/3
f 589/763/3 591/765/3 592/786/3
f 588/788/3 590/787/3 530/700/3
f 587/761/3 589/763/3 590/787/3
f 586/789/3 588/788/3 531/698/3
f 585/759/3 587/761/3 588/788/3
f 558/790/3 586/789/3 532/696/3
f 557/60/3 585/759/3 586/789/3
f 582/791/5 584/792/5 543/46/5
f 581/735/5 583/51/5 584/792/5
f 580/793/5 582/791/5 542/758/5
f 579/733/5 581/735/5 582/791/5
f 578/794/5 580/793/5 541/756/5
f 577/731/5 579/733/5 580/793/5
f 576/795/5 578/794/5 540/754/5
f 575/729/5 577/731/5 578/794/5
f 574/796/5 576/795/5 539/752/5
f 573/727/5 575/729/5 576/795/5
f 572/797/5 574/796/5 538/750/5
f 571/725/5 573/727/5 574/796/5
f 570/798/5 572/797/5 537/748/5
f 569/723/5 571/725/5 572/797/5
f 568/799/5 570/798/5 536/746/5
f 567/721/5 569/723/5 570/798/5
f 566/800/5 568/799/5 535/744/5
f 565/719/5 567/721/5 568/799/5
f 564/801/5 566/800/5 534/742/5
f 563/716/5 565/719/5 566/800/5
f 556/802/5 564/801/5 533/740/5
f 555/717/5 563/716/5 564/801/5
f 584/792/5 561/804/5 24/803/5
f 583/51/5 562/50/5 561/804/5
f 606/780/3 559/806/3 21/805/3
f 605/45/3 560/44/3 559/806/3
f 739/807/2 562/810/2 23/808/2
f 742/42/2 561/41/2 562/810/2
f 19/811/1 555/813/1 743/812/1
f 555/813/1 556/37/1 746/39/1
f 656/814/3 658/815/3 478/70/3
f 656/814/3 655/691/3 657/63/3
f 654/816/3 656/814/3 479/631/3
f 654/816/3 653/689/3 655/691/3
f 652/817/3 654/816/3 480/629/3
f 652/817/3 651/687/3 653/689/3
f 650/818/3 652/817/3 481/627/3
f 649/685/3 651/687/3 652/817/3
f 483/623/3 648/819/3 650/818/3
f 647/683/3 649/685/3 650/818/3
f 484/621/3 646/820/3 648/819/3
f 646/820/3 645/681/3 647/683/3
f 644/821/3 646/820/3 484/621/3
f 643/679/3 645/681/3 646/820/3
f 642/822/3 644/821/3 485/619/3
f 641/677/3 643/679/3 644/821/3
f 640/823/3 642/822/3 486/617/3
f 639/675/3 641/677/3 642/822/3
f 488/613/3 638/824/3 640/823/3
f 637/672/3 639/675/3 640/823/3
f 610/825/3 638/824/3 488/613/3
f 609/673/3 637/672/3 638/824/3
f 634/826/5 636/828/5 499/827/5
f 633/650/5 635/69/5 636/828/5
f 632/829/5 634/826/5 498/670/5
f 631/648/5 633/650/5 634/826/5
f 630/830/5 632/829/5 497/668/5
f 629/646/5 631/648/5 632/829/5
f 628/831/5 630/830/5 496/665/5
f 627/644/5 629/646/5 630/830/5
f 626/833/5 628/831/5 495/832/5
f 625/642/5 627/644/5 628/831/5
f 624/834/5 626/833/5 494/663/5
f 623/640/5 625/642/5 626/833/5
f 622/835/5 624/834/5 493/660/5
f 621/638/5 623/640/5 624/834/5
f 620/837/5 622/835/5 492/836/5
f 619/636/5 621/638/5 622/835/5
f 618/838/5 620/837/5 491/658/5
f 617/634/5 619/636/5 620/837/5
f 616/839/5 618/838/5 490/655/5
f 615/632/5 617/634/5 618/838/5
f 608/414/5 616/839/5 489/840/5
f 607/416/5 615/632/5 616/839/5
f 636/828/5 613/841/5 32/65/5
f 635/69/5 614/68/5 613/841/5
f 658/815/3 611/843/3 29/842/3
f 657/63/3 612/62/3 611/843/3
f 758/844/2 829/845/2 614/790/2
f 829/845/2 832/58/2 613/60/2
f 751/846/1 27/59/1 607/847/1
f 833/848/1 607/847/1 608/55/1
f 745/849/1 748/853/1 557/850/1
f 744/852/1 747/854/1 748/853/1
f 743/812/1 746/39/1 747/854/1
f 659/855/1 745/849/1 558/851/1
f 660/857/1 744/852/1 745/849/1
f 661/40/1 743/812/1 744/852/1
f 560/44/2 740/859/2 737/858/2
f 740/859/2 741/861/2 738/860/2
f 741/861/2 742/42/2 739/807/2
f 559/806/2 737/858/2 670/862/2
f 737/858/2 738/860/2 669/863/2
f 738/860/2 739/807/2 668/809/2
f 733/864/4 736/866/4 521/43/4
f 732/865/4 735/867/4 736/866/4
f 731/757/4 734/48/4 735/867/4
f 730/868/4 733/864/4 520/778/4
f 729/869/4 732/865/4 733/864/4
f 728/755/4 731/757/4 732/865/4
f 727/870/4 730/868/4 519/776/4
f 726/871/4 729/869/4 730/868/4
f 725/753/4 728/755/4 729/869/4
f 724/872/4 727/870/4 518/774/4
f 723/873/4 726/871/4 727/870/4
f 722/751/4 725/753/4 726/871/4
f 721/874/4 724/872/4 517/772/4
f 720/875/4 723/873/4 724/872/4
f 719/749/4 722/751/4 723/873/4
f 718/876/4 721/874/4 516/770/4
f 717/877/4 720/875/4 721/874/4
f 716/747/4 719/749/4 720/875/4
f 715/878/4 718/876/4 515/768/4
f 714/879/4 717/877/4 718/876/4
f 713/745/4 716/747/4 717/877/4
f 712/880/4 715/878/4 514/766/4
f 711/881/4 714/879/4 715/878/4
f 710/743/4 713/745/4 714/879/4
f 709/882/4 712/880/4 513/764/4
f 708/883/4 711/881/4 712/880/4
f 707/741/4 710/743/4 711/881/4
f 706/884/4 709/882/4 512/762/4
f 705/885/4 708/883/4 709/882/4
f 704/738/4 707/741/4 708/883/4
f 664/847/4 706/884/4 511/760/4
f 663/55/4 705/885/4 706/884/4
f 662/739/4 704/738/4 705/885/4
f 700/886/6 703/889/6 554/13/6
f 699/888/6 702/890/6 703/889/6
f 698/713/6 701/54/6 702/890/6
f 697/891/6 700/886/6 553/887/6
f 696/893/6 699/888/6 700/886/6
f 695/711/6 698/713/6 699/888/6
f 694/894/6 697/891/6 552/892/6
f 693/896/6 696/893/6 697/891/6
f 692/709/6 695/711/6 696/893/6
f 691/897/6 694/894/6 551/895/6
f 690/899/6 693/896/6 694/894/6
f 689/707/6 692/709/6 693/896/6
f 688/900/6 691/897/6 550/898/6
f 687/902/6 690/899/6 691/897/6
f 686/705/6 689/707/6 690/899/6
f 685/903/6 688/900/6 549/901/6
f 684/905/6 687/902/6 688/900/6
f 683/703/6 686/705/6 687/902/6
f 682/906/6 685/903/6 548/904/6
f 681/908/6 684/905/6 685/903/6
f 680/701/6 683/703/6 684/905/6
f 679/909/6 682/906/6 547/907/6
f 678/911/6 681/908/6 682/906/6
f 677/699/6 680/701/6 681/908/6
f 676/912/6 679/909/6 546/910/6
f 675/914/6 678/911/6 679/909/6
f 674/697/6 677/699/6 678/911/6
f 673/915/6 676/912/6 545/913/6
f 672/917/6 675/914/6 676/912/6
f 671/694/6 674/697/6 675/914/6
f 661/918/6 673/915/6 544/916/6
f 660/920/6 672/917/6 673/915/6
f 659/695/6 671/694/6 672/917/6
f 703/889/6 668/922/6 23/921/6
f 702/890/6 669/923/6 668/922/6
f 701/54/6 670/53/6 669/923/6
f 736/866/4 665/851/4 22/856/4
f 735/867/4 666/850/4 665/851/4
f 734/48/4 667/47/4 666/850/4
f 22/856/2 665/855/2 740/859/2
f 665/855/2 666/857/2 741/861/2
f 666/857/2 667/40/2 742/42/2
f 748/853/1 664/924/1 18/47/1
f 747/854/1 663/925/1 664/924/1
f 746/39/1 662/38/1 663/925/1
f 610/926/1 835/929/1 838/927/1
f 835/929/1 834/931/1 837/930/1
f 834/931/1 833/848/1 836/57/1
f 25/932/1 749/933/1 835/929/1
f 749/933/1 750/934/1 834/931/1
f 750/934/1 751/846/1 833/848/1
f 612/62/2 830/1001/2 827/935/2
f 827/935/2 830/1001/2 831/936/2
f 828/937/2 831/936/2 832/58/2
f 611/843/2 827/935/2 760/938/2
f 760/938/2 827/935/2 828/937/2
f 828/937/2 829/845/2 758/844/2
f 476/692/4 823/942/4 826/940/4
f 822/941/4 825/943/4 826/940/4
f 821/669/4 824/64/4 825/943/4
f 475/690/4 820/945/4 823/942/4
f 819/944/4 822/941/4 823/942/4
f 818/667/4 821/669/4 822/941/4
f 817/946/4 820/945/4 475/690/4
f 817/946/4 816/947/4 819/944/4
f 816/947/4 815/666/4 818/667/4
f 473/686/4 814/949/4 817/946/4
f 813/948/4 816/947/4 817/946/4
f 813/948/4 812/664/4 815/666/4
f 472/684/4 811/950/4 814/949/4
f 811/950/4 810/951/4 813/948/4
f 809/662/4 812/664/4 813/948/4
f 471/682/4 808/953/4 811/950/4
f 807/952/4 810/951/4 811/950/4
f 806/661/4 809/662/4 810/951/4
f 470/680/4 805/955/4 808/953/4
f 804/954/4 807/952/4 808/953/4
f 804/954/4 803/659/4 806/661/4
f 469/678/4 802/956/4 805/955/4
f 802/956/4 801/957/4 804/954/4
f 800/657/4 803/659/4 804/954/4
f 468/676/4 799/959/4 802/956/4
f 798/958/4 801/957/4 802/956/4
f 797/656/4 800/657/4 801/957/4
f 467/674/4 796/961/4 799/959/4
f 795/960/4 798/958/4 799/959/4
f 795/960/4 794/653/4 797/656/4
f 754/962/4 796/961/4 467/674/4
f 754/962/4 753/963/4 795/960/4
f 752/654/4 794/653/4 795/960/4
f 790/964/6 793/968/6 510/965/6
f 789/967/6 792/969/6 793/968/6
f 788/630/6 791/72/6 792/969/6
f 787/970/6 790/964/6 509/966/6
f 786/972/6 789/967/6 790/964/6
f 785/628/6 788/630/6 789/967/6
f 784/973/6 787/970/6 508/971/6
f 783/975/6 786/972/6 787/970/6
f 782/626/6 785/628/6 786/972/6
f 781/976/6 784/973/6 507/974/6
f 780/978/6 783/975/6 784/973/6
f 779/624/6 782/626/6 783/975/6
f 778/979/6 781/976/6 506/977/6
f 777/981/6 780/978/6 781/976/6
f 776/622/6 779/624/6 780/978/6
f 775/982/6 778/979/6 505/980/6
f 774/984/6 777/981/6 778/979/6
f 773/620/6 776/622/6 777/981/6
f 772/985/6 775/982/6 504/983/6
f 771/987/6 774/984/6 775/982/6
f 770/618/6 773/620/6 774/984/6
f 769/988/6 772/985/6 503/986/6
f 768/990/6 771/987/6 772/985/6
f 767/616/6 770/618/6 771/987/6
f 766/991/6 769/988/6 502/989/6
f 765/993/6 768/990/6 769/988/6
f 764/614/6 767/616/6 768/990/6
f 763/994/6 766/991/6 501/992/6
f 762/996/6 765/993/6 766/991/6
f 761/611/6 764/614/6 765/993/6
f 751/73/6 763/994/6 500/995/6
f 750/997/6 762/996/6 763/994/6
f 749/612/6 761/611/6 762/996/6
f 793/968/6 758/999/6 31/998/6
f 792/969/6 759/1000/6 758/999/6
f 791/72/6 760/71/6 759/1000/6
f 477/61/4 826/940/4 755/926/4
f 826/940/4 825/943/4 756/928/4
f 825/943/4 824/64/4 757/66/4
f 612/62/2 30/932/2 755/933/2
f 830/1001/2 755/933/2 756/934/2
f 831/936/2 756/934/2 757/846/2
f 838/927/1 754/1003/1 26/66/1
f 838/927/1 837/930/1 753/1002/1
f 836/57/1 752/56/1 753/1002/1
f 921/1004/5 860/1007/5 8/1005/5
f 932/1006/5 861/1009/5 860/1007/5
f 943/1008/5 862/1011/5 861/1009/5
f 954/1010/5 863/1013/5 862/1011/5
f 965/1012/5 864/1015/5 863/1013/5
f 976/1014/5 865/1016/5 864/1015/5
f 987/15/5 866/14/5 865/1016/5
f 998/1017/3 853/1020/3 5/1018/3
f 1009/1019/3 854/1022/3 853/1020/3
f 1020/1021/3 855/1024/3 854/1022/3
f 1031/1023/3 856/1026/3 855/1024/3
f 1042/1025/3 857/1028/3 856/1026/3
f 1053/1027/3 858/1029/3 857/1028/3
f 1064/9/3 859/8/3 858/1029/3
f 1079/1030/2 866/1034/2 7/1031/2
f 1082/1033/2 865/1036/2 866/1034/2
f 1085/1035/2 864/1038/2 865/1036/2
f 1088/1037/2 863/1040/2 864/1038/2
f 1091/1039/2 862/1042/2 863/1040/2
f 1094/1041/2 861/1043/2 862/1042/2
f 1097/6/2 860/5/2 861/1043/2
f 3/1044/1 839/1046/1 1098/1045/1
f 839/1046/1 840/1048/1 1101/1047/1
f 840/1048/1 841/1050/1 1104/1049/1
f 841/1050/1 842/1052/1 1107/1051/1
f 842/1052/1 843/1054/1 1110/1053/1
f 843/1054/1 844/1056/1 1113/1055/1
f 844/1056/1 845/1/1 1116/3/1
f 846/23/3 1054/1059/3 1043/1057/3
f 1054/1059/3 1055/1061/3 1044/1060/3
f 1055/1061/3 1056/1063/3 1045/1062/3
f 1056/1063/3 1057/1065/3 1046/1064/3
f 1057/1065/3 1058/1067/3 1047/1066/3
f 1058/1067/3 1059/1069/3 1048/1068/3
f 1059/1069/3 1060/1071/3 1049/1070/3
f 1060/1071/3 1061/1073/3 1050/1072/3
f 1061/1073/3 1062/1075/3 1051/1074/3
f 1062/1075/3 1063/1077/3 1052/1076/3
f 1063/1077/3 1064/9/3 1053/1027/3
f 847/1058/3 1043/1057/3 1032/1078/3
f 1043/1057/3 1044/1060/3 1033/1080/3
f 1044/1060/3 1045/1062/3 1034/1081/3
f 1045/1062/3 1046/1064/3 1035/1082/3
f 1046/1064/3 1047/1066/3 1036/1083/3
f 1047/1066/3 1048/1068/3 1037/1084/3
f 1048/1068/3 1049/1070/3 1038/1085/3
f 1049/1070/3 1050/1072/3 1039/1086/3
f 1050/1072/3 1051/1074/3 1040/1087/3
f 1051/1074/3 1052/1076/3 1041/1088/3
f 1052/1076/3 1053/1027/3 1042/1025/3
f 848/1079/3 1032/1078/3 1021/1089/3
f 1032/1078/3 1033/1080/3 1022/1091/3
f 1033/1080/3 1034/1081/3 1023/1092/3
f 1034/1081/3 1035/1082/3 1024/1093/3
f 1035/1082/3 1036/1083/3 1025/1094/3
f 1036/1083/3 1037/1084/3 1026/1095/3
f 1037/1084/3 1038/1085/3 1027/1096/3
f 1038/1085/3 1039/1086/3 1028/1097/3
f 1039/1086/3 1040/1087/3 1029/1098/3
f 1040/1087/3 1041/1088/3 1030/1099/3
f 1041/1088/3 1042/1025/3 1031/1023/3
f 849/1090/3 1021/1089/3 1010/1100/3
f 1021/1089/3 1022/1091/3 1011/1102/3
f 1022/1091/3 1023/1092/3 1012/1103/3
f 1023/1092/3 1024/1093/3 1013/1104/3
f 1024/1093/3 1025/1094/3 1014/1105/3
f 1025/1094/3 1026/1095/3 1015/1106/3
f 1026/1095/3 1027/1096/3 1016/1107/3
f 1027/1096/3 1028/1097/3 1017/1108/3
f 1028/1097/3 1029/1098/3 1018/1109/3
f 1029/1098/3 1030/1099/3 1019/1110/3
f 1030/1099/3 1031/1023/3 1020/1021/3
f 850/1101/3 1010/1100/3 999/1111/3
f 1010/1100/3 1011/1102/3 1000/1113/3
f 1011/1102/3 1012/1103/3 1001/1114/3
f 1012/1103/3 1013/1104/3 1002/1115/3
f 1013/1104/3 1014/1105/3 1003/1116/3
f 1014/1105/3 1015/1106/3 1004/1117/3
f 1015/1106/3 1016/1107/3 1005/1118/3
f 1016/1107/3 1017/1108/3 1006/1119/3
f 1017/1108/3 1018/1109/3 1007/1120/3
f 1018/1109/3 1019/1110/3 1008/1121/3
f 1019/1110/3 1020/1021/3 1009/1019/3
f 851/1112/3 999/1111/3 988/1122/3
f 999/1111/3 1000/1113/3 989/1124/3
f 1000/1113/3 1001/1114/3 990/1125/3
f 1001/1114/3 1002/1115/3 991/1126/3
f 1002/1115/3 1003/1116/3 992/1127/3
f 1003/1116/3 1004/1117/3 993/1128/3
f 1004/1117/3 1005/1118/3 994/1129/3
f 1005/1118/3 1006/1119/3 995/1130/3
f 1006/1119/3 1007/1120/3 996/1131/3
f 1007/1120/3 1008/1121/3 997/1132/3
f 1008/1121/3 1009/1019/3 998/1017/3
f 852/1123/3 988/1122/3 888/1133/3
f 988/1122/3 989/1124/3 887/1135/3
f 989/1124/3 990/1125/3 886/1136/3
f 990/1125/3 991/1126/3 885/1137/3
f 991/1126/3 992/1127/3 884/1138/3
f 992/1127/3 993/1128/3 883/1139/3
f 993/1128/3 994/1129/3 882/1140/3
f 994/1129/3 995/1130/3 881/1141/3
f 995/1130/3 996/1131/3 880/1142/3
f 996/1131/3 997/1132/3 879/1143/3
f 997/1132/3 998/1017/3 878/16/3
f 839/1144/5 977/1147/5 966/1145/5
f 977/1147/5 978/1149/5 967/1148/5
f 978/1149/5 979/1151/5 968/1150/5
f 979/1151/5 980/1153/5 969/1152/5
f 980/1153/5 981/1155/5 970/1154/5
f 981/1155/5 982/1157/5 971/1156/5
f 982/1157/5 983/1159/5 972/1158/5
f 983/1159/5 984/1161/5 973/1160/5
f 984/1161/5 985/1163/5 974/1162/5
f 985/1163/5 986/1165/5 975/1164/5
f 986/1165/5 987/15/5 976/1014/5
f 840/1146/5 966/1145/5 955/1166/5
f 966/1145/5 967/1148/5 956/1168/5
f 967/1148/5 968/1150/5 957/1169/5
f 968/1150/5 969/1152/5 958/1170/5
f 969/1152/5 970/1154/5 959/1171/5
f 970/1154/5 971/1156/5 960/1172/5
f 971/1156/5 972/1158/5 961/1173/5
f 972/1158/5 973/1160/5 962/1174/5
f 973/1160/5 974/1162/5 963/1175/5
f 974/1162/5 975/1164/5 964/1176/5
f 975/1164/5 976/1014/5 965/1012/5
f 841/1167/5 955/1166/5 944/1177/5
f 955/1166/5 956/1168/5 945/1179/5
f 956/1168/5 957/1169/5 946/1180/5
f 957/1169/5 958/1170/5 947/1181/5
f 958/1170/5 959/1171/5 948/1182/5
f 959/1171/5 960/1172/5 949/1183/5
f 960/1172/5 961/1173/5 950/1184/5
f 961/1173/5 962/1174/5 951/1185/5
f 962/1174/5 963/1175/5 952/1186/5
f 963/1175/5 964/1176/5 953/1187/5
f 964/1176/5 965/1012/5 954/1010/5
f 842/1178/5 944/1177/5 933/1188/5
f 944/1177/5 945/1179/5 934/1189/5
f 945/1179/5 946/1180/5 935/1190/5
f 946/1180/5 947/1181/5 936/1191/5
f 947/1181/5 948/1182/5 937/1192/5
f 948/1182/5 949/1183/5 938/1193/5
f 949/1183/5 950/1184/5 939/1194/5
f 950/1184/5 951/1185/5 940/1195/5
f 951/1185/5 952/1186/5 941/1196/5
f 952/1186/5 953/1187/5 942/1197/5
f 953/1187/5 954/1010/5 943/1008/5
f 843/19/5 933/1188/5 922/1198/5
f 933/1188/5 934/1189/5 923/1200/5
f 934/1189/5 935/1190/5 924/1201/5
f 935/1190/5 936/1191/5 925/1202/5
f 936/1191/5 937/1192/5 926/1203/5
f 937/1192/5 938/1193/5 927/1204/5
f 938/1193/5 939/1194/5 928/1205/5
f 939/1194/5 940/1195/5 929/1206/5
f 940/1195/5 941/1196/5 930/1207/5
f 941/1196/5 942/1197/5 931/1208/5
f 942/1197/5 943/1008/5 932/1006/5
f 844/1199/5 922/1198/5 911/1209/5
f 922/1198/5 923/1200/5 912/1211/5
f 923/1200/5 924/1201/5 913/1212/5
f 924/1201/5 925/1202/5 914/1213/5
f 925/1202/5 926/1203/5 915/1214/5
f 926/1203/5 927/1204/5 916/1215/5
f 927/1204/5 928/1205/5 917/1216/5
f 928/1205/5 929/1206/5 918/1217/5
f 929/1206/5 930/1207/5 919/1218/5
f 930/1207/5 931/1208/5 920/1219/5
f 931/1208/5 932/1006/5 921/1004/5
f 845/1210/5 911/1209/5 889/1220/5
f 911/1209/5 912/1211/5 890/1222/5
f 912/1211/5 913/1212/5 891/1223/5
f 913/1212/5 914/1213/5 892/1224/5
f 914/1213/5 915/1214/5 893/1225/5
f 915/1214/5 916/1215/5 894/1226/5
f 916/1215/5 917/1216/5 895/1227/5
f 917/1216/5 918/1217/5 896/1228/5
f 918/1217/5 919/1218/5 897/1229/5
f 919/1218/5 920/1219/5 898/1230/5
f 920/1219/5 921/1004/5 899/10/5
f 1/1134/6 888/1133/6 1119/1231/6
f 888/1133/6 887/1135/6 1122/1233/6
f 887/1135/6 886/1136/6 1125/1234/6
f 886/1136/6 885/1137/6 1128/1235/6
f 885/1137/6 884/1138/6 1131/1236/6
f 884/1138/6 883/1139/6 1134/1237/6
f 883/1139/6 882/1140/6 1137/1238/6
f 882/1140/6 881/1141/6 1140/1239/6
f 881/1141/6 880/1142/6 1143/1240/6
f 880/1142/6 879/1143/6 1146/1241/6
f 879/1143/6 878/16/6 1149/18/6
f 3/919/5 900/916/5 977/1147/5
f 900/916/5 901/913/5 978/1149/5
f 901/913/5 902/910/5 979/1151/5
f 902/910/5 903/907/5 980/1153/5
f 903/907/5 904/904/5 981/1155/5
f 904/904/5 905/901/5 982/1157/5
f 905/901/5 906/898/5 983/1159/5
f 906/898/5 907/895/5 984/1161/5
f 907/895/5 908/892/5 985/1163/5
f 908/892/5 909/887/5 986/1165/5
f 909/887/5 910/13/5 987/15/5
f 4/1221/4 889/1220/4 1152/1242/4
f 889/1220/4 890/1222/4 1155/1244/4
f 890/1222/4 891/1223/4 1158/1245/4
f 891/1223/4 892/1224/4 1161/1246/4
f 892/1224/4 893/1225/4 1164/1247/4
f 893/1225/4 894/1226/4 1167/1248/4
f 894/1226/4 895/1227/4 1170/1249/4
f 895/1227/4 896/1228/4 1173/1250/4
f 896/1228/4 897/1229/4 1176/1251/4
f 897/1229/4 898/1230/4 1179/1252/4
f 898/1230/4 899/10/4 1182/12/4
f 2/1253/3 867/1254/3 1054/1059/3
f 867/1254/3 868/1255/3 1055/1061/3
f 868/1255/3 869/1256/3 1056/1063/3
f 869/1256/3 870/1257/3 1057/1065/3
f 870/1257/3 871/1258/3 1058/1067/3
f 871/1258/3 872/1259/3 1059/1069/3
f 872/1259/3 873/1260/3 1060/1071/3
f 873/1260/3 874/1261/3 1061/1073/3
f 874/1261/3 875/1262/3 1062/1075/3
f 875/1262/3 876/1263/3 1063/1077/3
f 876/1263/3 877/7/3 1064/9/3
f 1181/1264/4 1184/1266/4 877/7/4
f 1180/1265/4 1183/1267/4 1184/1266/4
f 1179/1252/4 1182/12/4 1183/1267/4
f 1178/1268/4 1181/1264/4 876/1263/4
f 1177/1269/4 1180/1265/4 1181/1264/4
f 1176/1251/4 1179/1252/4 1180/1265/4
f 1175/1270/4 1178/1268/4 875/1262/4
f 1174/1271/4 1177/1269/4 1178/1268/4
f 1173/1250/4 1176/1251/4 1177/1269/4
f 1172/1272/4 1175/1270/4 874/1261/4
f 1171/1273/4 1174/1271/4 1175/1270/4
f 1170/1249/4 1173/1250/4 1174/1271/4
f 1169/1274/4 1172/1272/4 873/1260/4
f 1168/1275/4 1171/1273/4 1172/1272/4
f 1167/1248/4 1170/1249/4 1171/1273/4
f 1166/1276/4 1169/1274/4 872/1259/4
f 1165/1277/4 1168/1275/4 1169/1274/4
f 1164/1247/4 1167/1248/4 1168/1275/4
f 1163/1278/4 1166/1276/4 871/1258/4
f 1162/1279/4 1165/1277/4 1166/1276/4
f 1161/1246/4 1164/1247/4 1165/1277/4
f 1160/1280/4 1163/1278/4 870/1257/4
f 1159/1281/4 1162/1279/4 1163/1278/4
f 1158/1245/4 1161/1246/4 1162/1279/4
f 1157/1282/4 1160/1280/4 869/1256/4
f 1156/1283/4 1159/1281/4 1160/1280/4
f 1155/1244/4 1158/1245/4 1159/1281/4
f 1154/1284/4 1157/1282/4 868/1255/4
f 1153/1285/4 1156/1283/4 1157/1282/4
f 1152/1242/4 1155/1244/4 1156/1283/4
f 1070/1286/4 1154/1284/4 867/1254/4
f 1069/1287/4 1153/1285/4 1154/1284/4
f 1068/1243/4 1152/1242/4 1153/1285/4
f 1148/1288/6 1151/1292/6 910/1289/6
f 1147/1291/6 1150/1293/6 1151/1292/6
f 1146/1241/6 1149/18/6 1150/1293/6
f 1145/1294/6 1148/1288/6 909/1290/6
f 1144/1296/6 1147/1291/6 1148/1288/6
f 1143/1240/6 1146/1241/6 1147/1291/6
f 1142/1297/6 1145/1294/6 908/1295/6
f 1141/1299/6 1144/1296/6 1145/1294/6
f 1140/1239/6 1143/1240/6 1144/1296/6
f 1139/1300/6 1142/1297/6 907/1298/6
f 1138/1302/6 1141/1299/6 1142/1297/6
f 1137/1238/6 1140/1239/6 1141/1299/6
f 1136/1303/6 1139/1300/6 906/1301/6
f 1135/1305/6 1138/1302/6 1139/1300/6
f 1134/1237/6 1137/1238/6 1138/1302/6
f 1133/1306/6 1136/1303/6 905/1304/6
f 1132/1308/6 1135/1305/6 1136/1303/6
f 1131/1236/6 1134/1237/6 1135/1305/6
f 1130/1309/6 1133/1306/6 904/1307/6
f 1129/1311/6 1132/1308/6 1133/1306/6
f 1128/1235/6 1131/1236/6 1132/1308/6
f 1127/1312/6 1130/1309/6 903/1310/6
f 1126/1314/6 1129/1311/6 1130/1309/6
f 1125/1234/6 1128/1235/6 1129/1311/6
f 1124/1315/6 1127/1312/6 902/1313/6
f 1123/1317/6 1126/1314/6 1127/1312/6
f 1122/1233/6 1125/1234/6 1126/1314/6
f 1121/1318/6 1124/1315/6 901/1316/6
f 1120/1320/6 1123/1317/6 1124/1315/6
f 1119/1231/6 1122/1233/6 1123/1317/6
f 1067/1321/6 1121/1318/6 900/1319/6
f 1066/1323/6 1120/1320/6 1121/1318/6
f 1065/1232/6 1119/1231/6 1120/1320/6
f 1115/1324/1 1118/1326/1 846/1011/1
f 1114/1325/1 1117/1327/1 1118/1326/1
f 1113/1055/1 1116/3/1 1117/1327/1
f 1112/1328/1 1115/1324/1 847/1009/1
f 1111/1329/1 1114/1325/1 1115/1324/1
f 1110/1053/1 1113/1055/1 1114/1325/1
f 1109/1330/1 1112/1328/1 848/1007/1
f 1108/1331/1 1111/1329/1 1112/1328/1
f 1107/1051/1 1110/1053/1 1111/1329/1
f 1106/1332/1 1109/1330/1 849/1005/1
f 1105/1333/1 1108/1331/1 1109/1330/1
f 1104/1049/1 1107/1051/1 1108/1331/1
f 1103/1334/1 1106/1332/1 850/11/1
f 1102/1336/1 1105/1333/1 1106/1332/1
f 1101/1047/1 1104/1049/1 1105/1333/1
f 1100/1337/1 1103/1334/1 851/1335/1
f 1099/1339/1 1102/1336/1 1103/1334/1
f 1098/1045/1 1101/1047/1 1102/1336/1
f 1065/1340/1 1100/1337/1 852/1338/1
f 1066/1342/1 1099/1339/1 1100/1337/1
f 1067/4/1 1098/1045/1 1099/1339/1
f 859/8/2 1095/1344/2 1092/1343/2
f 1095/1344/2 1096/1346/2 1093/1345/2
f 1096/1346/2 1097/6/2 1094/1041/2
f 858/1029/2 1092/1343/2 1089/1347/2
f 1092/1343/2 1093/1345/2 1090/1348/2
f 1093/1345/2 1094/1041/2 1091/1039/2
f 857/1028/2 1089/1347/2 1086/1349/2
f 1089/1347/2 1090/1348/2 1087/1350/2
f 1090/1348/2 1091/1039/2 1088/1037/2
f 856/1026/2 1086/1349/2 1083/1351/2
f 1086/1349/2 1087/1350/2 1084/1352/2
f 1087/1350/2 1088/1037/2 1085/1035/2
f 855/1024/2 1083/1351/2 1080/1353/2
f 1083/1351/2 1084/1352/2 1081/1354/2
f 1084/1352/2 1085/1035/2 1082/1033/2
f 854/1022/2 1080/1353/2 1077/1355/2
f 1080/1353/2 1081/1354/2 1078/1356/2
f 1081/1354/2 1082/1033/2 1079/1030/2
f 853/1020/2 1077/1355/2 1076/1357/2
f 1077/1355/2 1078/1356/2 1075/1358/2
f 1078/1356/2 1079/1030/2 1074/1032/2
f 1151/1292/6 1074/1360/6 7/1359/6
f 1150/1293/6 1075/1361/6 1074/1360/6
f 1149/18/6 1076/17/6 1075/1361/6
f 1184/1266/4 1071/1338/4 6/1341/4
f 1183/1267/4 1072/1335/4 1071/1338/4
f 1182/12/4 1073/11/4 1072/1335/4
f 6/1341/2 1071/1340/2 1095/1344/2
f 1071/1340/2 1072/1342/2 1096/1346/2
f 1072/1342/2 1073/4/2 1097/6/2
f 1118/1326/1 1070/1362/1 2/1013/1
f 1117/1327/1 1069/1363/1 1070/1362/1
f 1116/3/1 1068/2/1 1069/1363/1
f 9/1364/6 1206/1367/6 1241/1365/6
f 1206/1367/6 1205/1369/6 1244/1368/6
f 1205/1369/6 1204/1371/6 1247/1370/6
f 1204/1371/6 1203/1373/6 1250/1372/6
f 1203/1373/6 1202/1375/6 1253/1374/6
f 1202/1375/6 1201/1377/6 1256/1376/6
f 1201/1377/6 1200/1379/6 1259/1378/6
f 1200/1379/6 1199/1381/6 1262/1380/6
f 1199/1381/6 1198/1383/6 1265/1382/6
f 1198/1383/6 1197/1385/6 1268/1384/6
f 1197/1385/6 1196/34/6 1271/36/6
f 11/327/5 1218/995/5 1335/1386/5
f 1218/995/5 1219/992/5 1342/1387/5
f 1219/992/5 1220/1389/5 1349/1388/5
f 1220/1389/5 1221/986/5 1356/1390/5
f 1221/986/5 1222/1392/5 1363/1391/5
f 1222/1392/5 1223/1394/5 1370/1393/5
f 1223/1394/5 1224/1396/5 1377/1395/5
f 1224/1396/5 1225/974/5 1384/1397/5
f 1225/974/5 1226/971/5 1391/1398/5
f 1226/971/5 1227/966/5 1398/1399/5
f 1227/966/5 1228/31/5 1405/33/5
f 12/1400/4 1207/1403/4 1274/1401/4
f 1207/1403/4 1208/1405/4 1277/1404/4
f 1208/1405/4 1209/1407/4 1280/1406/4
f 1209/1407/4 1210/1409/4 1283/1408/4
f 1210/1409/4 1211/1411/4 1286/1410/4
f 1211/1411/4 1212/1413/4 1289/1412/4
f 1212/1413/4 1213/1415/4 1292/1414/4
f 1213/1415/4 1214/1417/4 1295/1416/4
f 1214/1417/4 1215/1419/4 1298/1418/4
f 1215/1419/4 1216/1421/4 1301/1420/4
f 1216/1421/4 1217/28/4 1304/30/4
f 10/1422/3 1185/1424/3 1412/1423/3
f 1185/1424/3 1186/1426/3 1419/1425/3
f 1186/1426/3 1187/1428/3 1426/1427/3
f 1187/1428/3 1188/1430/3 1433/1429/3
f 1188/1430/3 1189/1432/3 1440/1431/3
f 1189/1432/3 1190/1434/3 1447/1433/3
f 1190/1434/3 1191/1436/3 1454/1435/3
f 1191/1436/3 1192/1438/3 1461/1437/3
f 1192/1438/3 1193/1440/3 1468/1439/3
f 1193/1440/3 1194/1442/3 1475/1441/3
f 1194/1442/3 1195/25/3 1482/27/3
f 1303/1443/4 1306/1445/4 1195/25/4
f 1302/1444/4 1305/1446/4 1306/1445/4
f 1301/1420/4 1304/30/4 1305/1446/4
f 1300/1447/4 1303/1443/4 1194/1442/4
f 1299/1448/4 1302/1444/4 1303/1443/4
f 1298/1418/4 1301/1420/4 1302/1444/4
f 1297/1449/4 1300/1447/4 1193/1440/4
f 1296/1450/4 1299/1448/4 1300/1447/4
f 1295/1416/4 1298/1418/4 1299/1448/4
f 1294/1451/4 1297/1449/4 1192/1438/4
f 1293/1452/4 1296/1450/4 1297/1449/4
f 1292/1414/4 1295/1416/4 1296/1450/4
f 1291/1453/4 1294/1451/4 1191/1436/4
f 1290/1454/4 1293/1452/4 1294/1451/4
f 1289/1412/4 1292/1414/4 1293/1452/4
f 1288/1455/4 1291/1453/4 1190/1434/4
f 1287/1456/4 1290/1454/4 1291/1453/4
f 1286/1410/4 1289/1412/4 1290/1454/4
f 1285/1457/4 1288/1455/4 1189/1432/4
f 1284/1458/4 1287/1456/4 1288/1455/4
f 1283/1408/4 1286/1410/4 1287/1456/4
f 1282/1459/4 1285/1457/4 1188/1430/4
f 1281/1460/4 1284/1458/4 1285/1457/4
f 1280/1406/4 1283/1408/4 1284/1458/4
f 1279/1461/4 1282/1459/4 1187/1428/4
f 1278/1462/4 1281/1460/4 1282/1459/4
f 1277/1404/4 1280/1406/4 1281/1460/4
f 1276/1463/4 1279/1461/4 1186/1426/4
f 1275/1464/4 1278/1462/4 1279/1461/4
f 1274/1401/4 1277/1404/4 1278/1462/4
f 1234/1465/4 1276/1463/4 1185/1424/4
f 1233/1466/4 1275/1464/4 1276/1463/4
f 1232/1402/4 1274/1401/4 1275/1464/4
f 1270/1467/6 1273/1470/6 1228/127/6
f 1269/1469/6 1272/1471/6 1273/1470/6
f 1268/1384/6 1271/36/6 1272/1471/6
f 1267/1472/6 1270/1467/6 1227/1468/6
f 1266/1474/6 1269/1469/6 1270/1467/6
f 1265/1382/6 1268/1384/6 1269/1469/6
f 1264/1475/6 1267/1472/6 1226/1473/6
f 1263/1477/6 1266/1474/6 1267/1472/6
f 1262/1380/6 1265/1382/6 1266/1474/6
f 1261/1478/6 1264/1475/6 1225/1476/6
f 1260/1480/6 1263/1477/6 1264/1475/6
f 1259/1378/6 1262/1380/6 1263/1477/6
f 1258/1481/6 1261/1478/6 1224/1479/6
f 1257/1483/6 1260/1480/6 1261/1478/6
f 1256/1376/6 1259/1378/6 1260/1480/6
f 1255/1484/6 1258/1481/6 1223/1482/6
f 1254/1486/6 1257/1483/6 1258/1481/6
f 1253/1374/6 1256/1376/6 1257/1483/6
f 1252/1487/6 1255/1484/6 1222/1485/6
f 1251/1489/6 1254/1486/6 1255/1484/6
f 1250/1372/6 1253/1374/6 1254/1486/6
f 1249/1490/6 1252/1487/6 1221/1488/6
f 1248/1492/6 1251/1489/6 1252/1487/6
f 1247/1370/6 1250/1372/6 1251/1489/6
f 1246/1493/6 1249/1490/6 1220/1491/6
f 1245/1495/6 1248/1492/6 1249/1490/6
f 1244/1368/6 1247/1370/6 1248/1492/6
f 1243/1496/6 1246/1493/6 1219/1494/6
f 1242/1498/6 1245/1495/6 1246/1493/6
f 1241/1365/6 1244/1368/6 1245/1495/6
f 1231/1499/6 1243/1496/6 1218/1497/6
f 1230/1501/6 1242/1498/6 1243/1496/6
f 1229/1366/6 1241/1365/6 1242/1498/6
f 1273/1470/6 1238/1503/6 15/1502/6
f 1272/1471/6 1239/1504/6 1238/1503/6
f 1271/36/6 1240/35/6 1239/1504/6
f 1306/1445/4 1235/1506/4 14/1505/4
f 1305/1446/4 1236/1507/4 1235/1506/4
f 1304/30/4 1237/29/4 1236/1507/4
f 14/1505/2 1235/1509/2 1489/1508/2
f 1235/1509/2 1236/1511/2 1496/1510/2
f 1236/1511/2 1237/22/2 1503/24/2
f 1516/1512/1 1234/1516/1 10/1513/1
f 1523/1515/1 1233/1517/1 1234/1516/1
f 1530/21/1 1232/20/1 1233/1517/1
f 1231/22/1 1524/1519/1 1517/1518/1
f 1524/1519/1 1525/1521/1 1518/1520/1
f 1525/1521/1 1526/1523/1 1519/1522/1
f 1526/1523/1 1527/1525/1 1520/1524/1
f 1527/1525/1 1528/1527/1 1521/1526/1
f 1528/1527/1 1529/1719/1 1522/1528/1
f 1522/1528/1 1529/1719/1 1530/21/1
f 1230/1511/1 1517/1518/1 1510/1529/1
f 1517/1518/1 1518/1520/1 1511/1530/1
f 1518/1520/1 1519/1522/1 1512/1531/1
f 1519/1522/1 1520/1524/1 1513/1532/1
f 1513/1532/1 1520/1524/1 1521/1526/1
f 1521/1526/1 1522/1528/1 1515/1534/1
f 1522/1528/1 1523/1515/1 1516/1512/1
f 1229/1509/1 1510/1529/1 1320/1535/1
f 1510/1529/1 1511/1530/1 1319/1536/1
f 1511/1530/1 1512/1531/1 1318/1537/1
f 1512/1531/1 1513/1532/1 1317/1538/1
f 1513/1532/1 1514/1533/1 1316/1539/1
f 1514/1533/1 1515/1534/1 1315/1540/1
f 1515/1534/1 1516/1512/1 1314/1514/1
f 1502/1541/2 1509/1545/2 1238/1542/2
f 1501/1544/2 1508/1547/2 1509/1545/2
f 1500/1546/2 1507/1549/2 1508/1547/2
f 1499/1548/2 1506/1551/2 1507/1549/2
f 1498/1550/2 1505/1553/2 1506/1551/2
f 1497/1552/2 1504/1554/2 1505/1553/2
f 1496/1510/2 1503/24/2 1504/1554/2
f 1495/1555/2 1502/1541/2 1239/1543/2
f 1494/1557/2 1501/1544/2 1502/1541/2
f 1493/1558/2 1500/1546/2 1501/1544/2
f 1492/1559/2 1499/1548/2 1500/1546/2
f 1491/1560/2 1498/1550/2 1499/1548/2
f 1490/1561/2 1497/1552/2 1498/1550/2
f 1489/1508/2 1496/1510/2 1497/1552/2
f 1321/1562/2 1495/1555/2 1240/1556/2
f 1322/1564/2 1494/1557/2 1495/1555/2
f 1323/1565/2 1493/1558/2 1494/1557/2
f 1324/1566/2 1492/1559/2 1493/1558/2
f 1325/1567/2 1491/1560/2 1492/1559/2
f 1326/1568/2 1490/1561/2 1491/1560/2
f 1327/26/2 1489/1508/2 1490/1561/2
f 1481/1569/3 1488/1571/3 1196/34/3
f 1481/1569/3 1480/1573/3 1487/1570/3
f 1479/1572/3 1486/1575/3 1487/1570/3
f 1478/1574/3 1485/1577/3 1486/1575/3
f 1477/1576/3 1484/1579/3 1485/1577/3
f 1476/1578/3 1483/1580/3 1484/1579/3
f 1475/1441/3 1482/27/3 1483/1580/3
f 1198/1383/3 1474/1581/3 1481/1569/3
f 1474/1581/3 1473/1583/3 1480/1573/3
f 1472/1582/3 1479/1572/3 1480/1573/3
f 1471/1584/3 1478/1574/3 1479/1572/3
f 1470/1585/3 1477/1576/3 1478/1574/3
f 1469/1586/3 1476/1578/3 1477/1576/3
f 1468/1439/3 1475/1441/3 1476/1578/3
f 1199/1381/3 1467/1588/3 1474/1581/3
f 1466/1587/3 1473/1583/3 1474/1581/3
f 1465/1589/3 1472/1582/3 1473/1583/3
f 1464/1590/3 1471/1584/3 1472/1582/3
f 1463/1591/3 1470/1585/3 1471/1584/3
f 1462/1592/3 1469/1586/3 1470/1585/3
f 1461/1437/3 1468/1439/3 1469/1586/3
f 1460/1593/3 1467/1588/3 1199/1381/3
f 1459/1594/3 1466/1587/3 1467/1588/3
f 1458/1595/3 1465/1589/3 1466/1587/3
f 1457/1596/3 1464/1590/3 1465/1589/3
f 1456/1597/3 1463/1591/3 1464/1590/3
f 1455/1598/3 1462/1592/3 1463/1591/3
f 1454/1435/3 1461/1437/3 1462/1592/3
f 1453/1599/3 1460/1593/3 1200/1379/3
f 1452/1600/3 1459/1594/3 1460/1593/3
f 1452/1600/3 1451/1602/3 1458/1595/3
f 1450/1601/3 1457/1596/3 1458/1595/3
f 1449/1603/3 1456/1597/3 1457/1596/3
f 1448/1604/3 1455/1598/3 1456/1597/3
f 1447/1433/3 1454/1435/3 1455/1598/3
f 1446/1605/3 1453/1599/3 1201/1377/3
f 1446/1605/3 1445/1606/3 1452/1600/3
f 1445/1606/3 1444/1608/3 1451/1602/3
f 1443/1607/3 1450/1601/3 1451/1602/3
f 1442/1609/3 1449/1603/3 1450/1601/3
f 1441/1610/3 1448/1604/3 1449/1603/3
f 1440/1431/3 1447/1433/3 1448/1604/3
f 1439/1611/3 1446/1605/3 1202/1375/3
f 1439/1611/3 1438/1613/3 1445/1606/3
f 1437/1612/3 1444/1608/3 1445/1606/3
f 1436/1614/3 1443/1607/3 1444/1608/3
f 1435/1615/3 1442/1609/3 1443/1607/3
f 1434/1616/3 1441/1610/3 1442/1609/3
f 1433/1429/3 1440/1431/3 1441/1610/3
f 1432/1617/3 1439/1611/3 1203/1373/3
f 1431/1618/3 1438/1613/3 1439/1611/3
f 1430/1619/3 1437/1612/3 1438/1613/3
f 1429/1620/3 1436/1614/3 1437/1612/3
f 1428/1621/3 1435/1615/3 1436/1614/3
f 1427/1622/3 1434/1616/3 1435/1615/3
f 1426/1427/3 1433/1429/3 1434/1616/3
f 1425/1623/3 1432/1617/3 1204/1371/3
f 1424/1624/3 1431/1618/3 1432/1617/3
f 1423/1625/3 1430/1619/3 1431/1618/3
f 1422/1626/3 1429/1620/3 1430/1619/3
f 1421/1627/3 1428/1621/3 1429/1620/3
f 1420/1628/3 1427/1622/3 1428/1621/3
f 1419/1425/3 1426/1427/3 1427/1622/3
f 1418/1629/3 1425/1623/3 1205/1369/3
f 1417/1630/3 1424/1624/3 1425/1623/3
f 1416/1631/3 1423/1625/3 1424/1624/3
f 1415/1632/3 1422/1626/3 1423/1625/3
f 1414/1633/3 1421/1627/3 1422/1626/3
f 1413/1634/3 1420/1628/3 1421/1627/3
f 1412/1423/3 1419/1425/3 1420/1628/3
f 1320/1635/3 1418/1629/3 1206/1367/3
f 1319/1636/3 1417/1630/3 1418/1629/3
f 1318/137/3 1416/1631/3 1417/1630/3
f 1317/1637/3 1415/1632/3 1416/1631/3
f 1316/1638/3 1414/1633/3 1415/1632/3
f 1315/1639/3 1413/1634/3 1414/1633/3
f 1314/133/3 1412/1423/3 1413/1634/3
f 1404/1640/5 1411/1642/5 1217/28/5
f 1403/1641/5 1410/1644/5 1411/1642/5
f 1402/1643/5 1409/1646/5 1410/1644/5
f 1401/1645/5 1408/1648/5 1409/1646/5
f 1400/1647/5 1407/1650/5 1408/1648/5
f 1399/1649/5 1406/1651/5 1407/1650/5
f 1398/1399/5 1405/33/5 1406/1651/5
f 1397/1652/5 1404/1640/5 1216/1421/5
f 1396/1653/5 1403/1641/5 1404/1640/5
f 1395/1654/5 1402/1643/5 1403/1641/5
f 1394/1655/5 1401/1645/5 1402/1643/5
f 1393/1656/5 1400/1647/5 1401/1645/5
f 1392/1657/5 1399/1649/5 1400/1647/5
f 1391/1398/5 1398/1399/5 1399/1649/5
f 1390/1658/5 1397/1652/5 1215/1419/5
f 1389/1659/5 1396/1653/5 1397/1652/5
f 1388/1660/5 1395/1654/5 1396/1653/5
f 1387/1661/5 1394/1655/5 1395/1654/5
f 1386/1662/5 1393/1656/5 1394/1655/5
f 1385/1663/5 1392/1657/5 1393/1656/5
f 1384/1397/5 1391/1398/5 1392/1657/5
f 1383/1664/5 1390/1658/5 1214/1417/5
f 1382/1665/5 1389/1659/5 1390/1658/5
f 1381/1666/5 1388/1660/5 1389/1659/5
f 1380/1667/5 1387/1661/5 1388/1660/5
f 1379/1668/5 1386/1662/5 1387/1661/5
f 1378/1669/5 1385/1663/5 1386/1662/5
f 1377/1395/5 1384/1397/5 1385/1663/5
f 1376/1670/5 1383/1664/5 1213/1415/5
f 1375/1671/5 1382/1665/5 1383/1664/5
f 1374/1672/5 1381/1666/5 1382/1665/5
f 1373/1673/5 1380/1667/5 1381/1666/5
f 1372/1674/5 1379/1668/5 1380/1667/5
f 1371/1675/5 1378/1669/5 1379/1668/5
f 1370/1393/5 1377/1395/5 1378/1669/5
f 1369/1676/5 1376/1670/5 1212/1413/5
f 1368/1677/5 1375/1671/5 1376/1670/5
f 1367/1678/5 1374/1672/5 1375/1671/5
f 1366/1679/5 1373/1673/5 1374/1672/5
f 1365/1680/5 1372/1674/5 1373/1673/5
f 1364/1681/5 1371/1675/5 1372/1674/5
f 1363/1391/5 1370/1393/5 1371/1675/5
f 1362/1682/5 1369/1676/5 1211/1411/5
f 1361/1683/5 1368/1677/5 1369/1676/5
f 1360/1684/5 1367/1678/5 1368/1677/5
f 1359/1685/5 1366/1679/5 1367/1678/5
f 1358/1686/5 1365/1680/5 1366/1679/5
f 1357/1687/5 1364/1681/5 1365/1680/5
f 1356/1390/5 1363/1391/5 1364/1681/5
f 1355/1688/5 1362/1682/5 1210/1409/5
f 1354/1689/5 1361/1683/5 1362/1682/5
f 1353/1690/5 1360/1684/5 1361/1683/5
f 1352/1691/5 1359/1685/5 1360/1684/5
f 1351/1692/5 1358/1686/5 1359/1685/5
f 1350/1693/5 1357/1687/5 1358/1686/5
f 1349/1388/5 1356/1390/5 1357/1687/5
f 1348/1694/5 1355/1688/5 1209/1407/5
f 1347/1695/5 1354/1689/5 1355/1688/5
f 1346/1696/5 1353/1690/5 1354/1689/5
f 1345/1697/5 1352/1691/5 1353/1690/5
f 1344/1698/5 1351/1692/5 1352/1691/5
f 1343/1699/5 1350/1693/5 1351/1692/5
f 1342/1387/5 1349/1388/5 1350/1693/5
f 1341/1700/5 1348/1694/5 1208/1405/5
f 1340/1701/5 1347/1695/5 1348/1694/5
f 1339/1702/5 1346/1696/5 1347/1695/5
f 1338/1703/5 1345/1697/5 1346/1696/5
f 1337/1704/5 1344/1698/5 1345/1697/5
f 1336/1705/5 1343/1699/5 1344/1698/5
f 1335/1386/5 1342/1387/5 1343/1699/5
f 1313/1706/5 1341/1700/5 1207/1403/5
f 1312/1707/5 1340/1701/5 1341/1700/5
f 1311/1708/5 1339/1702/5 1340/1701/5
f 1310/1709/5 1338/1703/5 1339/1702/5
f 1309/1710/5 1337/1704/5 1338/1703/5
f 1308/1711/5 1336/1705/5 1337/1704/5
f 1307/325/5 1335/1386/5 1336/1705/5
f 1411/1642/5 1328/1713/5 16/1712/5
f 1410/1644/5 1329/1714/5 1328/1713/5
f 1409/1646/5 1330/1715/5 1329/1714/5
f 1408/1648/5 1331/1716/5 1330/1715/5
f 1407/1650/5 1332/1717/5 1331/1716/5
f 1406/1651/5 1333/1718/5 1332/1717/5
f 1405/33/5 1334/32/5 1333/1718/5
f 1488/1571/3 1321/1562/3 13/1563/3
f 1487/1570/3 1322/1564/3 1321/1562/3
f 1486/1575/3 1323/1565/3 1322/1564/3
f 1485/1577/3 1324/1566/3 1323/1565/3
f 1484/1579/3 1325/1567/3 1324/1566/3
f 1483/1580/3 1326/1568/3 1325/1567/3
f 1482/27/3 1327/26/3 1326/1568/3
f 1509/1545/2 1334/1123/2 15/1134/2
f 1508/1547/2 1333/1112/2 1334/1123/2
f 1507/1549/2 1332/1101/2 1333/1112/2
f 1506/1551/2 1331/1090/2 1332/1101/2
f 1505/1553/2 1330/1079/2 1331/1090/2
f 1504/1554/2 1329/1058/2 1330/1079/2
f 1503/24/2 1328/23/2 1329/1058/2
f 11/1253/1 1307/1286/1 1524/1519/1
f 1307/1286/1 1308/1287/1 1525/1521/1
f 1308/1287/1 1309/1243/1 1526/1523/1
f 1309/1243/1 1310/1221/1 1527/1525/1
f 1310/1221/1 1311/1210/1 1528/1527/1
f 1311/1210/1 1312/1199/1 1529/1719/1
f 1529/1719/1 1312/1199/1 1313/19/1
f 1621/1720/6 1580/1724/6 85/1721/6
f 1628/1723/6 1581/1726/6 1580/1724/6
f 1635/1725/6 1582/1728/6 1581/1726/6
f 1642/1727/6 1583/1730/6 1582/1728/6
f 1649/1729/6 1584/1732/6 1583/1730/6
f 1656/1731/6 1585/1733/6 1584/1732/6
f 1663/186/6 1586/185/6 1585/1733/6
f 1537/1734/6 1615/1737/6 1608/1735/6
f 1615/1737/6 1616/1739/6 1609/1738/6
f 1616/1739/6 1617/1741/6 1610/1740/6
f 1617/1741/6 1618/1743/6 1611/1742/6
f 1618/1743/6 1619/1745/6 1612/1744/6
f 1619/1745/6 1620/1747/6 1613/1746/6
f 1620/1747/6 1621/1720/6 1614/1722/6
f 1536/1748/6 1622/1749/6 1615/1737/6
f 1622/1749/6 1623/1750/6 1616/1739/6
f 1623/1750/6 1624/1751/6 1617/1741/6
f 1624/1751/6 1625/1752/6 1618/1743/6
f 1625/1752/6 1626/1753/6 1619/1745/6
f 1626/1753/6 1627/1754/6 1620/1747/6
f 1627/1754/6 1628/1723/6 1621/1720/6
f 1535/1755/6 1629/1756/6 1622/1749/6
f 1629/1756/6 1630/1757/6 1623/1750/6
f 1630/1757/6 1631/1758/6 1624/1751/6
f 1631/1758/6 1632/1759/6 1625/1752/6
f 1632/1759/6 1633/1760/6 1626/1753/6
f 1633/1760/6 1634/1761/6 1627/1754/6
f 1634/1761/6 1635/1725/6 1628/1723/6
f 1534/1762/6 1636/1763/6 1629/1756/6
f 1636/1763/6 1637/1764/6 1630/1757/6
f 1637/1764/6 1638/1765/6 1631/1758/6
f 1638/1765/6 1639/1766/6 1632/1759/6
f 1639/1766/6 1640/1767/6 1633/1760/6
f 1640/1767/6 1641/1768/6 1634/1761/6
f 1641/1768/6 1642/1727/6 1635/1725/6
f 1533/1769/6 1643/1770/6 1636/1763/6
f 1643/1770/6 1644/1771/6 1637/1764/6
f 1644/1771/6 1645/1772/6 1638/1765/6
f 1645/1772/6 1646/1773/6 1639/1766/6
f 1646/1773/6 1647/1774/6 1640/1767/6
f 1647/1774/6 1648/1775/6 1641/1768/6
f 1648/1775/6 1649/1729/6 1642/1727/6
f 1532/1776/6 1650/1777/6 1643/1770/6
f 1650/1777/6 1651/1778/6 1644/1771/6
f 1651/1778/6 1652/1779/6 1645/1772/6
f 1652/1779/6 1653/1780/6 1646/1773/6
f 1653/1780/6 1654/1781/6 1647/1774/6
f 1654/1781/6 1655/1782/6 1648/1775/6
f 1655/1782/6 1656/1731/6 1649/1729/6
f 1531/113/6 1657/1783/6 1650/1777/6
f 1657/1783/6 1658/1784/6 1651/1778/6
f 1658/1784/6 1659/1785/6 1652/1779/6
f 1659/1785/6 1660/1786/6 1653/1780/6
f 1660/1786/6 1661/1787/6 1654/1781/6
f 1661/1787/6 1662/1788/6 1655/1782/6
f 1662/1788/6 1663/186/6 1656/1731/6
f 79/1789/6 1600/1790/6 1657/1783/6
f 1600/1790/6 1599/1791/6 1658/1784/6
f 1599/1791/6 1598/1792/6 1659/1785/6
f 1598/1792/6 1597/1793/6 1660/1786/6
f 1597/1793/6 1596/1794/6 1661/1787/6
f 1596/1794/6 1595/1795/6 1662/1788/6
f 1595/1795/6 1594/184/6 1663/186/6
f 1670/1796/5 1573/1799/5 86/1797/5
f 1677/1798/5 1574/1801/5 1573/1799/5
f 1684/1800/5 1575/1803/5 1574/1801/5
f 1691/1802/5 1576/1805/5 1575/1803/5
f 1698/1804/5 1577/1807/5 1576/1805/5
f 1705/1806/5 1578/1808/5 1577/1807/5
f 1712/183/5 1579/182/5 1578/1808/5
f 1544/1042/5 1664/1810/5 1601/1809/5
f 1664/1810/5 1665/1812/5 1602/1811/5
f 1665/1812/5 1666/1814/5 1603/1813/5
f 1666/1814/5 1667/1816/5 1604/1815/5
f 1667/1816/5 1668/1818/5 1605/1817/5
f 1668/1818/5 1669/1820/5 1606/1819/5
f 1669/1820/5 1670/1796/5 1607/178/5
f 1543/1043/5 1671/1821/5 1664/1810/5
f 1671/1821/5 1672/1822/5 1665/1812/5
f 1672/1822/5 1673/1823/5 1666/1814/5
f 1673/1823/5 1674/1824/5 1667/1816/5
f 1674/1824/5 1675/1825/5 1668/1818/5
f 1675/1825/5 1676/1826/5 1669/1820/5
f 1676/1826/5 1677/1798/5 1670/1796/5
f 1542/5/5 1678/1827/5 1671/1821/5
f 1678/1827/5 1679/1828/5 1672/1822/5
f 1679/1828/5 1680/1829/5 1673/1823/5
f 1680/1829/5 1681/1830/5 1674/1824/5
f 1681/1830/5 1682/1831/5 1675/1825/5
f 1682/1831/5 1683/1832/5 1676/1826/5
f 1683/1832/5 1684/1800/5 1677/1798/5
f 1541/1044/5 1685/1833/5 1678/1827/5
f 1685/1833/5 1686/1834/5 1679/1828/5
f 1686/1834/5 1687/1835/5 1680/1829/5
f 1687/1835/5 1688/1836/5 1681/1830/5
f 1688/1836/5 1689/1837/5 1682/1831/5
f 1689/1837/5 1690/1838/5 1683/1832/5
f 1690/1838/5 1691/1802/5 1684/1800/5
f 1540/1046/5 1692/1839/5 1685/1833/5
f 1692/1839/5 1693/1840/5 1686/1834/5
f 1693/1840/5 1694/1841/5 1687/1835/5
f 1694/1841/5 1695/1842/5 1688/1836/5
f 1695/1842/5 1696/1843/5 1689/1837/5
f 1696/1843/5 1697/1844/5 1690/1838/5
f 1697/1844/5 1698/1804/5 1691/1802/5
f 1539/1048/5 1699/1845/5 1692/1839/5
f 1699/1845/5 1700/1846/5 1693/1840/5
f 1700/1846/5 1701/1847/5 1694/1841/5
f 1701/1847/5 1702/1848/5 1695/1842/5
f 1702/1848/5 1703/1849/5 1696/1843/5
f 1703/1849/5 1704/1850/5 1697/1844/5
f 1704/1850/5 1705/1806/5 1698/1804/5
f 1538/1050/5 1706/1851/5 1699/1845/5
f 1706/1851/5 1707/1852/5 1700/1846/5
f 1707/1852/5 1708/1853/5 1701/1847/5
f 1708/1853/5 1709/1854/5 1702/1848/5
f 1709/1854/5 1710/1855/5 1703/1849/5
f 1710/1855/5 1711/1856/5 1704/1850/5
f 1711/1856/5 1712/183/5 1705/1806/5
f 81/1052/5 1608/1857/5 1706/1851/5
f 1608/1857/5 1609/1858/5 1707/1852/5
f 1609/1858/5 1610/1859/5 1708/1853/5
f 1610/1859/5 1611/1860/5 1709/1854/5
f 1611/1860/5 1612/1861/5 1710/1855/5
f 1612/1861/5 1613/1862/5 1711/1856/5
f 1613/1862/5 1614/181/5 1712/183/5
f 1719/1863/4 1566/1866/4 84/1864/4
f 1726/1865/4 1567/1868/4 1566/1866/4
f 1733/1867/4 1568/1870/4 1567/1868/4
f 1740/1869/4 1569/1872/4 1568/1870/4
f 1747/1871/4 1570/1874/4 1569/1872/4
f 1754/1873/4 1571/1875/4 1570/1874/4
f 1761/180/4 1572/179/4 1571/1875/4
f 1551/1876/4 1713/1879/4 1587/1877/4
f 1713/1879/4 1714/1881/4 1588/1880/4
f 1714/1881/4 1715/1883/4 1589/1882/4
f 1715/1883/4 1716/1885/4 1590/1884/4
f 1716/1885/4 1717/1887/4 1591/1886/4
f 1717/1887/4 1718/1889/4 1592/1888/4
f 1718/1889/4 1719/1863/4 1593/175/4
f 1550/1890/4 1720/1891/4 1713/1879/4
f 1720/1891/4 1721/1892/4 1714/1881/4
f 1721/1892/4 1722/1893/4 1715/1883/4
f 1722/1893/4 1723/1894/4 1716/1885/4
f 1723/1894/4 1724/1895/4 1717/1887/4
f 1724/1895/4 1725/1896/4 1718/1889/4
f 1725/1896/4 1726/1865/4 1719/1863/4
f 1549/1897/4 1727/1898/4 1720/1891/4
f 1727/1898/4 1728/1899/4 1721/1892/4
f 1728/1899/4 1729/1900/4 1722/1893/4
f 1729/1900/4 1730/1901/4 1723/1894/4
f 1730/1901/4 1731/1902/4 1724/1895/4
f 1731/1902/4 1732/1903/4 1725/1896/4
f 1732/1903/4 1733/1867/4 1726/1865/4
f 1548/1031/4 1734/1904/4 1727/1898/4
f 1734/1904/4 1735/1905/4 1728/1899/4
f 1735/1905/4 1736/1906/4 1729/1900/4
f 1736/1906/4 1737/1907/4 1730/1901/4
f 1737/1907/4 1738/1908/4 1731/1902/4
f 1738/1908/4 1739/1909/4 1732/1903/4
f 1739/1909/4 1740/1869/4 1733/1867/4
f 1547/1034/4 1741/1910/4 1734/1904/4
f 1741/1910/4 1742/1911/4 1735/1905/4
f 1742/1911/4 1743/1912/4 1736/1906/4
f 1743/1912/4 1744/1913/4 1737/1907/4
f 1744/1913/4 1745/1914/4 1738/1908/4
f 1745/1914/4 1746/1915/4 1739/1909/4
f 1746/1915/4 1747/1871/4 1740/1869/4
f 1546/1036/4 1748/1916/4 1741/1910/4
f 1748/1916/4 1749/1917/4 1742/1911/4
f 1749/1917/4 1750/1918/4 1743/1912/4
f 1750/1918/4 1751/1919/4 1744/1913/4
f 1751/1919/4 1752/1920/4 1745/1914/4
f 1752/1920/4 1753/1921/4 1746/1915/4
f 1753/1921/4 1754/1873/4 1747/1871/4
f 1545/1038/4 1755/1922/4 1748/1916/4
f 1755/1922/4 1756/1923/4 1749/1917/4
f 1756/1923/4 1757/1924/4 1750/1918/4
f 1757/1924/4 1758/1925/4 1751/1919/4
f 1758/1925/4 1759/1926/4 1752/1920/4
f 1759/1926/4 1760/1927/4 1753/1921/4
f 1760/1927/4 1761/180/4 1754/1873/4
f 82/1040/4 1601/1809/4 1755/1922/4
f 1601/1809/4 1602/1811/4 1756/1923/4
f 1602/1811/4 1603/1813/4 1757/1924/4
f 1603/1813/4 1604/1815/4 1758/1925/4
f 1604/1815/4 1605/1817/4 1759/1926/4
f 1605/1817/4 1606/1819/4 1760/1927/4
f 1606/1819/4 1607/178/4 1761/180/4
f 1768/1928/3 1559/1931/3 83/1929/3
f 1775/1930/3 1560/1933/3 1559/1931/3
f 1782/1932/3 1561/1935/3 1560/1933/3
f 1789/1934/3 1562/1937/3 1561/1935/3
f 1796/1936/3 1563/1939/3 1562/1937/3
f 1803/1938/3 1564/1940/3 1563/1939/3
f 1810/177/3 1565/176/3 1564/1940/3
f 1558/1941/3 1762/1942/3 1600/1790/3
f 1762/1942/3 1763/1943/3 1599/1791/3
f 1763/1943/3 1764/1944/3 1598/1792/3
f 1764/1944/3 1765/1945/3 1597/1793/3
f 1765/1945/3 1766/1946/3 1596/1794/3
f 1766/1946/3 1767/1947/3 1595/1795/3
f 1767/1947/3 1768/1928/3 1594/184/3
f 1557/1948/3 1769/1949/3 1762/1942/3
f 1769/1949/3 1770/1950/3 1763/1943/3
f 1770/1950/3 1771/1951/3 1764/1944/3
f 1771/1951/3 1772/1952/3 1765/1945/3
f 1772/1952/3 1773/1953/3 1766/1946/3
f 1773/1953/3 1774/1954/3 1767/1947/3
f 1774/1954/3 1775/1930/3 1768/1928/3
f 1556/109/3 1776/1955/3 1769/1949/3
f 1776/1955/3 1777/1956/3 1770/1950/3
f 1777/1956/3 1778/1957/3 1771/1951/3
f 1778/1957/3 1779/1958/3 1772/1952/3
f 1779/1958/3 1780/1959/3 1773/1953/3
f 1780/1959/3 1781/1960/3 1774/1954/3
f 1781/1960/3 1782/1932/3 1775/1930/3
f 1555/1961/3 1783/1962/3 1776/1955/3
f 1783/1962/3 1784/1963/3 1777/1956/3
f 1784/1963/3 1785/1964/3 1778/1957/3
f 1785/1964/3 1786/1965/3 1779/1958/3
f 1786/1965/3 1787/1966/3 1780/1959/3
f 1787/1966/3 1788/1967/3 1781/1960/3
f 1788/1967/3 1789/1934/3 1782/1932/3
f 1554/1968/3 1790/1969/3 1783/1962/3
f 1790/1969/3 1791/1970/3 1784/1963/3
f 1791/1970/3 1792/1971/3 1785/1964/3
f 1792/1971/3 1793/1972/3 1786/1965/3
f 1793/1972/3 1794/1973/3 1787/1966/3
f 1794/1973/3 1795/1974/3 1788/1967/3
f 1795/1974/3 1796/1936/3 1789/1934/3
f 1553/1975/3 1797/1976/3 1790/1969/3
f 1797/1976/3 1798/1977/3 1791/1970/3
f 1798/1977/3 1799/1978/3 1792/1971/3
f 1799/1978/3 1800/1979/3 1793/1972/3
f 1800/1979/3 1801/1980/3 1794/1973/3
f 1801/1980/3 1802/1981/3 1795/1974/3
f 1802/1981/3 1803/1938/3 1796/1936/3
f 1552/1982/3 1804/1983/3 1797/1976/3
f 1804/1983/3 1805/1984/3 1798/1977/3
f 1805/1984/3 1806/1985/3 1799/1978/3
f 1806/1985/3 1807/1986/3 1800/1979/3
f 1807/1986/3 1808/1987/3 1801/1980/3
f 1808/1987/3 1809/1988/3 1802/1981/3
f 1809/1988/3 1810/177/3 1803/1938/3
f 80/1878/3 1587/1877/3 1804/1983/3
f 1587/1877/3 1588/1880/3 1805/1984/3
f 1588/1880/3 1589/1882/3 1806/1985/3
f 1589/1882/3 1590/1884/3 1807/1986/3
f 1590/1884/3 1591/1886/3 1808/1987/3
f 1591/1886/3 1592/1888/3 1809/1988/3
f 1592/1888/3 1593/175/3 1810/177/3
f 1817/1989/2 1579/1993/2 85/1990/2
f 1824/1992/2 1578/1995/2 1579/1993/2
f 1831/1994/2 1577/1997/2 1578/1995/2
f 1838/1996/2 1576/1999/2 1577/1997/2
f 1845/1998/2 1575/2001/2 1576/1999/2
f 1852/2000/2 1574/2002/2 1575/2001/2
f 1859/174/2 1573/173/2 1574/2002/2
f 1559/1931/2 1811/2004/2 1586/2003/2
f 1811/2004/2 1812/2006/2 1585/2005/2
f 1812/2006/2 1813/2008/2 1584/2007/2
f 1813/2008/2 1814/2010/2 1583/2009/2
f 1814/2010/2 1815/2012/2 1582/2011/2
f 1815/2012/2 1816/2014/2 1581/2013/2
f 1816/2014/2 1817/1989/2 1580/1991/2
f 1560/1933/2 1818/2015/2 1811/2004/2
f 1818/2015/2 1819/2016/2 1812/2006/2
f 1819/2016/2 1820/2017/2 1813/2008/2
f 1820/2017/2 1821/2018/2 1814/2010/2
f 1821/2018/2 1822/2019/2 1815/2012/2
f 1822/2019/2 1823/2020/2 1816/2014/2
f 1823/2020/2 1824/1992/2 1817/1989/2
f 1561/1935/2 1825/2021/2 1818/2015/2
f 1825/2021/2 1826/2022/2 1819/2016/2
f 1826/2022/2 1827/2023/2 1820/2017/2
f 1827/2023/2 1828/2024/2 1821/2018/2
f 1828/2024/2 1829/2025/2 1822/2019/2
f 1829/2025/2 1830/2026/2 1823/2020/2
f 1830/2026/2 1831/1994/2 1824/1992/2
f 1562/1937/2 1832/2027/2 1825/2021/2
f 1832/2027/2 1833/2028/2 1826/2022/2
f 1833/2028/2 1834/2029/2 1827/2023/2
f 1834/2029/2 1835/2030/2 1828/2024/2
f 1835/2030/2 1836/2031/2 1829/2025/2
f 1836/2031/2 1837/2032/2 1830/2026/2
f 1837/2032/2 1838/1996/2 1831/1994/2
f 1563/1939/2 1839/2033/2 1832/2027/2
f 1839/2033/2 1840/2034/2 1833/2028/2
f 1840/2034/2 1841/2035/2 1834/2029/2
f 1841/2035/2 1842/2036/2 1835/2030/2
f 1842/2036/2 1843/2037/2 1836/2031/2
f 1843/2037/2 1844/2038/2 1837/2032/2
f 1844/2038/2 1845/1998/2 1838/1996/2
f 1564/1940/2 1846/2039/2 1839/2033/2
f 1846/2039/2 1847/2040/2 1840/2034/2
f 1847/2040/2 1848/2041/2 1841/2035/2
f 1848/2041/2 1849/2042/2 1842/2036/2
f 1849/2042/2 1850/2043/2 1843/2037/2
f 1850/2043/2 1851/2044/2 1844/2038/2
f 1851/2044/2 1852/2000/2 1845/1998/2
f 1565/176/2 1853/2045/2 1846/2039/2
f 1853/2045/2 1854/2046/2 1847/2040/2
f 1854/2046/2 1855/2047/2 1848/2041/2
f 1855/2047/2 1856/2048/2 1849/2042/2
f 1856/2048/2 1857/2049/2 1850/2043/2
f 1857/2049/2 1858/2050/2 1851/2044/2
f 1858/2050/2 1859/174/2 1852/2000/2
f 84/1864/2 1566/2051/2 1853/2045/2
f 1566/2051/2 1567/2052/2 1854/2046/2
f 1567/2052/2 1568/2053/2 1855/2047/2
f 1568/2053/2 1569/2054/2 1856/2048/2
f 1569/2054/2 1570/2055/2 1857/2049/2
f 1570/2055/2 1571/2056/2 1858/2050/2
f 1571/2056/2 1572/172/2 1859/174/2
f 1866/2057/1 1551/2059/1 80/1797/1
f 1873/2058/1 1550/2061/1 1551/2059/1
f 1880/2060/1 1549/2063/1 1550/2061/1
f 1887/2062/1 1548/2065/1 1549/2063/1
f 1894/2064/1 1547/2067/1 1548/2065/1
f 1901/2066/1 1546/2068/1 1547/2067/1
f 1908/171/1 1545/170/1 1546/2068/1
f 1531/2051/1 1860/2069/1 1558/1866/1
f 1860/2069/1 1861/2070/1 1557/1868/1
f 1861/2070/1 1862/2071/1 1556/1870/1
f 1862/2071/1 1863/2072/1 1555/1872/1
f 1863/2072/1 1864/2073/1 1554/1874/1
f 1864/2073/1 1865/2074/1 1553/1875/1
f 1865/2074/1 1866/2057/1 1552/179/1
f 1532/2052/1 1867/2075/1 1860/2069/1
f 1867/2075/1 1868/2076/1 1861/2070/1
f 1868/2076/1 1869/2077/1 1862/2071/1
f 1869/2077/1 1870/2078/1 1863/2072/1
f 1870/2078/1 1871/2079/1 1864/2073/1
f 1871/2079/1 1872/2080/1 1865/2074/1
f 1872/2080/1 1873/2058/1 1866/2057/1
f 1533/2053/1 1874/2081/1 1867/2075/1
f 1874/2081/1 1875/2082/1 1868/2076/1
f 1875/2082/1 1876/2083/1 1869/2077/1
f 1876/2083/1 1877/2084/1 1870/2078/1
f 1877/2084/1 1878/2085/1 1871/2079/1
f 1878/2085/1 1879/2086/1 1872/2080/1
f 1879/2086/1 1880/2060/1 1873/2058/1
f 1534/2054/1 1881/2087/1 1874/2081/1
f 1881/2087/1 1882/2088/1 1875/2082/1
f 1882/2088/1 1883/2089/1 1876/2083/1
f 1883/2089/1 1884/2090/1 1877/2084/1
f 1884/2090/1 1885/2091/1 1878/2085/1
f 1885/2091/1 1886/2092/1 1879/2086/1
f 1886/2092/1 1887/2062/1 1880/2060/1
f 1535/2055/1 1888/2093/1 1881/2087/1
f 1888/2093/1 1889/2094/1 1882/2088/1
f 1889/2094/1 1890/2095/1 1883/2089/1
f 1890/2095/1 1891/2096/1 1884/2090/1
f 1891/2096/1 1892/2097/1 1885/2091/1
f 1892/2097/1 1893/2098/1 1886/2092/1
f 1893/2098/1 1894/2064/1 1887/2062/1
f 1536/2056/1 1895/2099/1 1888/2093/1
f 1895/2099/1 1896/2100/1 1889/2094/1
f 1896/2100/1 1897/2101/1 1890/2095/1
f 1897/2101/1 1898/2102/1 1891/2096/1
f 1898/2102/1 1899/2103/1 1892/2097/1
f 1899/2103/1 1900/2104/1 1893/2098/1
f 1900/2104/1 1901/2066/1 1894/2064/1
f 1537/172/1 1902/2105/1 1895/2099/1
f 1902/2105/1 1903/2106/1 1896/2100/1
f 1903/2106/1 1904/2107/1 1897/2101/1
f 1904/2107/1 1905/2108/1 1898/2102/1
f 1905/2108/1 1906/2109/1 1899/2103/1
f 1906/2109/1 1907/2110/1 1900/2104/1
f 1907/2110/1 1908/171/1 1901/2066/1
f 81/2111/1 1538/2112/1 1902/2105/1
f 1538/2112/1 1539/2113/1 1903/2106/1
f 1539/2113/1 1540/2114/1 1904/2107/1
f 1540/2114/1 1541/2115/1 1905/2108/1
f 1541/2115/1 1542/2116/1 1906/2109/1
f 1542/2116/1 1543/2117/1 1907/2110/1
f 1543/2117/1 1544/169/1 1908/171/1
f 1999/2118/6 1958/2121/6 93/2119/6
f 2006/2120/6 1959/2123/6 1958/2121/6
f 2013/2122/6 1960/2125/6 1959/2123/6
f 2020/2124/6 1961/2127/6 1960/2125/6
f 2027/2126/6 1962/2129/6 1961/2127/6
f 2034/2128/6 1963/2130/6 1962/2129/6
f 2041/204/6 1964/203/6 1963/2130/6
f 1915/1054/6 1993/2131/6 1986/1857/6
f 1993/2131/6 1994/2132/6 1987/1858/6
f 1994/2132/6 1995/2133/6 1988/1859/6
f 1995/2133/6 1996/2134/6 1989/1860/6
f 1996/2134/6 1997/2135/6 1990/1861/6
f 1997/2135/6 1998/2136/6 1991/1862/6
f 1998/2136/6 1999/2118/6 1992/181/6
f 1914/1056/6 2000/2137/6 1993/2131/6
f 2000/2137/6 2001/2138/6 1994/2132/6
f 2001/2138/6 2002/2139/6 1995/2133/6
f 2002/2139/6 2003/2140/6 1996/2134/6
f 2003/2140/6 2004/2141/6 1997/2135/6
f 2004/2141/6 2005/2142/6 1998/2136/6
f 2005/2142/6 2006/2120/6 1999/2118/6
f 1913/2143/6 2007/2144/6 2000/2137/6
f 2007/2144/6 2008/2145/6 2001/2138/6
f 2008/2145/6 2009/2146/6 2002/2139/6
f 2009/2146/6 2010/2147/6 2003/2140/6
f 2010/2147/6 2011/2148/6 2004/2141/6
f 2011/2148/6 2012/2149/6 2005/2142/6
f 2012/2149/6 2013/2122/6 2006/2120/6
f 1912/2150/6 2014/2151/6 2007/2144/6
f 2014/2151/6 2015/2152/6 2008/2145/6
f 2015/2152/6 2016/2153/6 2009/2146/6
f 2016/2153/6 2017/2154/6 2010/2147/6
f 2017/2154/6 2018/2155/6 2011/2148/6
f 2018/2155/6 2019/2156/6 2012/2149/6
f 2019/2156/6 2020/2124/6 2013/2122/6
f 1911/2157/6 2021/2158/6 2014/2151/6
f 2021/2158/6 2022/2159/6 2015/2152/6
f 2022/2159/6 2023/2160/6 2016/2153/6
f 2023/2160/6 2024/2161/6 2017/2154/6
f 2024/2161/6 2025/2162/6 2018/2155/6
f 2025/2162/6 2026/2163/6 2019/2156/6
f 2026/2163/6 2027/2126/6 2020/2124/6
f 1910/2164/6 2028/2165/6 2021/2158/6
f 2028/2165/6 2029/2166/6 2022/2159/6
f 2029/2166/6 2030/2167/6 2023/2160/6
f 2030/2167/6 2031/2168/6 2024/2161/6
f 2031/2168/6 2032/2169/6 2025/2162/6
f 2032/2169/6 2033/2170/6 2026/2163/6
f 2033/2170/6 2034/2128/6 2027/2126/6
f 1909/2171/6 2035/2172/6 2028/2165/6
f 2035/2172/6 2036/2173/6 2029/2166/6
f 2036/2173/6 2037/2174/6 2030/2167/6
f 2037/2174/6 2038/2175/6 2031/2168/6
f 2038/2175/6 2039/2176/6 2032/2169/6
f 2039/2176/6 2040/2177/6 2033/2170/6
f 2040/2177/6 2041/204/6 2034/2128/6
f 87/2178/6 1978/2179/6 2035/2172/6
f 1978/2179/6 1977/2180/6 2036/2173/6
f 1977/2180/6 1976/2181/6 2037/2174/6
f 1976/2181/6 1975/2182/6 2038/2175/6
f 1975/2182/6 1974/2183/6 2039/2176/6
f 1974/2183/6 1973/2184/6 2040/2177/6
f 1973/2184/6 1972/202/6 2041/204/6
f 2048/2185/5 1951/2188/5 94/2186/5
f 2055/2187/5 1952/2190/5 1951/2188/5
f 2062/2189/5 1953/2192/5 1952/2190/5
f 2069/2191/5 1954/2194/5 1953/2192/5
f 2076/2193/5 1955/2196/5 1954/2194/5
f 2083/2195/5 1956/2197/5 1955/2196/5
f 2090/201/5 1957/200/5 1956/2197/5
f 1922/2198/5 2042/2201/5 1979/2199/5
f 2042/2201/5 2043/2203/5 1980/2202/5
f 2043/2203/5 2044/2205/5 1981/2204/5
f 2044/2205/5 2045/2207/5 1982/2206/5
f 2045/2207/5 2046/2209/5 1983/2208/5
f 2046/2209/5 2047/2211/5 1984/2210/5
f 2047/2211/5 2048/2185/5 1985/196/5
f 1921/2212/5 2049/2213/5 2042/2201/5
f 2049/2213/5 2050/2214/5 2043/2203/5
f 2050/2214/5 2051/2215/5 2044/2205/5
f 2051/2215/5 2052/2216/5 2045/2207/5
f 2052/2216/5 2053/2217/5 2046/2209/5
f 2053/2217/5 2054/2218/5 2047/2211/5
f 2054/2218/5 2055/2187/5 2048/2185/5
f 1920/2219/5 2056/2220/5 2049/2213/5
f 2056/2220/5 2057/2221/5 2050/2214/5
f 2057/2221/5 2058/2222/5 2051/2215/5
f 2058/2222/5 2059/2223/5 2052/2216/5
f 2059/2223/5 2060/2224/5 2053/2217/5
f 2060/2224/5 2061/2225/5 2054/2218/5
f 2061/2225/5 2062/2189/5 2055/2187/5
f 1919/2226/5 2063/2227/5 2056/2220/5
f 2063/2227/5 2064/2228/5 2057/2221/5
f 2064/2228/5 2065/2229/5 2058/2222/5
f 2065/2229/5 2066/2230/5 2059/2223/5
f 2066/2230/5 2067/2231/5 2060/2224/5
f 2067/2231/5 2068/2232/5 2061/2225/5
f 2068/2232/5 2069/2191/5 2062/2189/5
f 1918/2233/5 2070/2234/5 2063/2227/5
f 2070/2234/5 2071/2235/5 2064/2228/5
f 2071/2235/5 2072/2236/5 2065/2229/5
f 2072/2236/5 2073/2237/5 2066/2230/5
f 2073/2237/5 2074/2238/5 2067/2231/5
f 2074/2238/5 2075/2239/5 2068/2232/5
f 2075/2239/5 2076/2193/5 2069/2191/5
f 1917/2240/5 2077/2241/5 2070/2234/5
f 2077/2241/5 2078/2242/5 2071/2235/5
f 2078/2242/5 2079/2243/5 2072/2236/5
f 2079/2243/5 2080/2244/5 2073/2237/5
f 2080/2244/5 2081/2245/5 2074/2238/5
f 2081/2245/5 2082/2246/5 2075/2239/5
f 2082/2246/5 2083/2195/5 2076/2193/5
f 1916/2247/5 2084/2248/5 2077/2241/5
f 2084/2248/5 2085/2249/5 2078/2242/5
f 2085/2249/5 2086/2250/5 2079/2243/5
f 2086/2250/5 2087/2251/5 2080/2244/5
f 2087/2251/5 2088/2252/5 2081/2245/5
f 2088/2252/5 2089/2253/5 2082/2246/5
f 2089/2253/5 2090/201/5 2083/2195/5
f 89/2254/5 1986/2255/5 2084/2248/5
f 1986/2255/5 1987/2256/5 2085/2249/5
f 1987/2256/5 1988/2257/5 2086/2250/5
f 1988/2257/5 1989/2258/5 2087/2251/5
f 1989/2258/5 1990/2259/5 2088/2252/5
f 1990/2259/5 1991/2260/5 2089/2253/5
f 1991/2260/5 1992/199/5 2090/201/5
f 2097/2261/4 1944/2264/4 92/2262/4
f 2104/2263/4 1945/2266/4 1944/2264/4
f 2111/2265/4 1946/2268/4 1945/2266/4
f 2118/2267/4 1947/2270/4 1946/2268/4
f 2125/2269/4 1948/2272/4 1947/2270/4
f 2132/2271/4 1949/2273/4 1948/2272/4
f 2139/198/4 1950/197/4 1949/2273/4
f 1929/37/4 2091/2275/4 1965/2274/4
f 2091/2275/4 2092/2277/4 1966/2276/4
f 2092/2277/4 2093/2279/4 1967/2278/4
f 2093/2279/4 2094/2281/4 1968/2280/4
f 2094/2281/4 2095/2283/4 1969/2282/4
f 2095/2283/4 2096/2285/4 1970/2284/4
f 2096/2285/4 2097/2261/4 1971/193/4
f 1928/2286/4 2098/2287/4 2091/2275/4
f 2098/2287/4 2099/2288/4 2092/2277/4
f 2099/2288/4 2100/2289/4 2093/2279/4
f 2100/2289/4 2101/2290/4 2094/2281/4
f 2101/2290/4 2102/2291/4 2095/2283/4
f 2102/2291/4 2103/2292/4 2096/2285/4
f 2103/2292/4 2104/2263/4 2097/2261/4
f 1927/2293/4 2105/2294/4 2098/2287/4
f 2105/2294/4 2106/2295/4 2099/2288/4
f 2106/2295/4 2107/2296/4 2100/2289/4
f 2107/2296/4 2108/2297/4 2101/2290/4
f 2108/2297/4 2109/2298/4 2102/2291/4
f 2109/2298/4 2110/2299/4 2103/2292/4
f 2110/2299/4 2111/2265/4 2104/2263/4
f 1926/2300/4 2112/2301/4 2105/2294/4
f 2112/2301/4 2113/2302/4 2106/2295/4
f 2113/2302/4 2114/2303/4 2107/2296/4
f 2114/2303/4 2115/2304/4 2108/2297/4
f 2115/2304/4 2116/2305/4 2109/2298/4
f 2116/2305/4 2117/2306/4 2110/2299/4
f 2117/2306/4 2118/2267/4 2111/2265/4
f 1925/2307/4 2119/2308/4 2112/2301/4
f 2119/2308/4 2120/2309/4 2113/2302/4
f 2120/2309/4 2121/2310/4 2114/2303/4
f 2121/2310/4 2122/2311/4 2115/2304/4
f 2122/2311/4 2123/2312/4 2116/2305/4
f 2123/2312/4 2124/2313/4 2117/2306/4
f 2124/2313/4 2125/2269/4 2118/2267/4
f 1924/2314/4 2126/2315/4 2119/2308/4
f 2126/2315/4 2127/2316/4 2120/2309/4
f 2127/2316/4 2128/2317/4 2121/2310/4
f 2128/2317/4 2129/2318/4 2122/2311/4
f 2129/2318/4 2130/2319/4 2123/2312/4
f 2130/2319/4 2131/2320/4 2124/2313/4
f 2131/2320/4 2132/2271/4 2125/2269/4
f 1923/2321/4 2133/2322/4 2126/2315/4
f 2133/2322/4 2134/2323/4 2127/2316/4
f 2134/2323/4 2135/2324/4 2128/2317/4
f 2135/2324/4 2136/2325/4 2129/2318/4
f 2136/2325/4 2137/2326/4 2130/2319/4
f 2137/2326/4 2138/2327/4 2131/2320/4
f 2138/2327/4 2139/198/4 2132/2271/4
f 90/2200/4 1979/2199/4 2133/2322/4
f 1979/2199/4 1980/2202/4 2134/2323/4
f 1980/2202/4 1981/2204/4 2135/2324/4
f 1981/2204/4 1982/2206/4 2136/2325/4
f 1982/2206/4 1983/2208/4 2137/2326/4
f 1983/2208/4 1984/2210/4 2138/2327/4
f 1984/2210/4 1985/196/4 2139/198/4
f 2146/2328/3 1937/2331/3 91/2329/3
f 2153/2330/3 1938/2333/3 1937/2331/3
f 2160/2332/3 1939/2335/3 1938/2333/3
f 2167/2334/3 1940/2337/3 1939/2335/3
f 2174/2336/3 1941/2339/3 1940/2337/3
f 2181/2338/3 1942/2340/3 1941/2339/3
f 2188/195/3 1943/194/3 1942/2340/3
f 1936/2341/3 2140/2342/3 1978/2179/3
f 2140/2342/3 2141/2349/3 1977/2180/3
f 1977/2180/3 2141/2349/3 2142/2343/3
f 1976/2181/3 2142/2343/3 2143/2344/3
f 1975/2182/3 2143/2344/3 2144/2345/3
f 2144/2345/3 2145/2346/3 1973/2184/3
f 2145/2346/3 2146/2328/3 1972/202/3
f 1935/2347/3 2147/2348/3 2140/2342/3
f 2147/2348/3 2148/2350/3 2141/2349/3
f 2148/2350/3 2149/2351/3 2142/2343/3
f 2149/2351/3 2150/2352/3 2143/2344/3
f 2150/2352/3 2151/2353/3 2144/2345/3
f 2151/2353/3 2152/2354/3 2145/2346/3
f 2152/2354/3 2153/2330/3 2146/2328/3
f 1934/2355/3 2154/2356/3 2147/2348/3
f 2154/2356/3 2155/2357/3 2148/2350/3
f 2155/2357/3 2156/2358/3 2149/2351/3
f 2156/2358/3 2157/2359/3 2150/2352/3
f 2157/2359/3 2158/2360/3 2151/2353/3
f 2158/2360/3 2159/2361/3 2152/2354/3
f 2159/2361/3 2160/2332/3 2153/2330/3
f 1933/808/3 2161/2362/3 2154/2356/3
f 2161/2362/3 2162/2363/3 2155/2357/3
f 2162/2363/3 2163/2364/3 2156/2358/3
f 2163/2364/3 2164/2365/3 2157/2359/3
f 2164/2365/3 2165/2366/3 2158/2360/3
f 2165/2366/3 2166/2367/3 2159/2361/3
f 2166/2367/3 2167/2334/3 2160/2332/3
f 1932/810/3 2168/2368/3 2161/2362/3
f 2168/2368/3 2169/2369/3 2162/2363/3
f 2169/2369/3 2170/2370/3 2163/2364/3
f 2170/2370/3 2171/2371/3 2164/2365/3
f 2171/2371/3 2172/2372/3 2165/2366/3
f 2172/2372/3 2173/2373/3 2166/2367/3
f 2173/2373/3 2174/2336/3 2167/2334/3
f 1931/41/3 2175/2374/3 2168/2368/3
f 2175/2374/3 2176/2375/3 2169/2369/3
f 2176/2375/3 2177/2376/3 2170/2370/3
f 2177/2376/3 2178/2377/3 2171/2371/3
f 2178/2377/3 2179/2378/3 2172/2372/3
f 2179/2378/3 2180/2379/3 2173/2373/3
f 2180/2379/3 2181/2338/3 2174/2336/3
f 1930/811/3 2182/2380/3 2175/2374/3
f 2182/2380/3 2183/2381/3 2176/2375/3
f 2183/2381/3 2184/2382/3 2177/2376/3
f 2184/2382/3 2185/2383/3 2178/2377/3
f 2185/2383/3 2186/2384/3 2179/2378/3
f 2186/2384/3 2187/2385/3 2180/2379/3
f 2187/2385/3 2188/195/3 2181/2338/3
f 88/813/3 1965/2274/3 2182/2380/3
f 1965/2274/3 1966/2276/3 2183/2381/3
f 1966/2276/3 1967/2278/3 2184/2382/3
f 1967/2278/3 1968/2280/3 2185/2383/3
f 1968/2280/3 1969/2282/3 2186/2384/3
f 1969/2282/3 1970/2284/3 2187/2385/3
f 1970/2284/3 1971/193/3 2188/195/3
f 2195/2386/2 1957/2390/2 93/2387/2
f 2202/2389/2 1956/2392/2 1957/2390/2
f 2209/2391/2 1955/2394/2 1956/2392/2
f 2216/2393/2 1954/2396/2 1955/2394/2
f 2223/2395/2 1953/2398/2 1954/2396/2
f 2230/2397/2 1952/2399/2 1953/2398/2
f 2237/192/2 1951/191/2 1952/2399/2
f 1937/2331/2 2189/2401/2 1964/2400/2
f 2189/2401/2 2190/2403/2 1963/2402/2
f 2190/2403/2 2191/2405/2 1962/2404/2
f 2191/2405/2 2192/2407/2 1961/2406/2
f 2192/2407/2 2193/2409/2 1960/2408/2
f 2193/2409/2 2194/2411/2 1959/2410/2
f 2194/2411/2 2195/2386/2 1958/2388/2
f 1938/2333/2 2196/2412/2 2189/2401/2
f 2196/2412/2 2197/2413/2 2190/2403/2
f 2197/2413/2 2198/2414/2 2191/2405/2
f 2198/2414/2 2199/2415/2 2192/2407/2
f 2199/2415/2 2200/2416/2 2193/2409/2
f 2200/2416/2 2201/2417/2 2194/2411/2
f 2201/2417/2 2202/2389/2 2195/2386/2
f 1939/2335/2 2203/2418/2 2196/2412/2
f 2203/2418/2 2204/2419/2 2197/2413/2
f 2204/2419/2 2205/2420/2 2198/2414/2
f 2205/2420/2 2206/2421/2 2199/2415/2
f 2206/2421/2 2207/2422/2 2200/2416/2
f 2207/2422/2 2208/2423/2 2201/2417/2
f 2208/2423/2 2209/2391/2 2202/2389/2
f 1940/2337/2 2210/2424/2 2203/2418/2
f 2210/2424/2 2211/2425/2 2204/2419/2
f 2211/2425/2 2212/2426/2 2205/2420/2
f 2212/2426/2 2213/2427/2 2206/2421/2
f 2213/2427/2 2214/2428/2 2207/2422/2
f 2214/2428/2 2215/2429/2 2208/2423/2
f 2215/2429/2 2216/2393/2 2209/2391/2
f 1941/2339/2 2217/2430/2 2210/2424/2
f 2217/2430/2 2218/2431/2 2211/2425/2
f 2218/2431/2 2219/2432/2 2212/2426/2
f 2219/2432/2 2220/2433/2 2213/2427/2
f 2220/2433/2 2221/2434/2 2214/2428/2
f 2221/2434/2 2222/2435/2 2215/2429/2
f 2222/2435/2 2223/2395/2 2216/2393/2
f 1942/2340/2 2224/2436/2 2217/2430/2
f 2224/2436/2 2225/2437/2 2218/2431/2
f 2225/2437/2 2226/2438/2 2219/2432/2
f 2226/2438/2 2227/2439/2 2220/2433/2
f 2227/2439/2 2228/2440/2 2221/2434/2
f 2228/2440/2 2229/2441/2 2222/2435/2
f 2229/2441/2 2230/2397/2 2223/2395/2
f 1943/194/2 2231/2442/2 2224/2436/2
f 2231/2442/2 2232/2443/2 2225/2437/2
f 2232/2443/2 2233/2444/2 2226/2438/2
f 2233/2444/2 2234/2445/2 2227/2439/2
f 2234/2445/2 2235/2446/2 2228/2440/2
f 2235/2446/2 2236/2447/2 2229/2441/2
f 2236/2447/2 2237/192/2 2230/2397/2
f 92/2262/2 1944/2448/2 2231/2442/2
f 1944/2448/2 1945/2449/2 2232/2443/2
f 1945/2449/2 1946/2450/2 2233/2444/2
f 1946/2450/2 1947/2451/2 2234/2445/2
f 1947/2451/2 1948/2452/2 2235/2446/2
f 1948/2452/2 1949/2453/2 2236/2447/2
f 1949/2453/2 1950/190/2 2237/192/2
f 2244/2454/1 1929/2456/1 88/2186/1
f 2251/2455/1 1928/2458/1 1929/2456/1
f 2258/2457/1 1927/2460/1 1928/2458/1
f 2265/2459/1 1926/2462/1 1927/2460/1
f 2272/2461/1 1925/2464/1 1926/2462/1
f 2279/2463/1 1924/2465/1 1925/2464/1
f 2286/189/1 1923/188/1 1924/2465/1
f 1909/2448/1 2238/2466/1 1936/2264/1
f 2238/2466/1 2239/2468/1 1935/2467/1
f 2239/2468/1 2240/2469/1 1934/2268/1
f 2240/2469/1 2241/2470/1 1933/2270/1
f 2241/2470/1 2242/2471/1 1932/2272/1
f 2242/2471/1 2243/2472/1 1931/2273/1
f 2243/2472/1 2244/2454/1 1930/197/1
f 1910/2449/1 2245/2473/1 2238/2466/1
f 2245/2473/1 2246/2474/1 2239/2468/1
f 2246/2474/1 2247/2475/1 2240/2469/1
f 2247/2475/1 2248/2476/1 2241/2470/1
f 2248/2476/1 2249/2477/1 2242/2471/1
f 2249/2477/1 2250/2478/1 2243/2472/1
f 2250/2478/1 2251/2455/1 2244/2454/1
f 1911/2450/1 2252/2479/1 2245/2473/1
f 2252/2479/1 2253/2480/1 2246/2474/1
f 2253/2480/1 2254/2481/1 2247/2475/1
f 2254/2481/1 2255/2482/1 2248/2476/1
f 2255/2482/1 2256/2483/1 2249/2477/1
f 2256/2483/1 2257/2484/1 2250/2478/1
f 2257/2484/1 2258/2457/1 2251/2455/1
f 1912/2451/1 2259/2485/1 2252/2479/1
f 2259/2485/1 2260/2486/1 2253/2480/1
f 2260/2486/1 2261/2487/1 2254/2481/1
f 2261/2487/1 2262/2488/1 2255/2482/1
f 2262/2488/1 2263/2489/1 2256/2483/1
f 2263/2489/1 2264/2490/1 2257/2484/1
f 2264/2490/1 2265/2459/1 2258/2457/1
f 1913/2452/1 2266/2491/1 2259/2485/1
f 2266/2491/1 2267/2492/1 2260/2486/1
f 2267/2492/1 2268/2493/1 2261/2487/1
f 2268/2493/1 2269/2494/1 2262/2488/1
f 2269/2494/1 2270/2495/1 2263/2489/1
f 2270/2495/1 2271/2496/1 2264/2490/1
f 2271/2496/1 2272/2461/1 2265/2459/1
f 1914/2453/1 2273/2497/1 2266/2491/1
f 2273/2497/1 2274/2498/1 2267/2492/1
f 2274/2498/1 2275/2499/1 2268/2493/1
f 2275/2499/1 2276/2500/1 2269/2494/1
f 2276/2500/1 2277/2501/1 2270/2495/1
f 2277/2501/1 2278/2502/1 2271/2496/1
f 2278/2502/1 2279/2463/1 2272/2461/1
f 1915/190/1 2280/2503/1 2273/2497/1
f 2280/2503/1 2281/2504/1 2274/2498/1
f 2281/2504/1 2282/2505/1 2275/2499/1
f 2282/2505/1 2283/2506/1 2276/2500/1
f 2283/2506/1 2284/2507/1 2277/2501/1
f 2284/2507/1 2285/2508/1 2278/2502/1
f 2285/2508/1 2286/189/1 2279/2463/1
f 89/2509/1 1916/2510/1 2280/2503/1
f 1916/2510/1 1917/2511/1 2281/2504/1
f 1917/2511/1 1918/2512/1 2282/2505/1
f 1918/2512/1 1919/2513/1 2283/2506/1
f 1919/2513/1 1920/2514/1 2284/2507/1
f 1920/2514/1 1921/2515/1 2285/2508/1
f 1921/2515/1 1922/187/1 2286/189/1
f 63/2516/6 2308/2519/6 2387/2517/6
f 2308/2519/6 2307/2521/6 2390/2520/6
f 2307/2521/6 2306/2523/6 2393/2522/6
f 2306/2523/6 2305/2525/6 2396/2524/6
f 2305/2525/6 2304/2527/6 2399/2526/6
f 2304/2527/6 2303/2529/6 2402/2528/6
f 2303/2529/6 2302/2531/6 2405/2530/6
f 2302/2531/6 2301/2533/6 2408/2532/6
f 2301/2533/6 2300/2535/6 2411/2534/6
f 2300/2535/6 2299/2537/6 2414/2536/6
f 2299/2537/6 2298/148/6 2417/150/6
f 65/400/5 2320/397/5 2541/2538/5
f 2320/397/5 2321/394/5 2544/2540/5
f 2321/394/5 2322/391/5 2547/2541/5
f 2322/391/5 2323/388/5 2550/2542/5
f 2323/388/5 2324/385/5 2553/2543/5
f 2324/385/5 2325/382/5 2556/2544/5
f 2325/382/5 2326/379/5 2559/2545/5
f 2326/379/5 2327/376/5 2562/2546/5
f 2327/376/5 2328/373/5 2565/2547/5
f 2328/373/5 2329/368/5 2568/2548/5
f 2329/368/5 2330/145/5 2571/147/5
f 66/2549/4 2309/2552/4 2420/2550/4
f 2309/2552/4 2310/2554/4 2423/2553/4
f 2310/2554/4 2311/2556/4 2426/2555/4
f 2311/2556/4 2312/2558/4 2429/2557/4
f 2312/2558/4 2313/2560/4 2432/2559/4
f 2313/2560/4 2314/2562/4 2435/2561/4
f 2314/2562/4 2315/2564/4 2438/2563/4
f 2315/2564/4 2316/2566/4 2441/2565/4
f 2316/2566/4 2317/2568/4 2444/2567/4
f 2317/2568/4 2318/2570/4 2447/2569/4
f 2318/2570/4 2319/142/4 2450/144/4
f 64/2571/3 2287/2574/3 2574/2572/3
f 2287/2574/3 2288/2576/3 2577/2575/3
f 2288/2576/3 2289/2578/3 2580/2577/3
f 2289/2578/3 2290/2580/3 2583/2579/3
f 2290/2580/3 2291/2582/3 2586/2581/3
f 2291/2582/3 2292/2584/3 2589/2583/3
f 2292/2584/3 2293/2586/3 2592/2585/3
f 2293/2586/3 2294/2588/3 2595/2587/3
f 2294/2588/3 2295/2590/3 2598/2589/3
f 2295/2590/3 2296/2592/3 2601/2591/3
f 2296/2592/3 2297/139/3 2604/141/3
f 49/2593/6 2352/2596/6 2463/2594/6
f 2352/2596/6 2351/2598/6 2466/2597/6
f 2351/2598/6 2350/2600/6 2469/2599/6
f 2350/2600/6 2349/2602/6 2472/2601/6
f 2349/2602/6 2348/2604/6 2475/2603/6
f 2348/2604/6 2347/2606/6 2478/2605/6
f 2347/2606/6 2346/2608/6 2481/2607/6
f 2346/2608/6 2345/2610/6 2484/2609/6
f 2345/2610/6 2344/2612/6 2487/2611/6
f 2344/2612/6 2343/2614/6 2490/2613/6
f 2343/2614/6 2342/2908/6 2493/2615/6
f 51/1322/5 2364/1319/5 2637/2616/5
f 2364/1319/5 2365/1316/5 2640/2618/5
f 2365/1316/5 2366/1313/5 2643/2619/5
f 2366/1313/5 2367/1310/5 2646/2620/5
f 2367/1310/5 2368/1307/5 2649/2621/5
f 2368/1307/5 2369/1304/5 2652/2622/5
f 2369/1304/5 2370/1301/5 2655/2623/5
f 2370/1301/5 2371/1298/5 2658/2624/5
f 2371/1298/5 2372/1295/5 2661/2625/5
f 2372/1295/5 2373/1290/5 2664/2626/5
f 2373/1290/5 2374/1289/5 2667/2627/5
f 52/2628/4 2353/2630/4 2496/2629/4
f 2353/2630/4 2354/2632/4 2499/2631/4
f 2354/2632/4 2355/2634/4 2502/2633/4
f 2355/2634/4 2356/2636/4 2505/2635/4
f 2356/2636/4 2357/2638/4 2508/2637/4
f 2357/2638/4 2358/2640/4 2511/2639/4
f 2358/2640/4 2359/2642/4 2514/2641/4
f 2359/2642/4 2360/2644/4 2517/2643/4
f 2360/2644/4 2361/2646/4 2520/2645/4
f 2361/2646/4 2362/2648/4 2523/2647/4
f 2362/2648/4 2363/2933/4 2526/2649/4
f 50/2650/3 2331/2652/3 2670/2651/3
f 2331/2652/3 2332/2654/3 2673/2653/3
f 2332/2654/3 2333/2656/3 2676/2655/3
f 2333/2656/3 2334/2658/3 2679/2657/3
f 2334/2658/3 2335/2660/3 2682/2659/3
f 2335/2660/3 2336/2662/3 2685/2661/3
f 2336/2662/3 2337/2664/3 2688/2663/3
f 2337/2664/3 2338/2666/3 2691/2665/3
f 2338/2666/3 2339/2668/3 2694/2667/3
f 2339/2668/3 2340/2670/3 2697/2669/3
f 2340/2670/3 2341/2747/3 2700/2671/3
f 2449/2672/4 2452/2674/4 2297/139/4
f 2448/2673/4 2451/2675/4 2452/2674/4
f 2447/2569/4 2450/144/4 2451/2675/4
f 2446/2676/4 2449/2672/4 2296/2592/4
f 2445/2677/4 2448/2673/4 2449/2672/4
f 2444/2567/4 2447/2569/4 2448/2673/4
f 2443/2678/4 2446/2676/4 2295/2590/4
f 2442/2679/4 2445/2677/4 2446/2676/4
f 2441/2565/4 2444/2567/4 2445/2677/4
f 2440/2680/4 2443/2678/4 2294/2588/4
f 2439/2681/4 2442/2679/4 2443/2678/4
f 2438/2563/4 2441/2565/4 2442/2679/4
f 2437/2682/4 2440/2680/4 2293/2586/4
f 2436/2683/4 2439/2681/4 2440/2680/4
f 2435/2561/4 2438/2563/4 2439/2681/4
f 2434/2684/4 2437/2682/4 2292/2584/4
f 2433/2685/4 2436/2683/4 2437/2682/4
f 2432/2559/4 2435/2561/4 2436/2683/4
f 2431/2686/4 2434/2684/4 2291/2582/4
f 2430/2687/4 2433/2685/4 2434/2684/4
f 2429/2557/4 2432/2559/4 2433/2685/4
f 2428/2688/4 2431/2686/4 2290/2580/4
f 2427/2689/4 2430/2687/4 2431/2686/4
f 2426/2555/4 2429/2557/4 2430/2687/4
f 2425/2690/4 2428/2688/4 2289/2578/4
f 2424/2691/4 2427/2689/4 2428/2688/4
f 2423/2553/4 2426/2555/4 2427/2689/4
f 2422/2692/4 2425/2690/4 2288/2576/4
f 2421/2693/4 2424/2691/4 2425/2690/4
f 2420/2550/4 2423/2553/4 2424/2691/4
f 2380/2694/4 2422/2692/4 2287/2574/4
f 2379/2695/4 2421/2693/4 2422/2692/4
f 2378/2551/4 2420/2550/4 2421/2693/4
f 2416/2696/6 2419/2699/6 2330/163/6
f 2415/2698/6 2418/2700/6 2419/2699/6
f 2414/2536/6 2417/150/6 2418/2700/6
f 2413/2701/6 2416/2696/6 2329/2697/6
f 2412/2703/6 2415/2698/6 2416/2696/6
f 2411/2534/6 2414/2536/6 2415/2698/6
f 2410/2704/6 2413/2701/6 2328/2702/6
f 2409/2706/6 2412/2703/6 2413/2701/6
f 2408/2532/6 2411/2534/6 2412/2703/6
f 2407/2707/6 2410/2704/6 2327/2705/6
f 2406/2709/6 2409/2706/6 2410/2704/6
f 2405/2530/6 2408/2532/6 2409/2706/6
f 2404/2710/6 2407/2707/6 2326/2708/6
f 2403/2712/6 2406/2709/6 2407/2707/6
f 2402/2528/6 2405/2530/6 2406/2709/6
f 2401/2713/6 2404/2710/6 2325/2711/6
f 2400/2715/6 2403/2712/6 2404/2710/6
f 2399/2526/6 2402/2528/6 2403/2712/6
f 2398/2716/6 2401/2713/6 2324/2714/6
f 2397/2718/6 2400/2715/6 2401/2713/6
f 2396/2524/6 2399/2526/6 2400/2715/6
f 2395/2719/6 2398/2716/6 2323/2717/6
f 2394/2721/6 2397/2718/6 2398/2716/6
f 2393/2522/6 2396/2524/6 2397/2718/6
f 2392/2722/6 2395/2719/6 2322/2720/6
f 2391/2724/6 2394/2721/6 2395/2719/6
f 2390/2520/6 2393/2522/6 2394/2721/6
f 2389/2725/6 2392/2722/6 2321/2723/6
f 2388/2727/6 2391/2724/6 2392/2722/6
f 2387/2517/6 2390/2520/6 2391/2724/6
f 2377/2728/6 2389/2725/6 2320/2726/6
f 2376/2730/6 2388/2727/6 2389/2725/6
f 2375/2518/6 2387/2517/6 2388/2727/6
f 2419/2699/6 2384/2732/6 69/2731/6
f 2418/2700/6 2385/2733/6 2384/2732/6
f 2417/150/6 2386/149/6 2385/2733/6
f 2452/2674/4 2381/2735/4 68/2734/4
f 2451/2675/4 2382/2736/4 2381/2735/4
f 2450/144/4 2383/143/4 2382/2736/4
f 68/2734/2 2381/2738/2 2607/2737/2
f 2381/2738/2 2382/2740/2 2610/2739/2
f 2382/2740/2 2383/136/2 2613/138/2
f 2618/2741/1 2380/2744/1 64/2742/1
f 2621/2743/1 2379/2745/1 2380/2744/1
f 2624/135/1 2378/134/1 2379/2745/1
f 2525/2746/4 2528/2749/4 2341/2747/4
f 2524/2748/4 2527/2750/4 2528/2749/4
f 2523/2647/4 2526/2649/4 2527/2750/4
f 2522/2751/4 2525/2746/4 2340/2670/4
f 2521/2752/4 2524/2748/4 2525/2746/4
f 2520/2645/4 2523/2647/4 2524/2748/4
f 2519/2753/4 2522/2751/4 2339/2668/4
f 2518/2754/4 2521/2752/4 2522/2751/4
f 2517/2643/4 2520/2645/4 2521/2752/4
f 2516/2755/4 2519/2753/4 2338/2666/4
f 2515/2756/4 2518/2754/4 2519/2753/4
f 2514/2641/4 2517/2643/4 2518/2754/4
f 2513/2757/4 2516/2755/4 2337/2664/4
f 2512/2758/4 2515/2756/4 2516/2755/4
f 2511/2639/4 2514/2641/4 2515/2756/4
f 2510/2759/4 2513/2757/4 2336/2662/4
f 2509/2760/4 2512/2758/4 2513/2757/4
f 2508/2637/4 2511/2639/4 2512/2758/4
f 2507/2761/4 2510/2759/4 2335/2660/4
f 2506/2762/4 2509/2760/4 2510/2759/4
f 2505/2635/4 2508/2637/4 2509/2760/4
f 2504/2763/4 2507/2761/4 2334/2658/4
f 2503/2764/4 2506/2762/4 2507/2761/4
f 2502/2633/4 2505/2635/4 2506/2762/4
f 2501/2765/4 2504/2763/4 2333/2656/4
f 2500/2766/4 2503/2764/4 2504/2763/4
f 2499/2631/4 2502/2633/4 2503/2764/4
f 2498/2767/4 2501/2765/4 2332/2654/4
f 2497/2768/4 2500/2766/4 2501/2765/4
f 2496/2629/4 2499/2631/4 2500/2766/4
f 2458/2769/4 2498/2767/4 2331/2652/4
f 2457/2770/4 2497/2768/4 2498/2767/4
f 2456/115/4 2496/2629/4 2497/2768/4
f 2492/2771/6 2495/2775/6 2374/2772/6
f 2491/2774/6 2494/2776/6 2495/2775/6
f 2490/2613/6 2493/2615/6 2494/2776/6
f 2489/2777/6 2492/2771/6 2373/2773/6
f 2488/2779/6 2491/2774/6 2492/2771/6
f 2487/2611/6 2490/2613/6 2491/2774/6
f 2486/2780/6 2489/2777/6 2372/2778/6
f 2485/2782/6 2488/2779/6 2489/2777/6
f 2484/2609/6 2487/2611/6 2488/2779/6
f 2483/2783/6 2486/2780/6 2371/2781/6
f 2482/2785/6 2485/2782/6 2486/2780/6
f 2481/2607/6 2484/2609/6 2485/2782/6
f 2480/2786/6 2483/2783/6 2370/2784/6
f 2479/2788/6 2482/2785/6 2483/2783/6
f 2478/2605/6 2481/2607/6 2482/2785/6
f 2477/2789/6 2480/2786/6 2369/2787/6
f 2476/2791/6 2479/2788/6 2480/2786/6
f 2475/2603/6 2478/2605/6 2479/2788/6
f 2474/2792/6 2477/2789/6 2368/2790/6
f 2473/2794/6 2476/2791/6 2477/2789/6
f 2472/2601/6 2475/2603/6 2476/2791/6
f 2471/2795/6 2474/2792/6 2367/2793/6
f 2470/2797/6 2473/2794/6 2474/2792/6
f 2469/2599/6 2472/2601/6 2473/2794/6
f 2468/2798/6 2471/2795/6 2366/2796/6
f 2467/2800/6 2470/2797/6 2471/2795/6
f 2466/2597/6 2469/2599/6 2470/2797/6
f 2465/2801/6 2468/2798/6 2365/2799/6
f 2464/2803/6 2467/2800/6 2468/2798/6
f 2463/2594/6 2466/2597/6 2467/2800/6
f 2455/2804/6 2465/2801/6 2364/2802/6
f 2454/2806/6 2464/2803/6 2465/2801/6
f 2453/2595/6 2463/2594/6 2464/2803/6
f 53/2807/9 2459/2810/11 2703/2808/2
f 2459/2810/11 3160/2812/12 2706/2811/2
f 3160/2812/12 2460/112/7 2709/114/2
f 2714/2813/1 2458/2817/1 50/2814/1
f 2717/2816/1 2457/2818/1 2458/2817/1
f 2720/111/1 2456/110/1 2457/2818/1
f 2377/136/1 2622/2820/1 2619/2819/1
f 2622/2820/1 2623/2822/1 2620/2821/1
f 2623/2822/1 2624/135/1 2621/2743/1
f 2376/2740/1 2619/2819/1 2616/2823/1
f 2619/2819/1 2620/2821/1 2617/2824/1
f 2620/2821/1 2621/2743/1 2618/2741/1
f 2375/2738/1 2616/2823/1 2534/2735/1
f 2616/2823/1 2617/2824/1 2533/2736/1
f 2617/2824/1 2618/2741/1 2532/143/1
f 2612/2825/2 2615/2829/2 2384/2826/2
f 2611/2828/2 2614/2830/2 2615/2829/2
f 2610/2739/2 2613/138/2 2614/2830/2
f 2609/2831/2 2612/2825/2 2385/2827/2
f 2608/2833/2 2611/2828/2 2612/2825/2
f 2607/2737/2 2610/2739/2 2611/2828/2
f 2535/2834/2 2609/2831/2 2386/2832/2
f 2536/2836/2 2608/2833/2 2609/2831/2
f 2537/140/2 2607/2737/2 2608/2833/2
f 2603/2837/3 2606/2839/3 2298/148/3
f 2602/2838/3 2605/2840/3 2606/2839/3
f 2601/2591/3 2604/141/3 2605/2840/3
f 2600/2841/3 2603/2837/3 2299/2537/3
f 2599/2842/3 2602/2838/3 2603/2837/3
f 2598/2589/3 2601/2591/3 2602/2838/3
f 2597/2843/3 2600/2841/3 2300/2535/3
f 2596/2844/3 2599/2842/3 2600/2841/3
f 2595/2587/3 2598/2589/3 2599/2842/3
f 2594/2845/3 2597/2843/3 2301/2533/3
f 2593/2846/3 2596/2844/3 2597/2843/3
f 2592/2585/3 2595/2587/3 2596/2844/3
f 2591/2847/3 2594/2845/3 2302/2531/3
f 2590/2848/3 2593/2846/3 2594/2845/3
f 2589/2583/3 2592/2585/3 2593/2846/3
f 2588/2849/3 2591/2847/3 2303/2529/3
f 2587/2850/3 2590/2848/3 2591/2847/3
f 2586/2581/3 2589/2583/3 2590/2848/3
f 2585/2851/3 2588/2849/3 2304/2527/3
f 2584/2852/3 2587/2850/3 2588/2849/3
f 2583/2579/3 2586/2581/3 2587/2850/3
f 2582/2853/3 2585/2851/3 2305/2525/3
f 2581/2854/3 2584/2852/3 2585/2851/3
f 2580/2577/3 2583/2579/3 2584/2852/3
f 2579/2855/3 2582/2853/3 2306/2523/3
f 2578/2856/3 2581/2854/3 2582/2853/3
f 2577/2575/3 2580/2577/3 2581/2854/3
f 2576/2857/3 2579/2855/3 2307/2521/3
f 2575/2858/3 2578/2856/3 2579/2855/3
f 2574/2572/3 2577/2575/3 2578/2856/3
f 2534/2859/3 2576/2857/3 2308/2519/3
f 2533/2860/3 2575/2858/3 2576/2857/3
f 2532/2573/3 2574/2572/3 2575/2858/3
f 2570/2861/5 2573/2863/5 2319/142/5
f 2569/2862/5 2572/2864/5 2573/2863/5
f 2568/2548/5 2571/147/5 2572/2864/5
f 2567/2865/5 2570/2861/5 2318/2570/5
f 2566/2866/5 2569/2862/5 2570/2861/5
f 2565/2547/5 2568/2548/5 2569/2862/5
f 2564/2867/5 2567/2865/5 2317/2568/5
f 2563/2868/5 2566/2866/5 2567/2865/5
f 2562/2546/5 2565/2547/5 2566/2866/5
f 2561/2869/5 2564/2867/5 2316/2566/5
f 2560/2870/5 2563/2868/5 2564/2867/5
f 2559/2545/5 2562/2546/5 2563/2868/5
f 2558/2871/5 2561/2869/5 2315/2564/5
f 2557/2872/5 2560/2870/5 2561/2869/5
f 2556/2544/5 2559/2545/5 2560/2870/5
f 2555/2873/5 2558/2871/5 2314/2562/5
f 2554/2874/5 2557/2872/5 2558/2871/5
f 2553/2543/5 2556/2544/5 2557/2872/5
f 2552/2875/5 2555/2873/5 2313/2560/5
f 2551/2876/5 2554/2874/5 2555/2873/5
f 2550/2542/5 2553/2543/5 2554/2874/5
f 2549/2877/5 2552/2875/5 2312/2558/5
f 2548/2878/5 2551/2876/5 2552/2875/5
f 2547/2541/5 2550/2542/5 2551/2876/5
f 2546/2879/5 2549/2877/5 2311/2556/5
f 2545/2880/5 2548/2878/5 2549/2877/5
f 2544/2540/5 2547/2541/5 2548/2878/5
f 2543/2881/5 2546/2879/5 2310/2554/5
f 2542/2882/5 2545/2880/5 2546/2879/5
f 2541/2538/5 2544/2540/5 2545/2880/5
f 2531/2883/5 2543/2881/5 2309/2552/5
f 2530/2884/5 2542/2882/5 2543/2881/5
f 2529/2539/5 2541/2538/5 2542/2882/5
f 2573/2863/5 2538/2885/5 70/2742/5
f 2572/2864/5 2539/2886/5 2538/2885/5
f 2571/147/5 2540/146/5 2539/2886/5
f 2606/2839/3 2535/2834/3 67/2835/3
f 2605/2840/3 2536/2836/3 2535/2834/3
f 2604/141/3 2537/140/3 2536/2836/3
f 2615/2829/2 2540/1635/2 69/1364/2
f 2614/2830/2 2539/1636/2 2540/1635/2
f 2613/138/2 2538/137/2 2539/1636/2
f 65/1637/1 2529/1638/1 2622/2820/1
f 2529/1638/1 2530/1639/1 2623/2822/1
f 2530/1639/1 2531/133/1 2624/135/1
f 2455/112/1 2718/2888/1 2715/2887/1
f 2718/2888/1 2719/2890/1 2716/2889/1
f 2719/2890/1 2720/111/1 2717/2816/1
f 2454/2812/1 2715/2887/1 2712/2891/1
f 2715/2887/1 2716/2889/1 2713/2892/1
f 2716/2889/1 2717/2816/1 2714/2813/1
f 2453/2810/1 2712/2891/1 2630/2893/1
f 2712/2891/1 2713/2892/1 2629/2894/1
f 2713/2892/1 2714/2813/1 2628/2815/1
f 2708/2895/2 2711/2899/2 2461/2896/13
f 2707/2898/2 2710/2900/2 2711/2899/2
f 2706/2811/2 2709/114/2 2710/2900/2
f 2705/2901/2 2708/2895/2 2462/2897/13
f 2704/2903/2 2707/2898/2 2708/2895/2
f 2703/2808/2 2706/2811/2 2707/2898/2
f 2631/2904/15 2705/2901/2 3159/2902/14
f 2632/2906/10 2704/2903/2 2705/2901/2
f 2633/2809/10 2703/2808/2 2704/2903/2
f 2699/2907/3 2702/2910/3 2342/2908/3
f 2698/2909/3 2701/2911/3 2702/2910/3
f 2697/2669/3 2700/2671/3 2701/2911/3
f 2696/2912/3 2699/2907/3 2343/2614/3
f 2695/2913/3 2698/2909/3 2699/2907/3
f 2694/2667/3 2697/2669/3 2698/2909/3
f 2693/2914/3 2696/2912/3 2344/2612/3
f 2692/2915/3 2695/2913/3 2696/2912/3
f 2691/2665/3 2694/2667/3 2695/2913/3
f 2690/2916/3 2693/2914/3 2345/2610/3
f 2689/2917/3 2692/2915/3 2693/2914/3
f 2688/2663/3 2691/2665/3 2692/2915/3
f 2687/2918/3 2690/2916/3 2346/2608/3
f 2686/2919/3 2689/2917/3 2690/2916/3
f 2685/2661/3 2688/2663/3 2689/2917/3
f 2684/2920/3 2687/2918/3 2347/2606/3
f 2683/2921/3 2686/2919/3 2687/2918/3
f 2682/2659/3 2685/2661/3 2686/2919/3
f 2681/2922/3 2684/2920/3 2348/2604/3
f 2680/2923/3 2683/2921/3 2684/2920/3
f 2679/2657/3 2682/2659/3 2683/2921/3
f 2678/2924/3 2681/2922/3 2349/2602/3
f 2677/2925/3 2680/2923/3 2681/2922/3
f 2676/2655/3 2679/2657/3 2680/2923/3
f 2675/2926/3 2678/2924/3 2350/2600/3
f 2674/2927/3 2677/2925/3 2678/2924/3
f 2673/2653/3 2676/2655/3 2677/2925/3
f 2672/2928/3 2675/2926/3 2351/2598/3
f 2671/2929/3 2674/2927/3 2675/2926/3
f 2670/2651/3 2673/2653/3 2674/2927/3
f 2630/2930/3 2672/2928/3 2352/2596/3
f 2629/2931/3 2671/2929/3 2672/2928/3
f 2628/119/3 2670/2651/3 2671/2929/3
f 2666/2932/5 2669/2935/5 2363/2933/5
f 2665/2934/5 2668/2936/5 2669/2935/5
f 2664/2626/5 2667/2627/5 2668/2936/5
f 2663/2937/5 2666/2932/5 2362/2648/5
f 2662/2938/5 2665/2934/5 2666/2932/5
f 2661/2625/5 2664/2626/5 2665/2934/5
f 2660/2939/5 2663/2937/5 2361/2646/5
f 2659/2940/5 2662/2938/5 2663/2937/5
f 2658/2624/5 2661/2625/5 2662/2938/5
f 2657/2941/5 2660/2939/5 2360/2644/5
f 2656/2942/5 2659/2940/5 2660/2939/5
f 2655/2623/5 2658/2624/5 2659/2940/5
f 2654/2943/5 2657/2941/5 2359/2642/5
f 2653/2944/5 2656/2942/5 2657/2941/5
f 2652/2622/5 2655/2623/5 2656/2942/5
f 2651/2945/5 2654/2943/5 2358/2640/5
f 2650/2946/5 2653/2944/5 2654/2943/5
f 2649/2621/5 2652/2622/5 2653/2944/5
f 2648/2947/5 2651/2945/5 2357/2638/5
f 2647/2948/5 2650/2946/5 2651/2945/5
f 2646/2620/5 2649/2621/5 2650/2946/5
f 2645/2949/5 2648/2947/5 2356/2636/5
f 2644/2950/5 2647/2948/5 2648/2947/5
f 2643/2619/5 2646/2620/5 2647/2948/5
f 2642/2951/5 2645/2949/5 2355/2634/5
f 2641/2952/5 2644/2950/5 2645/2949/5
f 2640/2618/5 2643/2619/5 2644/2950/5
f 2639/2953/5 2642/2951/5 2354/2632/5
f 2638/2954/5 2641/2952/5 2642/2951/5
f 2637/2616/5 2640/2618/5 2641/2952/5
f 2627/2955/5 2639/2953/5 2353/2630/5
f 2626/2956/5 2638/2954/5 2639/2953/5
f 2625/2617/5 2637/2616/5 2638/2954/5
f 2711/2899/2 2636/1769/18 54/1762/17
f 2710/2900/2 2635/1776/18 2636/1769/18
f 2709/114/2 2634/113/8 2635/1776/18
f 51/1789/1 2625/1941/1 2718/2888/1
f 2625/1941/1 2626/1948/1 2719/2890/1
f 2626/1948/1 2627/109/1 2720/111/1
f 71/2957/6 2742/2960/6 3073/2958/6
f 2742/2960/6 2741/2962/6 3076/2961/6
f 2741/2962/6 2740/2964/6 3079/2963/6
f 2740/2964/6 2739/2966/6 3082/2965/6
f 2739/2966/6 2738/2968/6 3085/2967/6
f 2738/2968/6 2737/2970/6 3088/2969/6
f 2737/2970/6 2736/2972/6 3091/2971/6
f 2736/2972/6 2735/2974/6 3094/2973/6
f 2735/2974/6 2734/2976/6 3097/2975/6
f 2734/2976/6 2733/2978/6 3100/2977/6
f 2733/2978/6 2732/166/6 3103/168/6
f 73/2729/5 2754/2726/5 2821/2979/5
f 2754/2726/5 2755/2723/5 2824/2981/5
f 2755/2723/5 2756/2720/5 2827/2982/5
f 2756/2720/5 2757/2717/5 2830/2983/5
f 2757/2717/5 2758/2714/5 2833/2984/5
f 2758/2714/5 2759/2711/5 2836/2985/5
f 2759/2711/5 2760/2708/5 2839/2986/5
f 2760/2708/5 2761/2705/5 2842/2987/5
f 2761/2705/5 2762/2702/5 2845/2988/5
f 2762/2702/5 2763/2697/5 2848/2989/5
f 2763/2697/5 2764/163/5 2851/165/5
f 74/2990/4 2743/2993/4 3106/2991/4
f 2743/2993/4 2744/2995/4 3109/2994/4
f 2744/2995/4 2745/2997/4 3112/2996/4
f 2745/2997/4 2746/2999/4 3115/2998/4
f 2746/2999/4 2747/3001/4 3118/3000/4
f 2747/3001/4 2748/3003/4 3121/3002/4
f 2748/3003/4 2749/3005/4 3124/3004/4
f 2749/3005/4 2750/3007/4 3127/3006/4
f 2750/3007/4 2751/3009/4 3130/3008/4
f 2751/3009/4 2752/3011/4 3133/3010/4
f 2752/3011/4 2753/160/4 3136/162/4
f 72/3012/3 2721/3015/3 2854/3013/3
f 2721/3015/3 2722/3017/3 2857/3016/3
f 2722/3017/3 2723/3019/3 2860/3018/3
f 2723/3019/3 2724/3021/3 2863/3020/3
f 2724/3021/3 2725/3023/3 2866/3022/3
f 2725/3023/3 2726/3025/3 2869/3024/3
f 2726/3025/3 2727/3027/3 2872/3026/3
f 2727/3027/3 2728/3029/3 2875/3028/3
f 2728/3029/3 2729/3031/3 2878/3030/3
f 2729/3031/3 2730/3033/3 2881/3032/3
f 2730/3033/3 2731/157/3 2884/159/3
f 55/3034/6 2786/3037/6 2977/3035/6
f 2786/3037/6 2785/3039/6 2980/3038/6
f 2785/3039/6 2784/3041/6 2983/3040/6
f 2784/3041/6 2783/3043/6 2986/3042/6
f 2783/3043/6 2782/3045/6 2989/3044/6
f 2782/3045/6 2781/3047/6 2992/3046/6
f 2781/3047/6 2780/3049/6 2995/3048/6
f 2780/3049/6 2779/3051/6 2998/3050/6
f 2779/3051/6 2778/3053/6 3001/3052/6
f 2778/3053/6 2777/3055/6 3004/3054/6
f 2777/3055/6 2776/130/6 3007/132/6
f 57/1500/5 2798/1497/5 2899/3056/5
f 2798/1497/5 2799/1494/5 2902/3058/5
f 2799/1494/5 2800/1491/5 2905/3059/5
f 2800/1491/5 2801/3061/5 2908/3060/5
f 2801/3061/5 2802/3063/5 2911/3062/5
f 2802/3063/5 2803/3065/5 2914/3064/5
f 2803/3065/5 2804/1479/5 2917/3066/5
f 2804/1479/5 2805/1476/5 2920/3067/5
f 2805/1476/5 2806/1473/5 2923/3068/5
f 2806/1473/5 2807/1468/5 2926/3069/5
f 2807/1468/5 2808/127/5 2929/129/5
f 58/3070/4 2787/3072/4 3010/3071/4
f 2787/3072/4 2788/3074/4 3013/3073/4
f 2788/3074/4 2789/3076/4 3016/3075/4
f 2789/3076/4 2790/3078/4 3019/3077/4
f 2790/3078/4 2791/3080/4 3022/3079/4
f 2791/3080/4 2792/3082/4 3025/3081/4
f 2792/3082/4 2793/3084/4 3028/3083/4
f 2793/3084/4 2794/3086/4 3031/3085/4
f 2794/3086/4 2795/3088/4 3034/3087/4
f 2795/3088/4 2796/3090/4 3037/3089/4
f 2796/3090/4 2797/124/4 3040/126/4
f 56/3091/3 2765/3093/3 2932/3092/3
f 2765/3093/3 2766/3095/3 2935/3094/3
f 2766/3095/3 2767/3097/3 2938/3096/3
f 2767/3097/3 2768/3099/3 2941/3098/3
f 2768/3099/3 2769/3101/3 2944/3100/3
f 2769/3101/3 2770/3103/3 2947/3102/3
f 2770/3103/3 2771/3105/3 2950/3104/3
f 2771/3105/3 2772/3107/3 2953/3106/3
f 2772/3107/3 2773/3109/3 2956/3108/3
f 2773/3109/3 2774/3111/3 2959/3110/3
f 2774/3111/3 2775/121/3 2962/123/3
f 2883/3112/3 2886/3114/3 2732/166/3
f 2882/3113/3 2885/3115/3 2886/3114/3
f 2881/3032/3 2884/159/3 2885/3115/3
f 2880/3116/3 2883/3112/3 2733/2978/3
f 2879/3117/3 2882/3113/3 2883/3112/3
f 2878/3030/3 2881/3032/3 2882/3113/3
f 2877/3118/3 2880/3116/3 2734/2976/3
f 2876/3119/3 2879/3117/3 2880/3116/3
f 2875/3028/3 2878/3030/3 2879/3117/3
f 2874/3120/3 2877/3118/3 2735/2974/3
f 2873/3121/3 2876/3119/3 2877/3118/3
f 2872/3026/3 2875/3028/3 2876/3119/3
f 2871/3122/3 2874/3120/3 2736/2972/3
f 2870/3123/3 2873/3121/3 2874/3120/3
f 2869/3024/3 2872/3026/3 2873/3121/3
f 2868/3124/3 2871/3122/3 2737/2970/3
f 2867/3125/3 2870/3123/3 2871/3122/3
f 2866/3022/3 2869/3024/3 2870/3123/3
f 2865/3126/3 2868/3124/3 2738/2968/3
f 2864/3127/3 2867/3125/3 2868/3124/3
f 2863/3020/3 2866/3022/3 2867/3125/3
f 2862/3128/3 2865/3126/3 2739/2966/3
f 2861/3129/3 2864/3127/3 2865/3126/3
f 2860/3018/3 2863/3020/3 2864/3127/3
f 2859/3130/3 2862/3128/3 2740/2964/3
f 2858/3131/3 2861/3129/3 2862/3128/3
f 2857/3016/3 2860/3018/3 2861/3129/3
f 2856/3132/3 2859/3130/3 2741/2962/3
f 2855/3133/3 2858/3131/3 2859/3130/3
f 2854/3013/3 2857/3016/3 2858/3131/3
f 2814/3134/3 2856/3132/3 2742/2960/3
f 2813/3135/3 2855/3133/3 2856/3132/3
f 2812/3014/3 2854/3013/3 2855/3133/3
f 2850/3136/5 2853/3138/5 2753/160/5
f 2849/3137/5 2852/3139/5 2853/3138/5
f 2848/2989/5 2851/165/5 2852/3139/5
f 2847/3140/5 2850/3136/5 2752/3011/5
f 2846/3141/5 2849/3137/5 2850/3136/5
f 2845/2988/5 2848/2989/5 2849/3137/5
f 2844/3142/5 2847/3140/5 2751/3009/5
f 2843/3143/5 2846/3141/5 2847/3140/5
f 2842/2987/5 2845/2988/5 2846/3141/5
f 2841/3144/5 2844/3142/5 2750/3007/5
f 2840/3145/5 2843/3143/5 2844/3142/5
f 2839/2986/5 2842/2987/5 2843/3143/5
f 2838/3146/5 2841/3144/5 2749/3005/5
f 2837/3147/5 2840/3145/5 2841/3144/5
f 2836/2985/5 2839/2986/5 2840/3145/5
f 2835/3148/5 2838/3146/5 2748/3003/5
f 2834/3149/5 2837/3147/5 2838/3146/5
f 2833/2984/5 2836/2985/5 2837/3147/5
f 2832/3150/5 2835/3148/5 2747/3001/5
f 2831/3151/5 2834/3149/5 2835/3148/5
f 2830/2983/5 2833/2984/5 2834/3149/5
f 2829/3152/5 2832/3150/5 2746/2999/5
f 2828/3153/5 2831/3151/5 2832/3150/5
f 2827/2982/5 2830/2983/5 2831/3151/5
f 2826/3154/5 2829/3152/5 2745/2997/5
f 2825/3155/5 2828/3153/5 2829/3152/5
f 2824/2981/5 2827/2982/5 2828/3153/5
f 2823/3156/5 2826/3154/5 2744/2995/5
f 2822/3157/5 2825/3155/5 2826/3154/5
f 2821/2979/5 2824/2981/5 2825/3155/5
f 2811/3158/5 2823/3156/5 2743/2993/5
f 2810/3159/5 2822/3157/5 2823/3156/5
f 2809/2980/5 2821/2979/5 2822/3157/5
f 2853/3138/5 2818/3161/5 78/3160/5
f 2852/3139/5 2819/3162/5 2818/3161/5
f 2851/165/5 2820/164/5 2819/3162/5
f 2886/3114/3 2815/3164/3 75/3163/3
f 2885/3115/3 2816/3165/3 2815/3164/3
f 2884/159/3 2817/158/3 2816/3165/3
f 3141/3166/2 2820/3169/2 77/3034/2
f 3144/3168/2 2819/3170/2 2820/3169/2
f 3147/156/2 2818/155/2 2819/3170/2
f 73/3091/1 2809/3172/1 3148/3171/1
f 2809/3172/1 2810/3174/1 3151/3173/1
f 2810/3174/1 2811/151/1 3154/153/1
f 2961/3175/3 2964/3177/3 2776/130/3
f 2960/3176/3 2963/3178/3 2964/3177/3
f 2959/3110/3 2962/123/3 2963/3178/3
f 2958/3179/3 2961/3175/3 2777/3055/3
f 2957/3180/3 2960/3176/3 2961/3175/3
f 2956/3108/3 2959/3110/3 2960/3176/3
f 2955/3181/3 2958/3179/3 2778/3053/3
f 2954/3182/3 2957/3180/3 2958/3179/3
f 2953/3106/3 2956/3108/3 2957/3180/3
f 2952/3183/3 2955/3181/3 2779/3051/3
f 2951/3184/3 2954/3182/3 2955/3181/3
f 2950/3104/3 2953/3106/3 2954/3182/3
f 2949/3185/3 2952/3183/3 2780/3049/3
f 2948/3186/3 2951/3184/3 2952/3183/3
f 2947/3102/3 2950/3104/3 2951/3184/3
f 2946/3187/3 2949/3185/3 2781/3047/3
f 2945/3188/3 2948/3186/3 2949/3185/3
f 2944/3100/3 2947/3102/3 2948/3186/3
f 2943/3189/3 2946/3187/3 2782/3045/3
f 2942/3190/3 2945/3188/3 2946/3187/3
f 2941/3098/3 2944/3100/3 2945/3188/3
f 2940/3191/3 2943/3189/3 2783/3043/3
f 2939/3192/3 2942/3190/3 2943/3189/3
f 2938/3096/3 2941/3098/3 2942/3190/3
f 2937/3193/3 2940/3191/3 2784/3041/3
f 2936/3194/3 2939/3192/3 2940/3191/3
f 2935/3094/3 2938/3096/3 2939/3192/3
f 2934/3195/3 2937/3193/3 2785/3039/3
f 2933/3196/3 2936/3194/3 2937/3193/3
f 2932/3092/3 2935/3094/3 2936/3194/3
f 2892/3169/3 2934/3195/3 2786/3037/3
f 2891/3170/3 2933/3196/3 2934/3195/3
f 2890/155/3 2932/3092/3 2933/3196/3
f 2928/3197/5 2931/3199/5 2797/124/5
f 2927/3198/5 2930/3200/5 2931/3199/5
f 2926/3069/5 2929/129/5 2930/3200/5
f 2925/3201/5 2928/3197/5 2796/3090/5
f 2924/3202/5 2927/3198/5 2928/3197/5
f 2923/3068/5 2926/3069/5 2927/3198/5
f 2922/3203/5 2925/3201/5 2795/3088/5
f 2921/3204/5 2924/3202/5 2925/3201/5
f 2920/3067/5 2923/3068/5 2924/3202/5
f 2919/3205/5 2922/3203/5 2794/3086/5
f 2918/3206/5 2921/3204/5 2922/3203/5
f 2917/3066/5 2920/3067/5 2921/3204/5
f 2916/3207/5 2919/3205/5 2793/3084/5
f 2915/3208/5 2918/3206/5 2919/3205/5
f 2914/3064/5 2917/3066/5 2918/3206/5
f 2913/3209/5 2916/3207/5 2792/3082/5
f 2912/3210/5 2915/3208/5 2916/3207/5
f 2911/3062/5 2914/3064/5 2915/3208/5
f 2910/3211/5 2913/3209/5 2791/3080/5
f 2909/3212/5 2912/3210/5 2913/3209/5
f 2908/3060/5 2911/3062/5 2912/3210/5
f 2907/3213/5 2910/3211/5 2790/3078/5
f 2906/3214/5 2909/3212/5 2910/3211/5
f 2905/3059/5 2908/3060/5 2909/3212/5
f 2904/3215/5 2907/3213/5 2789/3076/5
f 2903/3216/5 2906/3214/5 2907/3213/5
f 2902/3058/5 2905/3059/5 2906/3214/5
f 2901/3217/5 2904/3215/5 2788/3074/5
f 2900/3218/5 2903/3216/5 2904/3215/5
f 2899/3056/5 2902/3058/5 2903/3216/5
f 2889/3219/5 2901/3217/5 2787/3072/5
f 2888/3220/5 2900/3218/5 2901/3217/5
f 2887/3057/5 2899/3056/5 2900/3218/5
f 2931/3199/5 2896/3222/5 62/3221/5
f 2930/3200/5 2897/3223/5 2896/3222/5
f 2929/129/5 2898/128/5 2897/3223/5
f 2964/3177/3 2893/3225/3 59/3224/3
f 2963/3178/3 2894/3226/3 2893/3225/3
f 2962/123/3 2895/122/3 2894/3226/3
f 3045/3227/2 2898/2930/2 61/2593/2
f 3048/3229/2 2897/2931/2 2898/2930/2
f 3051/120/2 2896/119/2 2897/2931/2
f 57/2650/1 2887/2769/1 3052/3230/1
f 2887/2769/1 2888/2770/1 3055/3231/1
f 2888/2770/1 2889/115/1 3058/117/1
f 3057/3232/1 3060/3235/1 2890/125/1
f 3056/3234/1 3059/3236/1 3060/3235/1
f 3055/3231/1 3058/117/1 3059/3236/1
f 3054/3237/1 3057/3232/1 2891/3233/1
f 3053/3239/1 3056/3234/1 3057/3232/1
f 3052/3230/1 3055/3231/1 3056/3234/1
f 2965/3240/1 3054/3237/1 2892/3238/1
f 2965/3240/1 2966/3242/1 3053/3239/1
f 2967/118/1 3052/3230/1 3053/3239/1
f 2895/122/2 3049/3244/2 3046/3243/2
f 3049/3244/2 3050/3246/2 3047/3245/2
f 3050/3246/2 3051/120/2 3048/3229/2
f 2894/3226/2 3046/3243/2 3043/3247/2
f 3046/3243/2 3047/3245/2 3044/3248/2
f 3047/3245/2 3048/3229/2 3045/3227/2
f 2893/3225/2 3043/3247/2 2976/3249/2
f 3043/3247/2 3044/3248/2 2975/3250/2
f 3044/3248/2 3045/3227/2 2974/3228/2
f 3039/3251/4 3042/3253/4 2775/121/4
f 3038/3252/4 3041/3254/4 3042/3253/4
f 3037/3089/4 3040/126/4 3041/3254/4
f 3036/3255/4 3039/3251/4 2774/3111/4
f 3035/3256/4 3038/3252/4 3039/3251/4
f 3034/3087/4 3037/3089/4 3038/3252/4
f 3033/3257/4 3036/3255/4 2773/3109/4
f 3032/3258/4 3035/3256/4 3036/3255/4
f 3031/3085/4 3034/3087/4 3035/3256/4
f 3030/3259/4 3033/3257/4 2772/3107/4
f 3029/3260/4 3032/3258/4 3033/3257/4
f 3028/3083/4 3031/3085/4 3032/3258/4
f 3027/3261/4 3030/3259/4 2771/3105/4
f 3026/3262/4 3029/3260/4 3030/3259/4
f 3025/3081/4 3028/3083/4 3029/3260/4
f 3024/3263/4 3027/3261/4 2770/3103/4
f 3023/3264/4 3026/3262/4 3027/3261/4
f 3022/3079/4 3025/3081/4 3026/3262/4
f 3021/3265/4 3024/3263/4 2769/3101/4
f 3020/3266/4 3023/3264/4 3024/3263/4
f 3019/3077/4 3022/3079/4 3023/3264/4
f 3018/3267/4 3021/3265/4 2768/3099/4
f 3017/3268/4 3020/3266/4 3021/3265/4
f 3016/3075/4 3019/3077/4 3020/3266/4
f 3015/3269/4 3018/3267/4 2767/3097/4
f 3014/3270/4 3017/3268/4 3018/3267/4
f 3013/3073/4 3016/3075/4 3017/3268/4
f 3012/3271/4 3015/3269/4 2766/3095/4
f 3011/3272/4 3014/3270/4 3015/3269/4
f 3010/3071/4 3013/3073/4 3014/3270/4
f 2970/3172/4 3012/3271/4 2765/3093/4
f 2969/3174/4 3011/3272/4 3012/3271/4
f 2968/151/4 3010/3071/4 3011/3272/4
f 3006/3273/6 3009/3277/6 2808/3274/6
f 3005/3276/6 3008/3278/6 3009/3277/6
f 3005/3276/6 3004/3054/6 3007/132/6
f 3003/3279/6 3006/3273/6 2807/3275/6
f 3002/3281/6 3005/3276/6 3006/3273/6
f 3002/3281/6 3001/3052/6 3004/3054/6
f 3000/3282/6 3003/3279/6 2806/3280/6
f 2999/3284/6 3002/3281/6 3003/3279/6
f 2998/3050/6 3001/3052/6 3002/3281/6
f 2804/3285/6 2997/3287/6 3000/3282/6
f 2996/3286/6 2999/3284/6 3000/3282/6
f 2995/3048/6 2998/3050/6 2999/3284/6
f 2994/3288/6 2997/3287/6 2804/3285/6
f 2993/3290/6 2996/3286/6 2997/3287/6
f 2992/3046/6 2995/3048/6 2996/3286/6
f 2991/3291/6 2994/3288/6 2803/3289/6
f 2991/3291/6 2990/3293/6 2993/3290/6
f 2989/3044/6 2992/3046/6 2993/3290/6
f 2801/3294/6 2988/3296/6 2991/3291/6
f 2987/3295/6 2990/3293/6 2991/3291/6
f 2986/3042/6 2989/3044/6 2990/3293/6
f 2800/3297/6 2985/3298/6 2988/3296/6
f 2985/3298/6 2984/3299/6 2987/3295/6
f 2983/3040/6 2986/3042/6 2987/3295/6
f 2799/3300/6 2982/3301/6 2985/3298/6
f 2982/3301/6 2981/3302/6 2984/3299/6
f 2980/3038/6 2983/3040/6 2984/3299/6
f 2798/3303/6 2979/3305/6 2982/3301/6
f 2978/3304/6 2981/3302/6 2982/3301/6
f 2977/3035/6 2980/3038/6 2981/3302/6
f 2967/3306/6 2979/3305/6 2798/3303/6
f 2966/3308/6 2978/3304/6 2979/3305/6
f 2965/3036/6 2977/3035/6 2978/3304/6
f 3009/3277/6 2974/3310/6 61/3309/6
f 3008/3278/6 2975/3311/6 2974/3310/6
f 3007/132/6 2976/131/6 2975/3311/6
f 3042/3253/4 2971/3238/4 60/3241/4
f 3041/3254/4 2972/3233/4 2971/3238/4
f 3040/126/4 2973/125/4 2972/3233/4
f 60/3241/2 2971/3240/2 3049/3244/2
f 2971/3240/2 2972/3242/2 3050/3246/2
f 2972/3242/2 2973/118/2 3051/120/2
f 3060/3235/1 2970/3312/1 56/3221/1
f 3059/3236/1 2969/3313/1 2970/3312/1
f 3058/117/1 2968/116/1 2969/3313/1
f 3153/3314/1 3156/3317/1 2812/161/1
f 3152/3316/1 3155/3318/1 3156/3317/1
f 3151/3173/1 3154/153/1 3155/3318/1
f 3150/3319/1 3153/3314/1 2813/3315/1
f 3149/3321/1 3152/3316/1 3153/3314/1
f 3148/3171/1 3151/3173/1 3152/3316/1
f 3061/3322/1 3150/3319/1 2814/3320/1
f 3061/3322/1 3062/3324/1 3149/3321/1
f 3063/154/1 3148/3171/1 3149/3321/1
f 2817/158/2 3145/3326/2 3142/3325/2
f 3145/3326/2 3146/3328/2 3143/3327/2
f 3146/3328/2 3147/156/2 3144/3168/2
f 2816/3165/2 3142/3325/2 3139/3329/2
f 3142/3325/2 3143/3327/2 3140/3330/2
f 3143/3327/2 3144/3168/2 3141/3166/2
f 2815/3164/2 3139/3329/2 3072/3331/2
f 3139/3329/2 3140/3330/2 3071/3332/2
f 3140/3330/2 3141/3166/2 3070/3167/2
f 3135/3333/4 3138/3335/4 2731/157/4
f 3134/3334/4 3137/3336/4 3138/3335/4
f 3133/3010/4 3136/162/4 3137/3336/4
f 3132/3337/4 3135/3333/4 2730/3033/4
f 3131/3338/4 3134/3334/4 3135/3333/4
f 3130/3008/4 3133/3010/4 3134/3334/4
f 3129/3339/4 3132/3337/4 2729/3031/4
f 3128/3340/4 3131/3338/4 3132/3337/4
f 3127/3006/4 3130/3008/4 3131/3338/4
f 3126/3341/4 3129/3339/4 2728/3029/4
f 3125/3342/4 3128/3340/4 3129/3339/4
f 3124/3004/4 3127/3006/4 3128/3340/4
f 3123/3343/4 3126/3341/4 2727/3027/4
f 3122/3344/4 3125/3342/4 3126/3341/4
f 3121/3002/4 3124/3004/4 3125/3342/4
f 3120/3345/4 3123/3343/4 2726/3025/4
f 3119/3346/4 3122/3344/4 3123/3343/4
f 3118/3000/4 3121/3002/4 3122/3344/4
f 3117/3347/4 3120/3345/4 2725/3023/4
f 3116/3348/4 3119/3346/4 3120/3345/4
f 3115/2998/4 3118/3000/4 3119/3346/4
f 3114/3349/4 3117/3347/4 2724/3021/4
f 3113/3350/4 3116/3348/4 3117/3347/4
f 3112/2996/4 3115/2998/4 3116/3348/4
f 3111/3351/4 3114/3349/4 2723/3019/4
f 3110/3352/4 3113/3350/4 3114/3349/4
f 3109/2994/4 3112/2996/4 3113/3350/4
f 3108/3353/4 3111/3351/4 2722/3017/4
f 3107/3354/4 3110/3352/4 3111/3351/4
f 3106/2991/4 3109/2994/4 3110/3352/4
f 3066/3355/4 3108/3353/4 2721/3015/4
f 3065/3356/4 3107/3354/4 3108/3353/4
f 3064/2992/4 3106/2991/4 3107/3354/4
f 3102/3357/6 3105/3361/6 2764/3358/6
f 3101/3360/6 3104/3362/6 3105/3361/6
f 3101/3360/6 3100/2977/6 3103/168/6
f 3099/3363/6 3102/3357/6 2763/3359/6
f 3098/3365/6 3101/3360/6 3102/3357/6
f 3098/3365/6 3097/2975/6 3100/2977/6
f 3096/3366/6 3099/3363/6 2762/3364/6
f 3095/3368/6 3098/3365/6 3099/3363/6
f 3094/2973/6 3097/2975/6 3098/3365/6
f 2760/3369/6 3093/3371/6 3096/3366/6
f 3092/3370/6 3095/3368/6 3096/3366/6
f 3091/2971/6 3094/2973/6 3095/3368/6
f 3090/3372/6 3093/3371/6 2760/3369/6
f 3089/3374/6 3092/3370/6 3093/3371/6
f 3088/2969/6 3091/2971/6 3092/3370/6
f 3087/3375/6 3090/3372/6 2759/3373/6
f 3087/3375/6 3086/3377/6 3089/3374/6
f 3085/2967/6 3088/2969/6 3089/3374/6
f 2757/3378/6 3084/3380/6 3087/3375/6
f 3083/3379/6 3086/3377/6 3087/3375/6
f 3082/2965/6 3085/2967/6 3086/3377/6
f 2756/3381/6 3081/3382/6 3084/3380/6
f 3081/3382/6 3080/3383/6 3083/3379/6
f 3079/2963/6 3082/2965/6 3083/3379/6
f 2755/3384/6 3078/3385/6 3081/3382/6
f 3078/3385/6 3077/3386/6 3080/3383/6
f 3076/2961/6 3079/2963/6 3080/3383/6
f 2754/3387/6 3075/3389/6 3078/3385/6
f 3074/3388/6 3077/3386/6 3078/3385/6
f 3073/2958/6 3076/2961/6 3077/3386/6
f 3063/3390/6 3075/3389/6 2754/3387/6
f 3062/3392/6 3074/3388/6 3075/3389/6
f 3061/2959/6 3073/2958/6 3074/3388/6
f 3105/3361/6 3070/3394/6 77/3393/6
f 3104/3362/6 3071/3395/6 3070/3394/6
f 3103/168/6 3072/167/6 3071/3395/6
f 3138/3335/4 3067/3320/4 76/3323/4
f 3137/3336/4 3068/3315/4 3067/3320/4
f 3136/162/4 3069/161/4 3068/3315/4
f 76/3323/2 3067/3322/2 3145/3326/2
f 3067/3322/2 3068/3324/2 3146/3328/2
f 3068/3324/2 3069/154/2 3147/156/2
f 3156/3317/1 3066/3396/1 72/3160/1
f 3155/3318/1 3065/3397/1 3066/3396/1
f 3154/153/1 3064/152/1 3065/3397/1
f 2341/2747/3 53/2807/33 2633/2809/19
f 2527/2750/4 3160/2894/29 2459/2893/20
f 2494/2776/6 2462/3404/21 2461/3398/21
f 2700/2671/3 2633/2809/19 2632/2906/19
f 2701/2911/3 2632/2906/19 2631/2904/22
f 2528/2749/4 2459/2893/20 53/2807/23
f 2495/2775/6 2461/3398/21 54/3399/24
f 2374/1289/5 54/1359/34 2636/3400/25
f 2667/2627/5 2636/3400/25 2635/3401/25
f 2363/2933/4 3158/2814/35 2460/2815/26
f 2342/2908/6 3157/2905/36 3159/3402/27
f 2668/2936/5 2635/3401/25 2634/3403/28
f 2526/2649/4 2460/2815/26 3160/2894/29
f 2702/2910/3 2631/2904/22 3157/2905/30
f 2493/2615/6 3159/3402/27 2462/3404/21
f 2669/2935/5 2634/3403/28 3158/2814/31
